"id","claim","title","abstract","doi","verdict","note","reviewer","date"
"79a36e01","Economic instruments that may be harmful to nature include subsidies, financial transfers, subsidized credit, tax abatements, and prices for commodities and industrial goods that hide environmental and social costs. Such instruments favour unsustainable production and, as a consequence, can promote deforestation, overfishing, urban sprawl, and wasteful uses of water. In 2015, agricultural support potentially harmful to nature amounted to $100 billion in countries belonging to the Organization for Economic Cooperation and Development, although some subsidy reforms to reduce unsustainable pesticide uses and adjust several other consequential development practices have been introduced","1. L'importance de l'investissement dans l'éducation pour la croissance","Article disponible en ligne à l'adresse https://shs.cairn.info/revue","https://doi.org/10.3917/rce.012.0025","","","",""
"04f3a02b","Population declines often give warning that a species' risk of extinction is increasing. The Living Planet Index, which synthesises trends in vertebrate populations, shows that species have declined rapidly since 1970, with reductions of 40 per cent for terrestrial species, 84 per cent for freshwater species and 35 per cent for marine species","Evaluating the effectiveness of conservation measures for European grassland‐breeding waders","Farmland birds are among the most threatened bird species in Europe, largely as a result of agricultural intensification which has driven widespread biodiversity losses. Breeding waders associated with grassland and arable habitats are particularly vulnerable and a frequent focus of agri-environment schemes (AES) designed to halt and reverse population declines. We review existing literature, providing a quantitative assessment of the effectiveness of policy and management interventions used throughout Europe to improve population and demographic metrics of grassland-breeding waders. Targeted AES and site protection measures were more likely to be effective than less targeted AES and were ten times more likely to be effective than would be expected by chance, particularly for population trend and productivity metrics. Positive effects of AES and site protection did not appear synergistic. Management interventions which had the greatest chance of increasing population growth or productivity included modification of mowing regimes, increasing wet conditions, and the use of nest protection. Success rates varied according to the species and metric being evaluated. None of the policy or management interventions we evaluated were associated with a significant risk of negative impacts on breeding waders. Our findings support the use of agri-environment schemes, site protection, and management measures for grassland-breeding wader conservation in Europe. Due to publication bias, our findings are most applicable to intensively managed agricultural landscapes. More studies are needed to identify measures that increase chick survival. Despite broadly effective conservation measures already in use, grassland-breeding waders in Europe continue to decline. More research is needed to improve the likelihood and magnitude of positive outcomes, coupled with wider implementation of effective measures to substantially increase favorable land management for these species.","https://doi.org/10.1002/ece3.4532","","","",""
"7d898678","On land, wild species that are endemic (narrowly distributed) have typically seen larger-than-average changes to their habitats and shown faster-than-average declines","Synchronous long‐term trends in abundance and compositional variability of butterflies in Central Europe","Abstract Annual insect abundances are determined by short‐term population fluctuations and long‐term trends in community composition. Any assessment of this temporal variability needs long‐term quantitative data on abundances. Here we use museum data (1940–2017) of butterflies and burnet moths from southwestern Germany and central Austria comprising 220,758 records from 155 species, and 55,641 records from 170 species, respectively. We ask whether population fluctuations and long‐term population trends are spatially synchronized across larger spatial distances (>300 km) according to the Moran effect, and whether common trends in community composition and stability exist? Population fluctuations of 85.5% of species jointly occurring in both study regions were positively correlated (mean r = 0.30 ± 0.03). Comparing different time windows, we found different sets of species being in spatial synchrony reflecting temporal changes in butterfly community composition. Mesophilic, habitat generalist, and dispersive species were significantly more synchronized than xerothermophilic, habitat specialist, and sedentary species. Long‐distance travelers were particularly synchronized. In both study regions, species rank orders became less even with time. Stability in community composition increased with time with an ongoing trend to faunal homogenization, but not to species loss. Our study points to global and not to local drivers behind trends in butterfly population fluctuations and compositional stability, in the present case to altered land use and urbanization as major drivers toward synchrony and homogenization. Finally, our data have implications for conservation strategies as they strongly indicate that natural landscape structures are associated with higher faunal compositional variability in comparison to agricultural and urban landscapes.","https://doi.org/10.1002/ecs2.4615","","","",""
"7c95c2c0","Climate change alone is projected to decrease ocean net primary production by between 3 and 10 per cent, and fish biomass by between 3 and 25 per cent (in low and high warming scenarios, respectively) by the end of the century","Sensitivity of boreal-summer circulation and precipitation to atmospheric aerosols in selected regions – Part 1: Africa and India","Abstract. Version-4 of the Goddard Earth Observing System (GEOS-4) General Circulation Model (GCM) was employed to assess the influence of potential changes in aerosols on the regional circulation, ambient temperatures, and precipitation in four selected regions: India and Africa (current paper), as well as North and South America (companion paper). Ensemble-simulations were carried out with the GCM to assess the aerosol direct and indirect effects, hereafter ADE and AIE. Each simulation was started from the NCEP-analyzed initial conditions for 1 May and was integrated through May-June-July-August of each year: 1982–1987 to provide an ensemble set of six simulations. In the first set, called experiment (#1), climatological aerosols were prescribed. The next two experiments (#2 and #3) had two sets of simulations each: one with 2X and other with 1/2X the climatological aerosols over each of the four selected regions. In experiment #2, the anomaly regions were advectively restricted (AR), i.e., the large-scale prognostic fields outside the aerosol anomaly regions were prescribed while in experiment #3, the anomaly regions were advectively Interactive (AI) as is the case in a normal GCM integrations, but with the same aerosols anomalies as in experiment #2. Intercomparisons of circulation, diabatic heating, and precipitation difference fields showed large disparities among the AR and AI simulations, which raised serious questions about the proverbial AR assumption, commonly invoked in regional climate simulation studies. Consequently AI simulation mode was chosen for the subsequent studies. Two more experiments (#4 and #5) were performed in the AI mode in which ADE and AIE were activated one at a time. The results showed that ADE and AIE work in concert to make the joint influences larger than sum of each acting alone. Moreover, the ADE and AIE influences were vastly different for the Indian and Africa regions, which suggest an imperative need to include them rationally in climate models. We also found that the aerosol induced increase of tropical cirrus clouds would potentially offset any cirrus thinning that may occur due to warming in response to CO2 increase.","https://doi.org/10.5194/angeo-27-3989-2009","","","",""
"548063d7","Nature provides a broad diversity of nutritious foods, medicines and clean water","Peer Review #2 of ""Hairiness: the missing link between pollinators and pollination (v0.1)""","Background.Functional traits are the primary biotic component driving organism influence on ecosystem functions; in consequence, traits are widely used in ecological research.However, most animal trait-based studies use easy-to-measure characteristics of species that are at best only weakly associated with functions.Animal-mediated pollination is a key ecosystem function and is likely to be influenced by pollinator traits, but to date no one has identified functional traits that are simple to measure and have good predictive power.Methods.Here, we show that a simple, easy to measure trait (hairiness) can predict pollinator effectiveness with high accuracy.We used a novel image analysis method to calculate entropy values for insect body surfaces as a measure of hairiness.We evaluated the power of our method for predicting pollinator effectiveness by regressing pollinator hairiness (entropy) against single visit pollen deposition (SVD) and pollen loads on insects.We used linear models and AIC C model selection to determine which body regions were the best predictors of SVD and pollen load.Results.We found that hairiness can be used as a robust proxy of SVD.The best models for predicting SVD for the flower species Brassica rapa and Actinidia deliciosa were hairiness on the face and thorax as predictors (R 2 = 0.98 and 0.91 respectively).The best model for predicting pollen load for B. rapa was hairiness on the face (R 2 = 0.81).Discussion.We suggest that the match between pollinator body region hairiness and plant reproductive structure morphology is a powerful predictor of pollinator effectiveness.We show that pollinator hairiness is strongly linked to pollination -an important ecosystem function, and provide a rigorous and timeefficient method for measuring hairiness.Identifying and accurately measuring key traits that drive ecosystem processes is critical as global change increasingly alters ecological communities, and subsequently, ecosystem functions worldwide.","https://doi.org/10.7287/peerj.2779v0.1/reviews/2","","","",""
"db24f4af","Economic instruments that may be harmful to nature include subsidies, financial transfers, subsidized credit, tax abatements, and prices for commodities and industrial goods that hide environmental and social costs. Such instruments favour unsustainable production and, as a consequence, can promote deforestation, overfishing, urban sprawl, and wasteful uses of water. In 2015, agricultural support potentially harmful to nature amounted to $100 billion in countries belonging to the Organization for Economic Cooperation and Development, although some subsidy reforms to reduce unsustainable pesticide uses and adjust several other consequential development practices have been introduced","Collaborative Governance","'Collaborative Governance' published in 'International Encyclopedia of Civil Society'","https://doi.org/10.1007/978-3-319-99675-2_9519-1","","","",""
"cf12f406","Economic instruments that may be harmful to nature include subsidies, financial transfers, subsidized credit, tax abatements, and prices for commodities and industrial goods that hide environmental and social costs. Such instruments favour unsustainable production and, as a consequence, can promote deforestation, overfishing, urban sprawl, and wasteful uses of water. In 2015, agricultural support potentially harmful to nature amounted to $100 billion in countries belonging to the Organization for Economic Cooperation and Development, although some subsidy reforms to reduce unsustainable pesticide uses and adjust several other consequential development practices have been introduced","The Enduring Fantasy of “Feeding the World”","Members of the Agroecology Research-Action Collective argue against the productivist logic underlying the ""feed-the-world"" approaches to feed security.","https://doi.org/10.63478/fplcw9hy","","","",""
"893cb94a","In contrast, substantial increases in food, feed, timber and bioenergy production are predicted in most scenarios","Quantifying immediate radiative forcing by black carbon and organic matter with the Specific Forcing Pulse","Abstract. We propose a measure to quantify climate warming or cooling by pollutants with atmospheric lifetimes of less than one year: the Specific Forcing Pulse (SFP). SFP is the amount of energy added to the Earth system per mass of pollutant emitted. Global average SFP for black carbon, including atmosphere and cryosphere, is 1.12 GJ g−1 and that for organic matter is −0.061 GJ g−1. We provide regional values for black carbon (BC) and organic matter (OM) emitted from 23 source-region combinations, divided between atmosphere and cryosphere impacts and identifying forcing by latitude. Regional SFP varies by about 40% for black carbon. This variation is relatively small because of compensating effects; particles from regions that affect ice albedo typically have shorter atmospheric lifetimes because of lower convection. The ratio between BC and OM SFP implies that, for direct forcing, an OM:BC mass ratio of 15 has a neutral effect on top-of-atmosphere direct forcing for any region, and any lower ratio induces direct warming. However, important processes, particularly cloud changes that tend toward cooling, have not been included here. We demonstrate ensemble adjustment, in which we produce a ""best estimate"" by combining a suite of diverse but simple models and enhanced models of greater complexity. Adjustments for black carbon internal mixing and for regional variability are discussed; regions with convection are implicated in greater model diversity. SFP expresses scientific uncertainty and separates it from policy uncertainty; the latter is caused by disagreements about the relevant time horizon, impact, or spatial scale of interest. However, metrics used in policy discussions, such as global warming potentials, are easily derived from SFP. Global-average SFP for biofuel and fossil fuel emissions translates to a 100-year GWP of about 760 for black carbon and −40 for organic matter when snow forcing is included. Ensemble-adjusted estimates of atmospheric radiative impact by black and organic matter using year 2000 emissions are +0.46 W m−2 and −0.17 W m−2, respectively; anthropogenic forcing is +0.38 W m−2 and −0.12 W m−2. The black carbon value is only 11% higher than that of the Intergovernmental Panel on Climate Change (IPCC), although this value includes enhanced absorption due to internal mixing.","https://doi.org/10.5194/acpd-10-15713-2010","","","",""
"186b6bbe","Climate change alone is projected to decrease ocean net primary production by between 3 and 10 per cent, and fish biomass by between 3 and 25 per cent (in low and high warming scenarios, respectively) by the end of the century","North‐South asymmetry in the modeled phytoplankton community response to climate change over the 21st century","Abstract Here we analyze the impact of projected climate change on plankton ecology in all major ocean biomes over the 21st century, using a multidecade (1880–2090) experiment conducted with the Community Climate System Model (CCSM‐3.1) coupled ocean‐atmosphere‐land‐sea ice model. The climate response differs fundamentally in the Northern and Southern Hemispheres for diatom and small phytoplankton biomass and consequently for total biomass, primary, and export production. Increasing vertical stratification in the Northern Hemisphere oceans decreases the nutrient supply to the ocean surface. Resulting decreases in diatom and small phytoplankton biomass together with a relative shift from diatoms to small phytoplankton in the Northern Hemisphere result in decreases in the total primary and export production and export ratio, and a shift to a more oligotrophic, more efficiently recycled, lower biomass euphotic layer. By contrast, temperature and stratification increases are smaller in the Southern compared to the Northern Hemisphere. Additionally, a southward shift and increase in strength of the Southern Ocean westerlies act against increasing temperature and freshwater fluxes to destratify the water‐column. The wind‐driven, poleward shift in the Southern Ocean subpolar‐subtropical boundary results in a poleward shift and increase in the frontal diatom bloom. This boundary shift, localized increases in iron supply, and the direct impact of warming temperatures on phytoplankton growth result in diatom increases in the Southern Hemisphere. An increase in diatoms and decrease in small phytoplankton partly compensate such that while total production and the efficiency of organic matter export to the deep ocean increase, total Southern Hemisphere biomass does not change substantially. The impact of ecological shifts on the global carbon cycle is complex and varies across ecological biomes, with Northern and Southern Hemisphere effects on the biological production and export partially compensating. The net result of climate change is a small Northern Hemisphere‐driven decrease in total primary production and efficiency of organic matter export to the deep ocean.","https://doi.org/10.1002/2013gb004599","","","",""
"55fcef37","Economic instruments that may be harmful to nature include subsidies, financial transfers, subsidized credit, tax abatements, and prices for commodities and industrial goods that hide environmental and social costs. Such instruments favour unsustainable production and, as a consequence, can promote deforestation, overfishing, urban sprawl, and wasteful uses of water. In 2015, agricultural support potentially harmful to nature amounted to $100 billion in countries belonging to the Organization for Economic Cooperation and Development, although some subsidy reforms to reduce unsustainable pesticide uses and adjust several other consequential development practices have been introduced","PANGAS: An Interdisciplinary Ecosystem-Based Research Framework for Small-Scale Fisheries in the Northern Gulf of California","This paper is dedicated to the memory of Miguel Fernando Lavín (1951-2014), a pioneer of the PANGAS initiative who dedicated his life to advance the field of oceanography in Mexico.He was a visionary who connected oceanographers, marine conservationists, and fisheries managers. IntroductIonSmall-scale fisheries contribute about half of global fish catches, or two-thirds when considering catches destined for direct human consumption (FAO 2014).Small-scale fisheries play an important role in food security and nutrition, poverty alleviation, equitable development, and sustainable use of natural resources, providing nutritious food for local, national, and international markets.More than 90% of the world's fishers and fish workers (those who work in pre-harvest, harvest, and post-harvest activities, including trade) are employed by small-scale endeavors that underpin local economies in coastal, lakeshore, and riparian ecosystems.This, in turn, generates multiplier economic effects in other sectors (FAO 2014).These activities may be a recurrent sideline undertaking or become especially important in times of financial difficulty.Small-scale fisheries represent a diverse and dynamic sector, often Journal of the Southwest 57, 2-3 (Summer-Autumn 2015) : 337-390","https://doi.org/10.1353/jsw.2015.0003","","","",""
"448cce1e","Nature provides a broad diversity of nutritious foods, medicines and clean water","First Large-Scale Eastern Mediterranean and Black Sea Stock Assessment Reveals a Dramatic Decline","The Mediterranean Sea is classified as a “data-poor” region in fisheries due to its low number of assessed stocks given its biodiversity and number of exploited species. In this study, the CMSY method was applied to assess the status and exploitation levels of 54 commercial fish and invertebrate stocks belonging to 34 species fished by Turkish fleets in the Eastern Mediterranean (Levantine) and Black Seas, by using catch data and resilience indices. Most of these marine taxa currently lack formal stock assessments. The CMSY method uses a surplus production model (SPM), based on official catch statistics and an abundance index derived from scientific surveys. The SPM estimates maximum sustainable yield (MSY), fishing mortality (F), biomass (B), fishing mortality to achieve sustainable catches (Fmsy), and the biomass to support sustainable catches (Bmsy). Our results show the estimated biomass values for 94% of the stocks were lower than the required amount to support sustainable fisheries (Bmsy). Of the 54 stocks, 85% of them can be deemed as overfished; two stocks were not subject to overfishing (Sardina pilchardus and Trachurus mediterraneus in the Marmara Sea) while only one stock (Sprattus sprattus in the Black Sea) is healthy and capable of producing MSY. Annual values of the stock status indicators, F/Fmsy and B/Bmsy, had opposing trends in all regions, suggesting higher stock biomasses could only be achieved if fishing mortality is drastically reduced. Recovery times and levels were then explored under four varying F/Fmsy scenarios. Under the best-case scenario (i.e., F = 0.5Fmsy), over 60% of the stocks could be rebuilt by 2032. By contrast, if normal fishing practices continue as usual, all stocks will soon be depleted [if not already] (F = 0.95Fmsy), whose recover may be impossible at later dates. The results of this study are supported by previous regional assessments confirming the overexploitation of Turkish fisheries is driving the near-total collapse of these marine wild fisheries. Hence, the need to urgently rebuild Turkey’s marine fisheries ought to be prioritized to ensure their future viability.","https://doi.org/10.3389/fmars.2020.00103","","","",""
"3e9bb0bb","Cross-sectoral approaches, including landscape approaches, integrated watershed and coastal zone management, marine spatial planning, bioregional scale planning for energy, and new urban planning paradigms offer opportunities to reconcile multiple interests, values and forms of resource use, provided that these cross-sectoral approaches recognize trade-offs and uneven power relations between stakeholders","How Are Land-Use Multi-stakeholder Fora Affected by Their Contexts?","Multi-stakeholder mechanisms have been touted as a more democratic and equitable alternative to forest and land use decision-making. It has been argued that these processes do not address power relations and thus maintain the status quo. In this chapter, we examine eight Multi-stakeholder fora in the Peruvian Amazon, half of which have been set up in the Madre de Dios region, and the other half in the San Martin region, both in the Peruvian Amazon. These regions represent two different poles of development paradigms in Peru. While the chapter does not provide a definitive answer around whether multi-stakeholder processes can address power inequalities, three preliminary ideal types are used to analyze these mechanisms, drawn from a realist synthesis review of the literature: decision-making, management and influence. This chapter illuminates how multi-stakeholder fora are affected by their contexts, as well as their process and outcomes.","https://doi.org/10.1017/9781108684439.011","","","",""
"5def04c6","Nature provides a broad diversity of nutritious foods, medicines and clean water","Local atmospheric pollution driven by traffic sources, with limited benefits from tree canopy sinks","Abstract Context Atmospheric reactive nitrogen is a major issue for urban residents both as a component of air pollution and as a nutrient input to urban ecosystems. However, patterns of atmospheric reactive nitrogen concentrations within a city are not well quantified spatially or temporally. Objectives We tested a source-sink framework, where traffic is the key source and tree canopy is a key sink, to understand patterns of intraurban atmospheric reactive nitrogen concentrations. By using a network of low-cost, passive samplers, we aimed to measure nitrogen on a fine scale, relevant to residents. Methods We measured atmospheric concentration as well as throughfall nitrogen from native species in Riverside, CA. We measured atmospheric NO X and NH 3 at different traffic levels and high and low canopy sites over 14 months to test the roles of the hypothesized source and sink spatially and temporally. Results We found distinct local spatial patterns of pollution with on-road traffic leading to increased pollutants. For NO X , at low ambient concentration we found tree canopies tended to increase concentrations and at high ambient concentrations tree canopies acted as a sink. We found that NO X and NH 3 have an inverse relationship in seasonal concentrations, highlighting the need to understand multiple pollutants. Trees’ performance as a sink depended on both atmospheric concentration and pollutant. The results also show a concentrating effect in some cases. Nevertheless, throughfall deposition to soil under tree canopies was substantial and varied among different species, showing the potential for trees to increase deposition to local ecosystems. Conclusions This work shows how the landscape distribution of two dominant species of reactive nitrogen varies across seasons in a case study city. The findings support a source-sink hypothesis that affects atmospheric N concentrations and inputs to soils.","https://doi.org/10.1007/s10980-026-02329-8","","","",""
"a70d0ce7","Economic instruments that may be harmful to nature include subsidies, financial transfers, subsidized credit, tax abatements, and prices for commodities and industrial goods that hide environmental and social costs. Such instruments favour unsustainable production and, as a consequence, can promote deforestation, overfishing, urban sprawl, and wasteful uses of water. In 2015, agricultural support potentially harmful to nature amounted to $100 billion in countries belonging to the Organization for Economic Cooperation and Development, although some subsidy reforms to reduce unsustainable pesticide uses and adjust several other consequential development practices have been introduced","Getting the basic nature of systemic corruption right: A reply to Marquette and Peiffer","In reply to Marquette and Peiffer's article “Grappling With the ‘Real Politics’ of Systemic Corruption: Theoretical Debates Versus ‘Real‐World’ Functions,” this article employs three criticisms: Marquette and Peiffer's call to grapple with the “real politics of corruption” does not bring much new to the table, is conceptually flawed, and risks serving as an excuse for corrupt elites to pursue “business as usual.” In response, we reaffirm three insights gained from collective action‐based approaches toward corruption. Although corruption might solve individual‐level problems in the short term, it is still a de facto problem at the aggregate level, the tools derived from principal–agent theory will not solve the collective action problem of systemic corruption, and elites will be the least likely to implement reform. We conclude by calling for the continued fight against corruption—a fight informed by empirical and theoretical knowledge.","https://doi.org/10.1111/gove.12403","","","",""
"857b14e8","Economic instruments that may be harmful to nature include subsidies, financial transfers, subsidized credit, tax abatements, and prices for commodities and industrial goods that hide environmental and social costs. Such instruments favour unsustainable production and, as a consequence, can promote deforestation, overfishing, urban sprawl, and wasteful uses of water. In 2015, agricultural support potentially harmful to nature amounted to $100 billion in countries belonging to the Organization for Economic Cooperation and Development, although some subsidy reforms to reduce unsustainable pesticide uses and adjust several other consequential development practices have been introduced","Static laws in dynamic environments (bridging science to legislation)","Proceedings of the First International Conference on Coastal Conservation and Management in the Atlantic and Mediterranean, p. 193-200",NA,"","","",""
"2c8ffce1","The proportion of species currently threatened with extinction according to the International Union for the Conservation of Nature's Red List criteria averages around 25 per cent across the many terrestrial, freshwater and marine vertebrate, invertebrate and plant groups that have been studied in sufficient detail to support a robust overall estimate","Population collapse dynamics in Acropora downingi, an Arabian/Persian Gulf ecosystem‐engineering coral, linked to rising temperature","As in the tropical Atlantic, Acropora populations in the southern Persian/Arabian Gulf plummeted within two decades after having been ecosystem engineers on most wave-exposed reefs since the Pleistocene. Since 1996/1998 live coral cover in the Gulf declined by over 90% in many areas, primarily due to bleaching and diseases caused by rising temperatures. In the formerly dominant table-coral species A. downingi, population dynamics corresponding to disturbance regimes was quantified in three transition matrices (lower disturbance pre-1996; moderate disturbance from 1998 to 2010 and 2013 to 2017, disturbed in 1996/1998, 2010/11/12, 2017). Increased disturbance frequency and severity caused progressive reduction in coral size, cover, and population fecundity. Small size-classes were bolstered more by partial colony mortality than sexual recruitment. Some large corals had a size refuge and resisted die-back but were also lost with increasing disturbance. Matrix and biophysical larval flow models suggested one metapopulation. Southern, Arabian, populations could be connected to northern, Iranian, populations but this connectivity was lost under assumptions of pelagic larval duration at rising temperatures shortened to a third. Then, the metapopulation disintegrated into isolated populations. Connectivity required to avoid extinctions increased exponentially with disturbance frequency and correlation of disturbances across the metapopulation. Populations became unsustainable at eight disturbances in 15 years, when even highest theoretical recruitment no longer compensated mortality. This lethal disturbance frequency was 3-fold that of the moderately disturbed monitoring period and 4-fold of the preceding low-disturbance period-suggesting ongoing shortening of the disturbance-free period. Observed population collapse and environmental changes in the Gulf suggest that A. downingi is heading toward at least functional extinction mainly due to increasingly frequent temperature-induced mortality events, clearly linked to climate change.","https://doi.org/10.1111/gcb.14114","","","",""
"a76224b1","Even though human-dominated landscapes are sometimes species-rich, their species composition is markedly altered from that in natural landscapes","MAMÍFEROS DE MÉDIO E GRANDE PORTE REGISTRADOS EM FLORESTAS DOMINADAS POR Araucaria angustifolia NA RPPN ALTO-MONTANA, SERRA DA MANTIQUEIRA","A fragmentação, caça furtiva e invasão de espécies exóticas na Mata Atlântica são fatores importantes para a perda da biodiversidade de mamíferos de médio e grande porte neste bioma. A Reserva do Patrimônio Natural Alto-Montana (RPPN Alto-Montana), dominada pela Floresta Ombrófila Mista, caracterizada pela presença de Araucaria angustifolia (Pinales, Araucariaceae), se localiza na Serra da Mantiqueira, que é considerada um dos lugares insubstituíveis para a biodiversidade mundial. Utilizamos oito armadilhas fotográficas, de 2013 a 2016, com o objetivo de avaliar a riqueza e frequência relativa dos mamíferos que habitam a RPPN Alto-Montana. Encontramos 27 táxons de mamíferos de médio e grande porte, incluindo quatro espécies exóticas. Sus scrofa (Artiodactyla, Suidae) foi a espécie mais frequente (36% de registros), com mais que o dobro de registros da espécie nativa mais frequente, Didelphis aurita (Didelphimorphia, Didelphidae). A conectividade da RPPN Alto-Montana com outras unidades de conservação estaduais e federais favorece a presença de espécies ameaçadas e que necessitam de grandes áreas de vida, como é o caso de carnívoros de topo de cadeia trófica ameaçados de extinção, como Chrysocyon brachyurus (Carnivora, Canidae) e Puma concolor (Carnivora, Felidae), além de pequenos felinos, como Leopardus wiedii , Puma yagouaroundi e Leopardus guttulus (Carnivora, Felidae). A principal ameaça aos mamíferos da RPPN Alto-Montana é a presença das espécies exóticas S. scrofa e Canis familiaris (Carnivora, Canidae), havendo necessidade de controle populacional dessas espécies. Desta forma, a RPPN Alto-Montana cumpre um papel fundamental para conservação dos mamíferos da Mata Atlântica, constituindo-se em uma importante área que favorece a movimentação das populações de mamíferos. MEDIUM AND LARGE MAMMALS RECORDED IN FORESTS DOMINATED BY Araucaria angustifolia FROM THE RPPN ALTO-MONTANA, SERRA DA MANTIQUIRA. Fragmentation, poaching and invasion of alien species in the Atlantic Forest are important factors for the loss of the biodiversity of medium and large mammals in this biome. The Private Reserve of Natural Heritage Alto-Montana (RPPN Alto-Montana), dominated by the Mixed Ombrophilous Forest, characterized by the presence of Araucaria angustifolia (Pinales, Araucariaceae), is located in the Serra da Mantiqueira, which is considered one of the irreplaceable places for world biodiversity. We used eight photographic traps, from 2013 to 2016, in order to evaluate the species richness and relative abundance of mammals inhabiting the RPPN Alto-Montana. We found 27 medium and large mammal species, including four alien species. Sus scrofa (Artiodactyla, Suidae) was the most frequent species (36% of records), with more than twice the number of records of the most frequent native species, Didelphis aurita (Didelphimorphia, Didelphidae). The connectivity of the RPPN Alto-Montana with other state and federal protected areas favours the presence of endangered species that require large home ranges, such as top predator carnivores, such as Chrysocyon brachyurus (Carnivora, Canidae) and Puma concolor (Carnivora, Felidae), as well as small felines, such as Leopardus wiedii , Puma yagouaroundi and Leopardus guttulus (Carnivora, Felidae). The main threat to the mammals of the RPPN Alto-Montana is the presence of the alien species S. scrofa and Canis familiaris (Carnivora, Canidae), and there is a need for population control of these species. In this way the RPPN Alto-Montana plays a fundamental role for the conservation of the Atlantic Forest mammals, constituting an important area favouring the population movements of mammals.","https://doi.org/10.4257/oeco.2018.2201.07","","","",""
"40d915ed","National agencies have also promoted land management strategies that are more sustainable and introduced regulations, among other policy measures","Wildlife tourism as a common pool resource issue: enabling conditions for sustainability governance","Wildlife tourism is potentially a common pool resource (CPR) issue when the following are applicable: it is difficult to exclude tourists; their experiences are affected by others’ activities; and adverse impacts on the wildlife occur. CPRs are typified by non-excludability and subtractability. Relatively few efforts have been made to consider tourism in this way or to use the concept of CPR in tourism management schemes. This paper (1) explores the possibility of wildlife tourism being a CPR issue, (2) derives a list of enabling conditions required for the sustainability of such resources and (3) determines the applicability of the conditions through a case study. Having described the potential for wildlife tourism to be a CPR issue, the enabling conditions explored in the rest of the paper follow: the characteristics of the tourism resource system and its user groups, the associated institutional arrangements and the external environment. The application of CPR thinking to the case study, whale shark tourism in Ningaloo Marine Park, Western Australia, revealed the contribution of institutional arrangements, particularly those associated with the State Government, to sustainable management. The use of the enabling conditions as a tool for managing wildlife tourism is discussed.","https://doi.org/10.1080/09669582.2010.483281","","","",""
"aba1cb89","Economic instruments that may be harmful to nature include subsidies, financial transfers, subsidized credit, tax abatements, and prices for commodities and industrial goods that hide environmental and social costs. Such instruments favour unsustainable production and, as a consequence, can promote deforestation, overfishing, urban sprawl, and wasteful uses of water. In 2015, agricultural support potentially harmful to nature amounted to $100 billion in countries belonging to the Organization for Economic Cooperation and Development, although some subsidy reforms to reduce unsustainable pesticide uses and adjust several other consequential development practices have been introduced","What Smallholders Want: Effective Strategies for Rural Poverty Reduction","Since poverty is particularly concentrated amongst smallholder farmers, development programs intend to support rural livelihoods and agricultural entrepreneurship. The final impact of these programs remains, however, rather limited due to insufficient understanding of key challenges that smallholder families are facing. Many well-intended initiatives for reinforcing smallholder production systems and for strengthening their commercial relationships meet conceptual and practical limitations that reduce their effectiveness. Smallholder livelihoods are most constrained because behavioural drivers for adopting innovations and for upgrading value-chain relationships are not well understood and are frequently overlooked. This article discusses the analytical linkages between the key causes of smallholder poverty, the constraints that limit the effectiveness of ongoing rural development initiatives, and the prospects for alternative strategies to support behavioural change. A better understanding of what smallholders want and need may lead to fundamentally new policy propositions. It is argued that technological change in smallholder production or integration into market systems will only take place if embedded in behavioural change mechanisms that are complemented by appropriate institutions and governance regimes. This asks for coordinated structural reforms in farm and community organisation, value chain integration and more effective public-private cooperation.","https://doi.org/10.3390/su16135525","","","",""
"c428381d","Whether or not the current removal of nearly 30 per cent of anthropogenic carbon dioxide emissions by terrestrial ecosystems continues into the future varies greatly from one scenario to the next and depends heavily on how climate change, atmospheric carbon dioxide and land-use change interact. Important regulating contributions of nature, such as coastal and soil protection, crop pollination and carbon storage, are projected to decline.","Large but decreasing effect of ozone on the European carbon sink","Abstract. The capacity of the terrestrial biosphere to sequester carbon and mitigate climate change is governed by the ability of vegetation to remove emissions of CO2 through photosynthesis. Tropospheric O3, a globally abundant and potent greenhouse gas, is, however, known to damage plants, causing reductions in primary productivity. Despite emission control policies across Europe, background concentrations of tropospheric O3 have risen significantly over the last decades due to hemispheric-scale increases in O3 and its precursors. Therefore, plants are exposed to increasing background concentrations, at levels currently causing chronic damage. Studying the impact of O3 on European vegetation at the regional scale is important for gaining greater understanding of the impact of O3 on the land carbon sink at large spatial scales. In this work we take a regional approach and update the JULES land surface model using new measurements specifically for European vegetation. Given the importance of stomatal conductance in determining the flux of O3 into plants, we implement an alternative stomatal closure parameterisation and account for diurnal variations in O3 concentration in our simulations. We conduct our analysis specifically for the European region to quantify the impact of the interactive effects of tropospheric O3 and CO2 on gross primary productivity (GPP) and land carbon storage across Europe. A factorial set of model experiments showed that tropospheric O3 can suppress terrestrial carbon uptake across Europe over the period 1901 to 2050. By 2050, simulated GPP was reduced by 4 to 9 % due to plant O3 damage and land carbon storage was reduced by 3 to 7 %. The combined physiological effects of elevated future CO2 (acting to reduce stomatal opening) and reductions in O3 concentrations resulted in reduced O3 damage in the future. This alleviation of O3 damage by CO2-induced stomatal closure was around 1 to 2 % for both land carbon and GPP, depending on plant sensitivity to O3. Reduced land carbon storage resulted from diminished soil carbon stocks consistent with the reduction in GPP. Regional variations are identified with larger impacts shown for temperate Europe (GPP reduced by 10 to 20 %) compared to boreal regions (GPP reduced by 2 to 8 %). These results highlight that O3 damage needs to be considered when predicting GPP and land carbon, and that the effects of O3 on plant physiology need to be considered in regional land carbon cycle assessments.","https://doi.org/10.5194/bg-15-4245-2018","","","",""
"3b8f0527","Economic instruments that may be harmful to nature include subsidies, financial transfers, subsidized credit, tax abatements, and prices for commodities and industrial goods that hide environmental and social costs. Such instruments favour unsustainable production and, as a consequence, can promote deforestation, overfishing, urban sprawl, and wasteful uses of water. In 2015, agricultural support potentially harmful to nature amounted to $100 billion in countries belonging to the Organization for Economic Cooperation and Development, although some subsidy reforms to reduce unsustainable pesticide uses and adjust several other consequential development practices have been introduced","Operationalizing Fiscal Space","Among the most prominent proxies for fiscal space is the ratio of public debt to GDP. It is much less problematic for countries with a balanced budget and","https://doi.org/10.1093/oso/9780198829010.005.0001","","","",""
"df45ae2b","Economic instruments that may be harmful to nature include subsidies, financial transfers, subsidized credit, tax abatements, and prices for commodities and industrial goods that hide environmental and social costs. Such instruments favour unsustainable production and, as a consequence, can promote deforestation, overfishing, urban sprawl, and wasteful uses of water. In 2015, agricultural support potentially harmful to nature amounted to $100 billion in countries belonging to the Organization for Economic Cooperation and Development, although some subsidy reforms to reduce unsustainable pesticide uses and adjust several other consequential development practices have been introduced","Cast of Characters from the plays of William Shakespeare","W Shakespeare: The Complete Oxford Shakespeare (eds) S Wells and G Taylor (London: Guild Publishing: 1990) All Is True: Henry VIII (Henry VIII): Queen Cath","https://doi.org/10.1093/9780198907398.003.0016","","","",""
"db4b4eb0","Nature provides a broad diversity of nutritious foods, medicines and clean water","Defaunation leads to interaction deficits, not interaction compensation, in an island seed dispersal network","Following defaunation, the loss of interactions with mutualists such as pollinators or seed dispersers may be compensated through increased interactions with remaining mutualists, ameliorating the negative cascading impacts on biodiversity. Alternatively, remaining mutualists may respond to altered competition by reducing the breadth or intensity of their interactions, exacerbating negative impacts on biodiversity. Despite the importance of these responses for our understanding of the dynamics of mutualistic networks and their response to global change, the mechanism and magnitude of interaction compensation within real mutualistic networks remains largely unknown. We examined differences in mutualistic interactions between frugivores and fruiting plants in two island ecosystems possessing an intact or disrupted seed dispersal network. We determined how changes in the abundance and behavior of remaining seed dispersers either increased mutualistic interactions (contributing to ""interaction compensation"") or decreased interactions (causing an ""interaction deficit"") in the disrupted network. We found a ""rich-get-richer"" response in the disrupted network, where remaining frugivores favored the plant species with highest interaction frequency, a dynamic that worsened the interaction deficit among plant species with low interaction frequency. Only one of five plant species experienced compensation and the other four had significant interaction deficits, with interaction frequencies 56-95% lower in the disrupted network. These results do not provide support for the strong compensating mechanisms assumed in theoretical network models, suggesting that existing network models underestimate the prevalence of cascading mutualism disruption after defaunation. This work supports a mutualist biodiversity-ecosystem functioning relationship, highlighting the importance of mutualist diversity for sustaining diverse and resilient ecosystems.","https://doi.org/10.1111/gcb.13832","","","",""
"70df4c6c","Economic instruments that may be harmful to nature include subsidies, financial transfers, subsidized credit, tax abatements, and prices for commodities and industrial goods that hide environmental and social costs. Such instruments favour unsustainable production and, as a consequence, can promote deforestation, overfishing, urban sprawl, and wasteful uses of water. In 2015, agricultural support potentially harmful to nature amounted to $100 billion in countries belonging to the Organization for Economic Cooperation and Development, although some subsidy reforms to reduce unsustainable pesticide uses and adjust several other consequential development practices have been introduced","Áreas de preservação permanente como corredores ecológicos para a fauna de mamíferos de médio e grande porte no sul da Amazônia","Tese (doutorado) — Universidade de Brasília, Instituto de Ciências Biológicas, Programa de Pós-Graduação em Zoologia, 2016.","https://doi.org/10.26512/2016.09.t.22233","","","",""
"aa8481ab","Investment in infrastructure, including in green infrastructure, is important, especially in developing countries, but it can be undertaken in a way that takes into account ecological functions and the careful blending of built and natural infrastructure","Reservoirs alter terrestrial mammal habitat over the Indochina Peninsula","The global prosperity of reservoirs has resulted in widespread habitat loss and degradation, but little attention has been given to the survival crisis of terrestrial biota. Herein, we investigated the dynamics of the structure and functions of terrestrial mammalian habitats before and after the reservoir development. Furthermore, we compiled the existing reservoirs in the Indochina Peninsula, and used landscape metrics to reveal structural fragmentation. Finally, we analyzed the habitat suitability for terrestrial mammals and assessed the functional fragmentation of habitat according to MAXENT and connectivity models. Our main findings indicated that the habitat landscape became more complicated and heterogeneous after reservoir infrastructure. Specifically, the number of patches (NP), largest patch index (LSI), landscape shape index (LPI), and contagion index (CONTAG) increased by 304, 0.14, −0.03 %, and 5.55 %, respectively. In addition, the increment of the minimum cumulative resistance which contained thirteen habitat corridors was about 67,529, and two habitat corridors were blocked by reservoirs, suggesting that reservoirs acted as barriers and severely limited connectivity among habitat patches. And the negative effects of reservoir developments on terrestrial mammal habitat can be reduced via the priority removal of twenty-nine obstacle points (about 6310 km2). Taken together, our findings implied the continuously increased reservoirs lead to habitat destruction directly, and might induce loss of biodiversity indirectly. Consequently, we appeal to policy-makers and energy strategists: Seriously consider the nexus of reservoir assignment with biodiversity conservation in the key biodiversity hotspots, particularly in the Indochina Peninsula.","https://doi.org/10.1016/j.ecolind.2024.112366","","","",""
"f6506f71","Climate change alone is projected to decrease ocean net primary production by between 3 and 10 per cent, and fish biomass by between 3 and 25 per cent (in low and high warming scenarios, respectively) by the end of the century","Development of the Low Emissions Analysis Platform – Integrated Benefits Calculator (LEAP-IBC) tool to assess air quality and climate co-benefits: Application for Bangladesh","Low- and middle-income countries have the largest health burdens associated with air pollution exposure, and are particularly vulnerable to climate change impacts. Substantial opportunities have been identified to simultaneously improve air quality and mitigate climate change due to overlapping sources of greenhouse gas and air pollutant emissions and because a subset of pollutants, short-lived climate pollutants (SLCPs), directly contribute to both impacts. However, planners in low- and middle-income countries often lack practical tools to quantify the air pollution and climate change impacts of different policies and measures. This paper presents a modelling framework implemented in the Low Emissions Analysis Platform – Integrated Benefits Calculator (LEAP-IBC) tool to develop integrated strategies to improve air quality, human health and mitigate climate change. The framework estimates emissions of greenhouse gases, SLCPs and air pollutants for historical years, and future projections for baseline and mitigation scenarios. These emissions are then used to quantify i) population-weighted annual average ambient PM2.5 concentrations across the target country, ii) household PM2.5 exposure of different population groups living in households cooking using different fuels/technologies and iii) radiative forcing from all emissions. Health impacts (premature mortality) attributable to ambient and household PM2.5 exposure and changes in global average temperature change are then estimated. This framework is applied in Bangladesh to evaluate the air quality and climate change benefits from implementation of Bangladesh’s Nationally Determined Contribution (NDC) and National Action Plan to reduce SLCPs. Results show that the measures included to reduce GHGs in Bangladesh’s NDC also have substantial benefits for air quality and human health. Full implementation of Bangladesh’s NDC, and National SLCP Plan would reduce carbon dioxide, methane, black carbon and primary PM2.5 emissions by 25%, 34%, 46% and 45%, respectively in 2030 compared to a baseline scenario. These emission reductions could reduce population-weighted ambient PM2.5 concentrations in Bangladesh by 18% in 2030, and avoid approximately 12,000 and 100,000 premature deaths attributable to ambient and household PM2.5 exposures, respectively, in 2030. As countries are simultaneously planning to achieve the climate goals in the Paris Agreement, improve air quality to reduce health impacts and achieve the Sustainable Development Goals, the LEAP-IBC tool provides a practical framework by which planners can develop integrated strategies, achieving multiple air quality and climate benefits.","https://doi.org/10.1016/j.envint.2020.106155","","","",""
"7f8ed5e9","Climate change alone is projected to decrease ocean net primary production by between 3 and 10 per cent, and fish biomass by between 3 and 25 per cent (in low and high warming scenarios, respectively) by the end of the century","Pan-Eurasian Experiment (PEEX): Towards holistic understanding of the feedbacks and interactions in the land–atmosphere–ocean–society continuum in the Northern Eurasian region","Abstract. The Northern Eurasian regions and Arctic Ocean will very likely undergo substantial changes during the next decades. The arctic-boreal natural environments play a crucial role in the global climate via the albedo change, carbon sources and sinks, as well as atmospheric aerosol production via biogenic volatile organic compounds. Furthermore, it is expected that the global trade activities, demographic movement and use of natural resources will be increasing in the Arctic regions. There is a need for a novel research approach, which not only identifies and tackles the relevant multi-disciplinary research questions, but is also able to make a holistic system analysis of the expected feedbacks. In this paper, we introduce the research agenda of the Pan-Eurasian Experiment (PEEX), a multi-scale, multi-disciplinary and international program started in 2012 (https://www.atm.helsinki.fi/peex/). PEEX is setting a research approach where large-scale research topics are investigated from a system perspective and which aims to fill the key gaps in our understanding of the feedbacks and interactions between the land–atmosphere–aquatic–society continuum in the Northern Eurasian region. We introduce here the state of the art of the key topics in the PEEX research agenda and give the future prospects of the research which we see relevant in this context.","https://doi.org/10.5194/acp-2016-186","","","",""
"572e6103","Nature provides a broad diversity of nutritious foods, medicines and clean water","Spatially explicit removal strategies increase the efficiency of invasive plant species control","Effective management strategies are needed to control expansion of invasive alien plant species and attenuate economic and ecological impacts. While previous theoretical studies have assessed optimal control strategies that balance economic costs and ecological benefits, less attention has been paid to the ways in which the spatial characteristics of individual patches may mediate the effectiveness of management strategies. We developed a spatially explicit cellular automaton model for invasive species spread, and compared the effectiveness of seven control strategies. These control strategies used different criteria to prioritize the removal of invasive species patches from the landscape. The different criteria were related to patch size, patch geometry, and patch position within the landscape. Effectiveness of strategies was assessed for both seed dispersing and clonally expanding plant species. We found that, for seed-dispersing species, removal of small patches and removal of patches that are isolated within the landscape comprised relatively effective control strategies. For clonally expanding species, removal of patches based on their degree of isolation and their geometrical properties comprised relatively effective control strategies. Subsequently, we parameterized the model to mimic the observed spatial distribution of the invasive species Antigonon leptopus on St. Eustatius (northern Caribbean). This species expands clonally and also disperses via seeds, and model simulations showed that removal strategies focusing on smaller patches that are more isolated in the landscape would be most effective and could increase the effectiveness of a 10-yr control strategy by 30-90%, as compared to random removal of patches. Our study emphasizes the potential for invasive plant species management to utilize recent advances in remote sensing, which enable mapping of invasive species at the high spatial resolution needed to quantify patch geometries. The presented results highlight how this spatial information can be used in the design of more effective invasive species control strategies.","https://doi.org/10.1002/eap.2257","","","",""
"8604bc2a","Economic instruments that may be harmful to nature include subsidies, financial transfers, subsidized credit, tax abatements, and prices for commodities and industrial goods that hide environmental and social costs. Such instruments favour unsustainable production and, as a consequence, can promote deforestation, overfishing, urban sprawl, and wasteful uses of water. In 2015, agricultural support potentially harmful to nature amounted to $100 billion in countries belonging to the Organization for Economic Cooperation and Development, although some subsidy reforms to reduce unsustainable pesticide uses and adjust several other consequential development practices have been introduced","Global Production Networks, Information Technology and Knowledge Diffusion","(2002). Global Production Networks, Information Technology and Knowledge Diffusion. Industry and Innovation: Vol. 9, No. 3, pp. 147-153.","https://doi.org/10.1080/1366271022000034435","","","",""
"7d4b91c9","Nature provides a broad diversity of nutritious foods, medicines and clean water","Benthic biogeochemical processes and fluxes in the hypoxic and acidified northern Gulf of Mexico (nGoM), part I: Carbonate dissolution from in situ microprofiles","The northern Gulf of Mexico (nGoM) experiences seasonal coastal hypoxia due to nutrient enrichment from the Mississippi-Atchafalaya River basin, leading to one of the world's largest hypoxic zones. In these shallow zones, benthic processes play an essential role in driving/maintaining deoxygenation and acidification of bottom waters. In this regard, this paper investigates carbonate dissolution processes in surface sediment of the nGoM during hypoxic conditions in summer 2022, as the main acidification feedback mechanism, with a specific focus on the effects of bottom water acidification. A strong linear relationship is observed between oxygen and pH, with a pH difference of 0.37 between the most oxygenated and the nearly anoxic station, reaching a value of 7.63. Using high-resolution techniques, this study combines pH and O₂ microprofiling (200 μm) with benthic measurements of carbonate system parameters (pH, DIC, TA, Ca 2+ ) to assess carbonate dissolution at millimeter-scale resolution. The pH microprofiles reveal a significant decrease in the first 3 cm, with pore water pH reaching values of 6.90 at the most hypoxic station. Despite undersaturation with respect to aragonite and occasionally calcite, Ca 2+ profiles indicate no significant carbonate dissolution, suggesting stability of calcium carbonate in these sediments during the summer. This lack of dissolution, likely influenced by the absence of aragonite, and possible inhibitory effects of dissolved organic carbon and orthophosphate, points to a limited buffering capacity in these sediments. These insights are essential for refining models predicting coastal acidification and hypoxia responses to environmental stressors in the nGoM and similar eutrophic systems. • High resolution in situ pH and O₂ microprofiles at the sediment-water interface. • Benthic measurements of carbonate system parameters, including pH, DIC, TA, Ca 2+ . • Large decrease in oxygen concentrations in overlying water, accompanied by DIC accumulation and a pH drop. • Undersaturation with respect to aragonite and occasionally calcite. • No significant dissolution of calcium carbonate minerals detected.","https://doi.org/10.1016/j.marchem.2025.104515","","","",""
"6102f113","Economic instruments that may be harmful to nature include subsidies, financial transfers, subsidized credit, tax abatements, and prices for commodities and industrial goods that hide environmental and social costs. Such instruments favour unsustainable production and, as a consequence, can promote deforestation, overfishing, urban sprawl, and wasteful uses of water. In 2015, agricultural support potentially harmful to nature amounted to $100 billion in countries belonging to the Organization for Economic Cooperation and Development, although some subsidy reforms to reduce unsustainable pesticide uses and adjust several other consequential development practices have been introduced","Endogenous public health responses in Orthodox Jewish communities during the COVID-19 pandemic","Abstract Endogenous public health responses include the individual behaviours, community-based organizational responses, and informal rules that resolve economic problems during public health crises. We explore the relevance of endogenous responses in Orthodox Jewish communities during the COVID-19 pandemic. We analyse Orthodox newspapers in New York City and find that (a) rabbis advised their communities on how to stay healthy and observant to their religious beliefs; (b) rabbinical councils and advisory boards provided private, public health guidance; (c) private, Jewish ambulatory services provided religiously sensitive healthcare; (d) Orthodox Jewish schools privately provided public health services; and (e) community members altered religious rules, rituals, and traditions to mitigate the spread of the virus. While these responses did not occur seamlessly or without conflict, the Orthodox community worked diligently to provide public health services to remain healthy while also observing religious traditions. Our paper provides shows how communities develop endogenous public health responses during crises.","https://doi.org/10.1017/s1744137424000286","","","",""
"0f9c73d4","As a result of human-caused changes in community composition, naturally occurring species in local terrestrial ecosystems worldwide are estimated to have lost at least 20 per cent of their original abundance on average, with hotspots of endemic species tending to have lost even more","Effects of forest degradation on the sand fly communities of northeast Brazil","The richness and abundance of sand fly species were studied in northeastern Brazil in areas of leishmaniasis transmission. The study was carried out in two forest areas with different deforestation times for agricultural and livestock activities: one modified by long-term settlement (more than 50 years of occupation) and another less impacted by short-term settlement (10 years). The sand flies were captured with CDC light traps from 18:00 to 06:00 for three consecutive nights, once a month, from May, 2012 to April, 2014. The study captured 21,708 specimens and also 33 species of Lutzomyia and two of Brumptomyia. Species richness and abundance were higher in the more conserved area of short-term occupation (31 species; 61.7%) than in the more degraded area with long-term occupation (17 species; 38.3%). In the most conserved area, the species richness was higher in the forest fragment than in the rural settlement, whereas in the degraded area the richness was higher in the peri-domicile than in the forest. The diversity was higher in the degraded area forest. There were significant statistical differences when comparing the means of total abundance with the intra-domicile, peri-domicile, and forest environments. The average abundance was statistically higher in the peri-domicile compared to the forest (p = 0.009), but there were no statistically significant differences between intra-domicile-peri-domicile (p = 0.11) and forest-intra-domicile (p = 0.87). In conclusion, a change in vegetation cover negatively affects the richness and abundance of sand flies in the natural environment.","https://doi.org/10.1111/jvec.12376","","","",""
"04cd2b74","Economic instruments that may be harmful to nature include subsidies, financial transfers, subsidized credit, tax abatements, and prices for commodities and industrial goods that hide environmental and social costs. Such instruments favour unsustainable production and, as a consequence, can promote deforestation, overfishing, urban sprawl, and wasteful uses of water. In 2015, agricultural support potentially harmful to nature amounted to $100 billion in countries belonging to the Organization for Economic Cooperation and Development, although some subsidy reforms to reduce unsustainable pesticide uses and adjust several other consequential development practices have been introduced","Ecosystem Services in Theory and Practice","Ecosystem services are therefore not the product of a linear chain from production to direct benefits by people with no feedbacks or any of the other complexities of the real world. All ecosystem services are, by definition, means to the end of human well-being. Some argue that valuation of ecosystems is either impossible or unwise. The issue of valuation is inseparable from the choices and decisions we have to make about ecological systems. Another often-made argument is that we should protect ecosystems for purely moral or aesthetic reasons, and we do not need valuations of ecosystems for this purpose. One hears a lot of talk these days about ""ecosystem service markets"". The problem is, conventional markets are not the right institution for managing many ecosystem services. Ruhl et al. document the ""anti-ecosystem services bias"" prevalent in American property law, regulation, and social norms.","https://doi.org/10.4324/9781315775302-3","","","",""
"7a13447c","Economic instruments that may be harmful to nature include subsidies, financial transfers, subsidized credit, tax abatements, and prices for commodities and industrial goods that hide environmental and social costs. Such instruments favour unsustainable production and, as a consequence, can promote deforestation, overfishing, urban sprawl, and wasteful uses of water. In 2015, agricultural support potentially harmful to nature amounted to $100 billion in countries belonging to the Organization for Economic Cooperation and Development, although some subsidy reforms to reduce unsustainable pesticide uses and adjust several other consequential development practices have been introduced","Of Nature and People: Community-Based Natural Resource Management and Land Restitution at Makuleke","Thesis presented in fulfilment of the requirements for the degree of Master of Social Anthropology at the University of Stellenbosch",NA,"","","",""
"fe53edbd","Climate change alone is projected to decrease ocean net primary production by between 3 and 10 per cent, and fish biomass by between 3 and 25 per cent (in low and high warming scenarios, respectively) by the end of the century","Reallocation of elemental content and macromolecules in the coccolithophore Emiliania huxleyi to acclimate to climate change","Global climate change leads to simultaneous changes in multiple environmental drivers in the marine realm. Although physiological characterization of coccolithophores has been studied under climate change, there is limited knowledge on the biochemical responses of this biogeochemically important phytoplankton group to changing multiple environmental drivers. Here, we investigate the interactive effects of reduced phosphorus availability (4 to 0.4 µmol L −1 ), elevated pCO 2 concentrations (426 to 946 µatm), and increasing light intensity (40 to 300 µmol photons m −2 s −1 ) on elemental content and macromolecules of the cosmopolitan coccolithophore Emiliania huxleyi . Reduced phosphorus availability reduces particulate organic nitrogen (PON) and protein contents per cell under 40 µmol photons m −2 s −1 but not under 300 µmol photons m −2 s −1 . Reduced phosphorus availability and elevated pCO 2 concentrations act synergistically to increase particulate organic carbon (POC) and carbohydrate contents per cell under 300 µmol photons m −2 s −1 but not under 40 µmol photons m −2 s −1 . Reduced phosphorus availability, elevated pCO 2 concentrations, and increasing light intensity act synergistically to increase the allocation of POC to carbohydrates. Under elevated pCO 2 concentrations and increasing light intensity, enhanced carbon fixation could increase carbon storage in the phosphorus-limited regions of the oceans where E. huxleyi dominates the phytoplankton assemblages. In each type of light intensity, elemental-carbon-to-phosphorus (C:P) and nitrogen-to-phosphorus (N:P) ratios decrease with increasing growth rate. These results suggest that coccolithophores could reallocate chemical elements and energy to synthesize macromolecules efficiently, which allows them to regulate their elemental content and growth rate to acclimate to changing environmental conditions.","https://doi.org/10.5194/bg-20-1299-2023","","","",""
"2488b3b7","Nature provides a broad diversity of nutritious foods, medicines and clean water","Earthworm invasion reduces above-belowground biodiversity and ecosystem multifunctionality","Abstract Global change alters abiotic and biotic conditions across the globe with unprecedented consequences for the functional integrity of affected ecosystems. However, most studies addressing global-change impacts focus on a very limited number of environmental variables, taxa, and ecosystem functions. Evidence is mounting that many belowground ecosystems are subject to an underappreciated aspect of global change: the invasion of earthworms. While we know that earthworm invasion can impact the physical, chemical, and biological properties of invaded ecosystems, it remains poorly understood how these changes are interconnected and how they concurrently affect the overall functioning of an ecosystem. To fill this gap, we collected data on six environmental variables, ten functional groups of microbes, plants, and animals, and 16 ecosystem functions from four forests in the USA and Canada, well-known hotspots of earthworm invasion. We used a multi-step Structural-Equation Modeling approach to disentangle the direct and indirect effects of earthworm invasion on environmental conditions and the ecosystem multidiversity and multifunctionality of invaded forests at different levels of resolution. Our analysis revealed that earthworm invasion reduced total multidiversity (combined microbial, plant, and animal multidiversity). Ecosystem multifunctionality was reduced via a combination of direct and indirect effects, with the latter involving both effects mediated by altered environmental conditions and by total multidiversity. In contrast, when resolving total multidiversity into taxon-specific multidiversity indices for microbes, plants, and animals, the above-mentioned effects of earthworm invasion on multifunctionality via multidiversity disappeared. Invasion effects on single ecosystem functions differed in their mediators but were net negative across the board. Given these differences across the differently-resolved analyses, the results suggest that a whole- ecosystem perspective is paramount to comprehensively understanding the impacts of biological invasions. Combining a multi-step analytical design with multiple biodiversity indices and multiple ecosystem functions assessed at the same time and place, our study represents the most complete assessment of the mechanisms and ecosystem-level consequences of earthworm invasion to date.","https://doi.org/10.1101/2025.11.05.686452","","","",""
"ab520cf1","Furthermore, increases in the production of some of nature's contributions cause declines in others (Figure SPM.1)","Las ordenaciones forestales en las primeras décadas del siglo XX: Cambio institucional y resultados productivos","RESUMEN: El trabajo analiza las ordenaciones de montes de principios del siglo XX en España para evaluar en qué medida se lograron alcanzar los objetivos para los que fueron planteadas. Para ello se enmarcan las ordenaciones en el conjunto de la política forestal, se profundiza en el proceso de concesiones de ordenación a particulares y se analizan las principales normas de explotación estipuladas en los contratos. La principal conclusión es que las normas concretas que regularon las ordenaciones presentaron deficiencias que no permitieron cumplir plenamente los objetivos: si bien se logró acelerar las extracciones forestales en momentos determinados, no se consiguió un incremento sostenido de la productividad y hay sospechas de que todo ello pudo incidir negativamente sobre las existencias forestales de los montes sujetos a ordenación.","https://doi.org/10.1017/s021261090001199x","","","",""
"ea5087a9","Economic instruments that may be harmful to nature include subsidies, financial transfers, subsidized credit, tax abatements, and prices for commodities and industrial goods that hide environmental and social costs. Such instruments favour unsustainable production and, as a consequence, can promote deforestation, overfishing, urban sprawl, and wasteful uses of water. In 2015, agricultural support potentially harmful to nature amounted to $100 billion in countries belonging to the Organization for Economic Cooperation and Development, although some subsidy reforms to reduce unsustainable pesticide uses and adjust several other consequential development practices have been introduced","The Commons in an Age of Uncertainty: Decolonizing Nature, Economy and Society","‘The Commons in an Age of Uncertainty: Decolonizing Nature, Economy, and Society’ by Franklin Obeng-Odoom is a stimulating book that questions traditional perspectives on the commons and its impact...","https://doi.org/10.1080/09538259.2024.2410905","","","",""
"e815977b","Climate change alone is projected to decrease ocean net primary production by between 3 and 10 per cent, and fish biomass by between 3 and 25 per cent (in low and high warming scenarios, respectively) by the end of the century","Projecting atmospheric N2O rise until the end of the 21st century: an Earth System Model study","Abstract Nitrous Oxide (N2O) is a potent greenhouse gas with a centennial-scale lifetime that contributes significantly to global warming. It is emitted from natural and anthropogenic sources. In nature, N2O is released mainly from nitrification and denitrification from the ocean and terrestrial systems. The use of agricultural fertilizers has significantly increased the emission of N2O in the past century. Here we present, to our knowledge, the first coupled ocean and terrestrial N2O modules within an Earth System Model. The coupled modules were used to simulate the six Shared Socioeconomic Pathways (SSPs) scenarios with available nitrogen fertilizer inputs. Our results are compared to projections of atmospheric N2O concentrations used for SSPs scenario experiments. Additionally, an extra set of simulations were prescribed with emulated N2O concentrations available as input in Shared Socioeconomic Pathways scenarios. We report four main drivers for terrestrial N2O uncertainties: atmospheric temperature, agricultural fertilizer input, soil denitrification and agricultural model dynamics. We project an atmospheric N2O concentration range from 401 to 418 ppb in six SSPs simulations with a robust lack of sensitivity to equilibrium climate sensitivity. We found a large difference between our low emission scenarios N2O concentrations by 2100 compared to the concentration provided for SSPs experiments. This divergence is likely explained by strong mitigation assumptions that were not accounted for in this study, which would require a substantial decrease of agricultural N2O emissions. The coupled model and the simulations prescribed with N2O concentrations showed a difference between −0.02 and 0.09 ∘C by 2100. Our model simulation shows a lack of sensitivity to climate mitigation efforts projecting similar N2O concentration in low and high mitigation scenarios, that could indicate the need of further development of agricultural model dynamics. Further improvements in Earth system models should focus on the impact of oxygen decline on N2O dynamics in the ocean and the representation of anaerobic soils and agricultural dynamics on land, including mitigation methods on nitrogen fertilizers.","https://doi.org/10.1088/1748-9326/ad8c6c","","","",""
"141c4052","Economic instruments that may be harmful to nature include subsidies, financial transfers, subsidized credit, tax abatements, and prices for commodities and industrial goods that hide environmental and social costs. Such instruments favour unsustainable production and, as a consequence, can promote deforestation, overfishing, urban sprawl, and wasteful uses of water. In 2015, agricultural support potentially harmful to nature amounted to $100 billion in countries belonging to the Organization for Economic Cooperation and Development, although some subsidy reforms to reduce unsustainable pesticide uses and adjust several other consequential development practices have been introduced","The Effect of IMF Programs on Deforestation","According to International Monetary Fund (IMF) officials, “The IMF is acutely aware that natural resource degradation that threatens growth cannot be ignored” (Fischer, 1996). Critics of IMF programs, however, claim that Fund policies hurt the environment by encoura ging budget cuts to environmental programs, promoting primary product export-oriented development, and inducing economic contractions that lead to extensive migration to marginal lands. As the first large -n study of the effects of IMF programs on the environment using a methodology that controls for nonrandom selection, our question is narrow: What is the effect of IMF programs on rates of deforestation? We use a dynamic version of the Heckman selection model to estimate the effect of the IMF with a data set of 2,258 observations from 112 countries from 1970 to 1990. We find that deforestation increases when governments participate in IMF programs, even after controlling for nonrandom selection.",NA,"","","",""
"a1231755","Climate change alone is projected to decrease ocean net primary production by between 3 and 10 per cent, and fish biomass by between 3 and 25 per cent (in low and high warming scenarios, respectively) by the end of the century","Global climate impacts of country-level primary carbonaceous aerosol from solid-fuel cookstove emissions","Cookstove use is globally one of the largest unregulated anthropogenic sources of primary carbonaceous aerosol. While reducing cookstove emissions through national-scale mitigation efforts has clear benefits for improving indoor and ambient air quality, and significant climate benefits from reduced green-house gas emissions, climate impacts associated with reductions to co-emitted black (BC) and organic carbonaceous aerosol are not well characterized. Here we attribute direct, indirect, semi-direct, and snow/ice albedo radiative forcing (RF) and associated global surface temperature changes to national-scale carbonaceous aerosol cookstove emissions. These results are made possible through the use of adjoint sensitivity modeling to relate direct RF and BC deposition to emissions. Semi- and indirect effects are included via global scaling factors, and bounds on these estimates are drawn from current literature ranges for aerosol RF along with a range of solid fuel emissions characterizations. Absolute regional temperature potentials are used to estimate global surface temperature changes. Bounds are placed on these estimates, drawing from current literature ranges for aerosol RF along with a range of solid fuel emissions characterizations. We estimate a range of 0.16 K warming to 0.28 K cooling with a central estimate of 0.06 K cooling from the removal of cookstove aerosol emissions. At the national emissions scale, countries' impacts on global climate range from net warming (e.g., Mexico and Brazil) to net cooling, although the range of estimated impacts for all countries span zero given uncertainties in RF estimates and fuel characterization. We identify similarities and differences in the sets of countries with the highest emissions and largest cookstove temperature impacts (China, India, Nigeria, Pakistan, Bangladesh and Nepal), those with the largest temperature impact per carbon emitted (Kazakhstan, Estonia, and Mongolia), and those that would provide the most efficient cooling from a switch to fuel with a lower BC emission factor (Kazakhstan, Estonia, and Latvia). The results presented here thus provide valuable information for climate impact assessments across a wide range of cookstove initiatives.","https://doi.org/10.1088/1748-9326/10/11/114003","","","",""
"93bfd1dd","Climate change alone is projected to decrease ocean net primary production by between 3 and 10 per cent, and fish biomass by between 3 and 25 per cent (in low and high warming scenarios, respectively) by the end of the century","Projections of oceanic N 2 O emissions in the 21st century using the IPSL Earth system model","Abstract. The ocean is a substantial source of nitrous oxide (N2O) to the atmosphere, but little is known about how this flux might change in the future. Here, we investigate the potential evolution of marine N2O emissions in the 21st century in response to anthropogenic climate change using the global ocean biogeochemical model NEMO-PISCES. Assuming nitrification as the dominant N2O formation pathway, we implemented two different parameterizations of N2O production which differ primarily under low-oxygen (O2) conditions. When forced with output from a climate model simulation run under the business-as-usual high-CO2 concentration scenario (RCP8.5), our simulations suggest a decrease of 4 to 12 % in N2O emissions from 2005 to 2100, i.e., a reduction from 4.03/3.71 to 3.54/3.56 TgN yr−1 depending on the parameterization. The emissions decrease strongly in the western basins of the Pacific and Atlantic oceans, while they tend to increase above the oxygen minimum zones (OMZs), i.e., in the eastern tropical Pacific and in the northern Indian Ocean. The reduction in N2O emissions is caused on the one hand by weakened nitrification as a consequence of reduced primary and export production, and on the other hand by stronger vertical stratification, which reduces the transport of N2O from the ocean interior to the ocean surface. The higher emissions over the OMZ are linked to an expansion of these zones under global warming, which leads to increased N2O production, associated primarily with denitrification. While there are many uncertainties in the relative contribution and changes in the N2O production pathways, the increasing storage seems unequivocal and determines largely the decrease in N2O emissions in the future. From the perspective of a global climate system, the averaged feedback strength associated with the projected decrease in oceanic N2O emissions amounts to around −0.009 W m−2 K−1, which is comparable to the potential increase from terrestrial N2O sources. However, the assessment for a potential balance between the terrestrial and marine feedbacks calls for an improved representation of N2O production terms in fully coupled next-generation Earth system models.","https://doi.org/10.5194/bg-12-4133-2015","","","",""
"d88c8648","Nature provides a broad diversity of nutritious foods, medicines and clean water","Qualidade das informações contábeis, governança corporativa e desempenho financeiro: Uma análise comparativa de empresas brasileiras e francesas","CNPq - Conselho Nacional de Desenvolvimento Científico e Tecnológico","https://doi.org/10.36229/978-65-5866-247-1.cap.05","","","",""
"b92542c3","Nature provides a broad diversity of nutritious foods, medicines and clean water","Engaging the conservation community in the IPBES process","There is increasing political and scientific recognition of the value of nature for human well-being (Díaz et al. 2015). However, trade-offs between human development and the environment continue to harm biodiversity and ecosystem services (BES) (Tittensor et al. 2014). The Intergovernmental Platform on Biodiversity and Ecosystem Services (IPBES) was established in 2012 as a science-policy platform to catalyze action on environmental issues by producing global and regional assessments that synthesize information on the state of the planet's biodiversity, its ecosystems, and the essential services they provide to society and to support policy formulation to prevent further declines in BES. The IPBES serves a complementary role to biodiversity-related conventions such as the Convention on Biodiversity (CBD) and has a similar synthesizing role to the Intergovernmental Platform on Climate Change (IPCC). A key novelty of IPBES is that it acknowledges that socioecological relationships are an explicit component of the biodiversity landscape. The IPBES is an international science-policy platform, with the expectation, opportunity, and responsibility for experts from many disciplines globally to engage with it. IPBES offers rigorous and synthesized scientific information on BES that can drive public engagement and policy dialogue (Redford et al. 2012). Prior recommendations to ensure high-quality assessment reports through rigorous and transparent review and participation of a broad range of experts (Pe'er et al. 2013) are being addressed through its stakeholder engagement strategy (SES), work programs, and rules of procedure. Stakeholders are involved in all IPBES functions, including the contribution and integration of knowledge from scientists and indigenous and local knowledge systems (ILKs), integral to the platform's success. The first IPBES assessments, Pollinators, Pollination and Food Production and Scenario Analysis and Modelling of Biodiversity and Ecosystem Services, are near completion. The latter assessment provides guidelines for using scenarios and models in policy and decision-making contexts that will support upcoming global and regional assessments and a thematic assessment on land degradation and restoration. An open-ended stakeholder network is forming to facilitate the organization of stakeholders from government, nongovernmental organizations, the private sector, the scientific community, indigenous peoples, and local communities. Stakeholder involvement will be promoted through connections with existing stakeholder networks and by encouraging transdisciplinary dialogue and knowledge exchange and regional and local stakeholder participation in assessments and scenario development. Governments and stakeholders can nominate individuals to serve as experts in IPBES assessments, with stakeholders identifying up to 20% of those selected. The Society for Conservation Biology (SCB) is one of many stakeholders that have contributed nominations, facilitated government nominations through advertising IPBES nomination processes, and connected individuals to the process. An ongoing challenge involves broadening this stakeholder group, which is dominated by western natural scientists and biodiversity-related government and nongovernmental organizations. Professional societies and networks are ideally positioned to encourage contributions to IPBES assessments and task forces through their networks of relevant experts. For example, SCB can connect IPBES with known gaps in disciplinary expertise, such as SCB's Social Sciences Working Group, and promote more diverse geographic participation through its regional sections. Mechanisms are in place to ensure the transparency and integrity of IPBES products, based on robust science and knowledge (Redford et al. 2012; Pe'er et al. 2013; Hochkirch et al. 2015; Larigauderie 2015). The IPBES procedures provide standards for inclusion of peer-reviewed information, evaluation and communication of uncertainty, and robust and transparent processes for revision, approval, and adoption of assessment reports and summary documents. To avoid bias, experts do not represent particular industries, governments, or regions, and conflicts of Interest must be reported (Larigauderie 2015). Clear disciplinary biases were evident in the selection of the interim multidisciplinary expert panel (MEP); members were predominantly natural scientists, with poor representation of gender, disciplinary diversity, and ILK. The SCB and other stakeholders were strong catalysts in the recognition of this lack of diversity, resulting in a revised MEP nomination structure that is promoting diversity of this expert panel. In response, a more diverse second MEP was selected at the third plenary session (Montana & Borie 2015). In addition to its role in delivering global, regional, and thematic assessments, IPBES aims to develop policy-relevant tools and methods to help translate BES knowledge into informed decision making and to promote dialogue between the scientific community, knowledge holders, and the broader stakeholder community and decision makers. Scenarios help people explore the effects of alternative development and policy options on BES and help counter the current reactive mode of decision making, in which society responds to the degradation of BES in an uncoordinated, often sectorial fashion. Direct involvement of stakeholders at national and subnational scales should improve the policy relevance of BES scenarios and provide broader perspectives on management solutions, trade-offs, and synergies between biodiversity conservation and other uses of the natural environment. Key capacities that require attention include strengthening the ability of currently underrepresented groups to participate in IPBES assessments; developing and strengthening the participatory mechanism for ILKs; and supporting the mobilization and alignment of financial and technical resources. Task forces on capacity building and ILK have developed recommendations that should catalyze funding and commence initiatives, such as the development of training programs for BES scenarios (e.g., ScenNet) and development of an ILK network. The IPBES relies almost entirely on voluntary contributions of scientists and knowledge holders to develop and review assessment documents, and increasing this capacity is a key priority. The IPBES Young Fellows Pilot Programme was launched in 2015 and aims to encourage early career scientists to contribute to assessments; over 400 applications were received. The Task Force on Capacity Building has developed a “matchmaking facility” to encourage dialogue between those offering financial and technical support and those requiring it. The IPBES can also partner with societies, including SCB, to provide training courses and workshops concurrently with society conferences. Language and cultural challenges continue to be poorly addressed, and IPBES should prioritize translation of its products into multiple languages. Regional stakeholder networks such as SCB could support IPBES by facilitating these translations.","https://doi.org/10.1111/cobi.12630","","","",""
"57b1b498","Economic instruments that may be harmful to nature include subsidies, financial transfers, subsidized credit, tax abatements, and prices for commodities and industrial goods that hide environmental and social costs. Such instruments favour unsustainable production and, as a consequence, can promote deforestation, overfishing, urban sprawl, and wasteful uses of water. In 2015, agricultural support potentially harmful to nature amounted to $100 billion in countries belonging to the Organization for Economic Cooperation and Development, although some subsidy reforms to reduce unsustainable pesticide uses and adjust several other consequential development practices have been introduced","Réflexions sur le concept de soutenabilité sociale dans le contexte des pays du Sud","Réflexions sur le concept de soutenabilité sociale dans le contexte des pays du Sud 1","https://doi.org/10.3917/med.156.0007","","","",""
"22a0be49","Economic instruments that may be harmful to nature include subsidies, financial transfers, subsidized credit, tax abatements, and prices for commodities and industrial goods that hide environmental and social costs. Such instruments favour unsustainable production and, as a consequence, can promote deforestation, overfishing, urban sprawl, and wasteful uses of water. In 2015, agricultural support potentially harmful to nature amounted to $100 billion in countries belonging to the Organization for Economic Cooperation and Development, although some subsidy reforms to reduce unsustainable pesticide uses and adjust several other consequential development practices have been introduced","Rescuing the Libertarian Non-Aggression Principle","Abstract Many libertarians ground their theory of justice in a non-aggression principle (NAP). The NAP is often the basis for the libertarian condemnation of state action – that it is necessarily aggressive and therefore unjust. This approach is often criticised insofar as it defines aggression, in part, as the violation of legitimate property rights, and is therefore parasitical upon a prior – and unjustified – theory of property. While it is true that libertarians who defend the NAP sometimes fail to give a satisfactory account of its relationship to libertarian property rights, such an account is in fact available. A commitment to property rights and to non-aggression can both be grounded in a commitment to non-interference. Such a principle, then, brings together the NAP and the theory of property it is parasitical upon, thus saving the unity and austerity of the overall approach.","https://doi.org/10.1515/mopp-2017-0007","","","",""
"13d05eba","Nature provides a broad diversity of nutritious foods, medicines and clean water","Wind load prediction on single tree with integrated approach of L-system fractal model, wind tunnel, and tree aerodynamic simulation","In this work, we adopt the integration of the L-system fractal tree generation, 3D printed wind tunnel modeling, and computational fluid dynamics (CFD) simulation approach to model the wind effect on a single tree. We compare the agreement between CFD simulations and wind tunnel measurements of rigid branched structures resembling trees. First, fractal tree mesh models based on species growth and branching patterns are developed to represent tree species for wind–tree modeling. Subsequently, a scaled-down fractal tree is generated with 3D-printing and subjected to tunnel testing with load cell and particle image velocimetry measurement data under the wind speed of 10 m/s and 15 m/s. Finally, CFD based on Reynolds-Average Navier–Stokes (RANS) simulation with a full closure model and Large Eddy Simulation (LES) using appropriate momentum sink and turbulence source terms for the volumetric tree is carried out. We use both the volume-average porous media and the volume-splitting discretized zones (split number 10 × 10 × 10) to reproduce the momentum sink effect in the numerical simulation. Three tree species, namely, Peltophorum pterocarpum (yellow flame), Khaya senegalensis (African mahogany), and Hopea odorata (ironwood), are tested, and a reasonable agreement of drag force prediction and velocity profiles is obtained when comparing the CFD simulation results with wind tunnel data. The RANS modeled drag force results exhibit 20% of over-prediction, while the normalized velocity profiles display a good match of velocity decay at the tree leeward sides. On the other hand, LES produces much better results with only 3% discrepancy with the experimental results. A comparison of experimental results among the tree species is also carried out. Due to the actual random wind direction, tree slenderness representation, and structural flexibility issues, the current methodology still has the limitation for validation with urban on-site measurement. Nonetheless, this integrated approach is the first step in establishing modeling tool applicability to examine the effect of the forest structure and composition on wind loads.","https://doi.org/10.1063/1.5144628","","","",""
"0f814c84","Nature provides a broad diversity of nutritious foods, medicines and clean water","Urban forest vulnerability and its implications for ecosystem service supply at multiple scales","The urban forest is a valuable ecosystem service provider that is garnering increasing attention in environmental research and municipal planning agendas. However, because of its location in heavily built-up and densely-settled environments, the urban forest is vulnerable. The purpose of this dissertation is to conceptualize, assess, and analyze urban forest ecosystems and their vulnerability at multiple spatial and temporal scales. An urban forest ecosystem classification framework that integrates biophysical, built, and human components is developed. Subsequent classification of ecosystems at the neighbourhood scale reveals the spatial arrangement of several social-ecological interactions. Such information is valuable to ecosystem-based decision support while also informing future vulnerability research. The investigation of ecosystem vulnerability began with the development of a theory-based conceptual framework. Urban forest vulnerability is defined as the likelihood of decline in ecosystem service supply and its associated benefits for human populations, urban infrastructure, and biodiversity. It is comprised of exposure, sensitivity, and adaptive capacity, which describe the built environment and associated stressors, urban forest structure, and the human population, respectively. This framework is applied using empirical field research in Toronto, Canada to explore the processes of vulnerability and their influence on ecological change. Results indicate that there are several significant predictors of urban forest decline and mortality, and emphasize the importance of applying diverse metrics to describe the built environment and urban forest structure at fine spatial scales. Vulnerability assessment and analysis at much broader spatial and temporal scales, using a spatially-explicit assessment approach and ecological modelling of alternative management and disturbance scenarios, is further investigated. This latter research emphasizes the importance of aligning scales of management with ecosystem function and the long-term influence of management intervention on ecological conditions. The multiple scales of investigation and methodological approaches developed in this study provide complementary opportunities to synthesize and apply existing theory in novel settings while also generating new theories pertaining to the processes of urban ecosystem change and decline. The intention of this study is to contribute to the understanding of urban forest ecosystems and their vulnerability, while also providing practical knowledge and tools for the sustainable management of this resource.","https://doi.org/10.32920/ryerson.14652969","","","",""
"f44d9817","Economic instruments that may be harmful to nature include subsidies, financial transfers, subsidized credit, tax abatements, and prices for commodities and industrial goods that hide environmental and social costs. Such instruments favour unsustainable production and, as a consequence, can promote deforestation, overfishing, urban sprawl, and wasteful uses of water. In 2015, agricultural support potentially harmful to nature amounted to $100 billion in countries belonging to the Organization for Economic Cooperation and Development, although some subsidy reforms to reduce unsustainable pesticide uses and adjust several other consequential development practices have been introduced","Development of protected areas : agriculture, conservation, and political decentralization in the La Amistad Pacific Conservation Area of Costa Rica","Many have provided years of support, patience, and encouragement in making it possible for me to pursue my education and the research presented here.I would like to thank James, Judy, Jeff, Carley, and Olivia for their unconditional support of a firstgeneration college student over these years.I would also like to thank the Ronald E. McNair Program for introducing me to the many opportunities available through research and higher education and for providing me the support I needed to pursue both undergraduate research","https://doi.org/10.32469/10355/44221","","","",""
"3d5fa0b6","The specific actions taken will typically be case-specific and therefore will require careful assessment of evolutionary potential and consequences. In many cases, the best strategy could be to simply maintain the ability of natural populations to respond evolutionarily on their own - rather than through direct human manipulation of evolution. B. Direct and indirect drivers of change have accelerated during the past 50 years","Phylogenetic trees and the future of mammalian biodiversity","© 2009 by the National Academy of Sciences. All rights reserved. Phylogenies describe the origins and history of species. However, they can also help to predict species' fates and so can be useful tools for managing the future of biodiversity. This chapter starts by sketching how phylogenetic, geographic, and trait information can be combined to elucidate present mammalian diversity patterns and how they arose. Recent diversification rates and standing diversity show different geographic patterns, indicating that cradles of diversity have moved over time. Patterns in extinction risk reflect both biological differences among mammalian lineages and differences in threat intensity among regions. Phylogenetic comparative analyses indicate that for small-bodied mammals, extinction risk is governed mostly by where the species live and the intensity of the threats, whereas for large-bodied mammals, ecological differences also play an important role. This modeling approach identifies species whose intrinsic biology renders them particularly vulnerable to increased human pressure. We outline how the approach might be extended to consider future trends in anthropogenic drivers, to identify likely future battlegrounds of mammalian conservation, and the likely casualties. This framework could help to highlight consequences of choosing among different future climatic and socioeconomic scenarios. We end by discussing priority-setting, showing how alternative currencies for diversity can suggest very different priorities. We argue that aiming to maximize long-term evolutionary responses is inappropriate, that conservation planning needs to consider costs as well as benefits, and that proactive conservation of largely intact systems should be part of a balanced strategy.",NA,"","","",""
"d553e3e0","Economic instruments that may be harmful to nature include subsidies, financial transfers, subsidized credit, tax abatements, and prices for commodities and industrial goods that hide environmental and social costs. Such instruments favour unsustainable production and, as a consequence, can promote deforestation, overfishing, urban sprawl, and wasteful uses of water. In 2015, agricultural support potentially harmful to nature amounted to $100 billion in countries belonging to the Organization for Economic Cooperation and Development, although some subsidy reforms to reduce unsustainable pesticide uses and adjust several other consequential development practices have been introduced","Agricultural subsidies and forest clearing in Malawi","SUMMARY Forests are an important source of environmental services and livelihoods in Africa, thus it is important to determine potential drivers of forest loss. Over recent decades, forest cover has been declining steadily in Malawi. This paper attempts to evaluate the influence of agricultural input subsidies on forest conversion in Malawi. A two-stage regression model analysis of 2009 farm survey data from Chimaliro and Liwonde Forest reserves in Kasungu and Machinga districts, respectively, did not reveal direct evidence of policy-induced forest clearing for agricultural expansion. Instead, subsidy-induced agricultural intensification of food crops, especially maize, appeared to have reduced the rate and extent of forest clearing among households in Malawi compared with households not benefiting from subsidies. However, indirect negative impacts on forests arose due to offtake of trees to construct drying sheds for tobacco, a local cash crop. These findings have implications for designing strategies for simultaneously conserving forests while promoting food security in rural areas, and shed light on the direct and indirect effects of input subsidies.","https://doi.org/10.1017/s0376892912000252","","","",""
"5b4b5874","Economic instruments that may be harmful to nature include subsidies, financial transfers, subsidized credit, tax abatements, and prices for commodities and industrial goods that hide environmental and social costs. Such instruments favour unsustainable production and, as a consequence, can promote deforestation, overfishing, urban sprawl, and wasteful uses of water. In 2015, agricultural support potentially harmful to nature amounted to $100 billion in countries belonging to the Organization for Economic Cooperation and Development, although some subsidy reforms to reduce unsustainable pesticide uses and adjust several other consequential development practices have been introduced","A Better Account of Constitutional Contractarianism Implies a Cooperative Form of Governance of the Sharing Economy: Critical Assessment of Hielscher, Everding, and Pies’ (2022) “Ordo-responsibility in the Sharing Economy: A Social Contracts Perspective”","This commentary aims to discuss the article “Ordo-responsibility in the Sharing Economy: A Social Contracts Perspective” from a sympathetic viewpoint toward its implementation of a constitutional contractarian approach to business ethics and due consideration of digital platforms as institutions resulting from a social contract. Nevertheless, the commentary also wants to criticize the article’s interpretation of constitutional contractarian theory and institutional reconstruction of the phenomenon, and thus even the governance structure it is proposed for sharing platforms. The commentary presents another understanding of constitutional contractarianism, referring to both the ex ante agreement and the ex post compliance problem. Moreover, it reframes the history of the evolutionary process of institutions’ selection within the domain of the sharing economy consistently with the idea that the Internet should be framed as a common pool resource. In this way, the commentary suggests an alternative governance structure for sharing platforms, that is, platform cooperatives.","https://doi.org/10.1017/beq.2024.8","","","",""
"c7653fb7","In contrast, substantial increases in food, feed, timber and bioenergy production are predicted in most scenarios","Tagged tracer simulations of black carbon in the Arctic: transport, source contributions, and budget","Abstract. We implemented a tagged tracer method of black carbon (BC) into a global chemistry transport model, GEOS-Chem, examined the pathways and efficiency of long-range transport from a variety of anthropogenic and biomass burning emission sources to the Arctic, and quantified the source contributions of individual emissions. Firstly, we evaluated the simulated BC by comparing it with observations at the Arctic sites and examined the sensitivity of an aging parameterization and wet scavenging rate by ice clouds. For tagging BC, we added BC tracers distinguished by source types (anthropogenic and biomass burning) and regions; the global domain was divided into 16 and 27 regions for anthropogenic and biomass burning emissions, respectively. Our simulations showed that BC emitted from Europe and Russia was transported to the Arctic mainly in the lower troposphere during winter and spring. In particular, BC transported from Russia was widely spread over the Arctic in winter and spring, leading to a dominant contribution of 62 % to the Arctic BC near the surface as the annual mean. In contrast, BC emitted from East Asia was found to be transported in the middle troposphere into the Arctic mainly over the Sea of Okhotsk and eastern Siberia during winter and spring. We identified an important window area, which allowed a strong incoming of East Asian BC to the Arctic (130–180° E and 3–8 km of altitude at 66° N). The model demonstrated that the contribution from East Asia to the Arctic had a maximum at about 5 km of altitude due to uplifting during long-range transport in early spring. The efficiency of BC transport from East Asia to the Arctic was lower than that from other large source regions such as Europe, Russia, and North America. However, the East Asian contribution was the most important for BC in the middle troposphere (41 %) and the BC burden over the Arctic (27 %) because of the large emissions from this region. These results suggested that the main sources of Arctic BC differed with altitude. The contribution of all the anthropogenic sources to Arctic BC concentrations near the surface was dominant (90 %) on an annual basis. The contributions of biomass burning in boreal regions (Siberia, Alaska, and Canada) to the annual total BC deposition onto the Arctic were estimated to be 12–15 %, which became the maximum during summer.","https://doi.org/10.5194/acp-17-10515-2017","","","",""
"ff00a9d5","For example, species that are large, grow slowly, are habitat specialists or are carnivores – such as great apes, tropical hardwood trees, sharks and big cats – are disappearing from many areas. Many other species, including those with opposite characteristics, are becoming more abundant locally and are spreading quickly around the world; across a set of 21 countries with detailed records, the numbers of invasive alien species per country have risen by some 70 per cent since 1970","Declines in large wildlife increase landscape-level prevalence of rodent-borne disease in Africa","Populations of large wildlife are declining on local and global scales. The impacts of this pulse of size-selective defaunation include cascading changes to smaller animals, particularly rodents, and alteration of many ecosystem processes and services, potentially involving changes to prevalence and transmission of zoonotic disease. Understanding linkages between biodiversity loss and zoonotic disease is important for both public health and nature conservation programs, and has been a source of much recent scientific debate. In the case of rodent-borne zoonoses, there is strong conceptual support, but limited empirical evidence, for the hypothesis that defaunation, the loss of large wildlife, increases zoonotic disease risk by directly or indirectly releasing controls on rodent density. We tested this hypothesis by experimentally excluding large wildlife from a savanna ecosystem in East Africa, and examining changes in prevalence and abundance of Bartonella spp. infection in rodents and their flea vectors. We found no effect of wildlife removal on per capita prevalence of Bartonella infection in either rodents or fleas. However, because rodent and, consequently, flea abundance doubled following experimental defaunation, the density of infected hosts and infected fleas was roughly twofold higher in sites where large wildlife was absent. Thus, defaunation represents an elevated risk in Bartonella transmission to humans (bartonellosis). Our results (i) provide experimental evidence of large wildlife defaunation increasing landscape-level disease prevalence, (ii) highlight the importance of susceptible host regulation pathways and host/vector density responses in biodiversity-disease relationships, and (iii) suggest that rodent-borne disease responses to large wildlife loss may represent an important context where this relationship is largely negative.","https://doi.org/10.1073/pnas.1404958111","","","",""
"e5b4650a","Economic instruments that may be harmful to nature include subsidies, financial transfers, subsidized credit, tax abatements, and prices for commodities and industrial goods that hide environmental and social costs. Such instruments favour unsustainable production and, as a consequence, can promote deforestation, overfishing, urban sprawl, and wasteful uses of water. In 2015, agricultural support potentially harmful to nature amounted to $100 billion in countries belonging to the Organization for Economic Cooperation and Development, although some subsidy reforms to reduce unsustainable pesticide uses and adjust several other consequential development practices have been introduced","Building a Resilient and Sustainable Agriculture in Sub-Saharan Africa","Open access edited collection of selected papers of policy and operational relevance presented at the African Economic Conference 2016 on sustainable agriculture","https://doi.org/10.1007/978-3-319-76222-7","","","",""
"1a021899","Marine ecosystems, from coastal to deep sea, now show the influence of human actions, with coastal marine ecosystems showing both large historical losses of extent and condition as well as rapid ongoing declines.","Channelizing Streams for Agricultural Drainage Impairs their Nutrient Removal Capacity","In agricultural basins, fluvial ecosystems can work as filters when retaining the nutrient excess from agricultural activities, mitigating the impacts downstream. In frequently flooded areas, like the Pampas Region of Argentina, natural streams are being channelized to reduce flood frequency and intensity, thus increasing land suitability for crop production, but the impact of these interventions on nutrient removal capacity by streams is unknown. To evaluate the effects of channelizing streams on the assimilation rate of nitrate, ammonia, and phosphorus, nutrient addition experiments were performed in streams of the southern Pampas under three different conditions: (i) channelized reaches without Schoenoplectus californicus (C.A. Mey.) Palla (reeds), (ii) unchannelized reaches without reeds, and (iii) unchannelized reaches with reeds. Assimilation rates were estimated by applying the one‐dimensional transport with inflow and storage (OTIS) model, which considers the solute transport with lateral flow and storage. Nitrate and ammonia uptake rates were higher in unchannelized than in channelized stream reaches, and a higher nitrate assimilation rate was found in the presence of reeds, indicating an important role of this macrophyte in the nitrate uptake. In the case of phosphorous, uptake rates were higher in unchannelized reaches with reeds than in the channelized reaches. These results suggest that channelizing first‐order streams in agricultural landscapes of the Argentine Pampas may significantly reduce the ability of streams to mitigate nutrients loss to continental and marine water sinks. Core Ideas Channelizing streams significantly reduces their capacity of nutrient removal. Assimilation velocity and areal uptake rate ( U ) were the main affected parameters. Median reductions of nitrogen U due to channelization varied between 34 and 86%. Median reductions of phosphorus U due to channelization varied between 63 and 75%. Nutrients removal in nonchannelized streams is enhanced by reed cover.","https://doi.org/10.2134/jeq2018.07.0264","","","",""
"5cd5b1a9","Climate change alone is projected to decrease ocean net primary production by between 3 and 10 per cent, and fish biomass by between 3 and 25 per cent (in low and high warming scenarios, respectively) by the end of the century","Phytoplankton competition during the spring bloom in four plankton functional type models","Abstract. We investigated the mechanisms of phytoplankton competition during the spring bloom, one of the most dramatic seasonal events in lower-trophic-level ecosystems, in four state-of-the-art plankton functional type (PFT) models: PISCES, NEMURO, PlankTOM5 and CCSM-BEC. In particular, we investigated the relative importance of different ecophysiological processes on the determination of the community structure, focusing both on the bottom-up and the top-down controls. The models reasonably reproduced the observed global distribution and seasonal variation of phytoplankton biomass. The fraction of diatoms with respect to the total phytoplankton biomass increases with the magnitude of the spring bloom in all models. However, the governing mechanisms differ between models, despite the fact that current PFT models represent ecophysiological processes using the same types of parameterizations. The increasing trend in the percentage of diatoms with increasing bloom magnitude is mainly caused by a stronger nutrient dependence of diatom growth compared to nanophytoplankton (bottom-up control). The difference in the maximum growth rate plays an important role in NEMURO and PlankTOM5 and determines the absolute values of the percentage of diatoms during the bloom. In CCSM-BEC, the light dependency of growth plays an important role in the North Atlantic and the Southern Ocean. The grazing pressure by zooplankton (top-down control), however, strongly contributes to the dominance of diatoms in PISCES and CCSM-BEC. The regional differences in the percentage of diatoms in PlankTOM5 are mainly determined by top-down control. These differences in the mechanisms suggest that the response of marine ecosystems to climate change could significantly differ among models, even if the present-day ecosystem is reproduced to a similar degree of confidence. For further understanding of plankton competition and for the prediction of future change in marine ecosystems, it is important to understand the relative differences in each physiological rate and life history rate in the bottom-up and the top-down controls between PFTs.","https://doi.org/10.5194/bg-10-6833-2013","","","",""
"0ab58ac0","In contrast, substantial increases in food, feed, timber and bioenergy production are predicted in most scenarios","Emiliania huxleyi endures N-limitation with an efficient metabolic budgeting and effective ATP synthesis","BACKGROUND: Global change will affect patterns of nutrient upwelling in marine environments, potentially becoming even stricter regulators of phytoplankton primary productivity. To better understand phytoplankton nutrient utilization on the subcellular basis, we assessed the transcriptomic responses of the life-cycle stages of the biogeochemically important microalgae Emiliania huxleyi to nitrogen-limitation. Cells grown in batch cultures were harvested at 'early' and 'full' nitrogen-limitation and were compared with non-limited cells. We applied microarray-based transcriptome profilings, covering ~10.000 known E. huxleyi gene models, and screened for expression patterns that indicate the subcellular responses. RESULTS: The diploid life-cycle stage scavenges nitrogen from external organic sources and -like diatoms- uses the ornithine-urea cycle to rapidly turn over cellular nitrogen. The haploid stage reacts similarly, although nitrogen scavenging is less pronounced and lipid oxidation is more prominent. Generally, polyamines and proline appear to constitute major organic pools that back up cellular nitrogen. Both stages induce a malate:quinone-oxidoreductase that efficiently feeds electrons into the respiratory chain and drives ATP generation with reduced respiratory carbon throughput. CONCLUSIONS: The use of the ornithine-urea cycle to budget the cellular nitrogen in situations of limitation resembles the responses observed earlier in diatoms. This suggests that underlying biochemical mechanisms are conserved among distant clades of marine phototrophic protists. The ornithine-urea cycle and proline oxidation appear to constitute a sensory-regulatory system that monitors and controls cellular nitrogen budgets under limitation. The similarity between the responses of the life-cycle stages, despite the usage of different genes, also indicates a strong functional consistency in the responses to nitrogen-limitation that appears to be owed to biochemical requirements. The malate:quinone-oxidoreductase is a genomic feature that appears to be absent from diatom genomes, and it is likely to strongly contribute to the uniquely high endurance of E. huxleyi under nutrient limitation.","https://doi.org/10.1186/1471-2164-15-1051","","","",""
"bd0cc436","Economic instruments that may be harmful to nature include subsidies, financial transfers, subsidized credit, tax abatements, and prices for commodities and industrial goods that hide environmental and social costs. Such instruments favour unsustainable production and, as a consequence, can promote deforestation, overfishing, urban sprawl, and wasteful uses of water. In 2015, agricultural support potentially harmful to nature amounted to $100 billion in countries belonging to the Organization for Economic Cooperation and Development, although some subsidy reforms to reduce unsustainable pesticide uses and adjust several other consequential development practices have been introduced","Common property in the city: Curbing urban vacancy in São Paulo","The issue of urban vacancy is both a complex and a prevalent phenomenon in multiple contexts globally, providing an opening to address systemic issues of precarity. In this article, I explore the issue of urban vacancy in São Paulo, where the problem of vacant property has been highlighted for years alongside housing challenges and socio-spatial segregation. While São Paulo’s real estate market is often unreachable for the urban poor, a Brazilian constitutional directive on the social function of property – the obligation to use property to further the common good – enables municipalities to take punitive action against owners of vacant property through a triad of policy tools. Therefore, despite the often-exclusionary nature of vacancy, transformational possibilities may exist. Exploring the application of these tools, I view urban vacancy through a perspective on common property, untangling emergent contestations and opportunities for transformation.","https://doi.org/10.1177/00420980241271063","","","",""
"35de851f","Economic instruments that may be harmful to nature include subsidies, financial transfers, subsidized credit, tax abatements, and prices for commodities and industrial goods that hide environmental and social costs. Such instruments favour unsustainable production and, as a consequence, can promote deforestation, overfishing, urban sprawl, and wasteful uses of water. In 2015, agricultural support potentially harmful to nature amounted to $100 billion in countries belonging to the Organization for Economic Cooperation and Development, although some subsidy reforms to reduce unsustainable pesticide uses and adjust several other consequential development practices have been introduced","Political economy of Plan S: a post-foundational perspective on Open Access","Plan S, promoted by cOAlition S, is a significant attempt to hegemonize a specific form of Open Access (OA) as the future of academic publishing on a global level. It mandates that the results from Coalition-funded research must be published in fora compliant with its criteria. This article questions the Plan’s supposed radicalness from a political economy perspective with the help of post-foundational discourse theory. Specific attention will be paid to its implications for property rights as the contingent foundation of knowledge production. The Plan and OA will be examined within the context of globally unequal structures of scientific knowledge production and attempts to transform them into a more equal system. The analyzed data consist of the archive from the following sequence: (i) the publication of draft guidance on the implementation of the Plan, released by the Coalition in November 2018, (ii) a collection of feedback statements on the draft by the Coalition from November 2018 to February 2019, and (iii) release of the updated guidance adopted and published by the Coalition in May 2019. The primary object of analysis is the antagonism articulated towards the Plan within what is here termed the conservative-propertarian discursive formation.","https://doi.org/10.1080/2474736x.2021.1934049","","","",""
"cea68aa1","Economic instruments that may be harmful to nature include subsidies, financial transfers, subsidized credit, tax abatements, and prices for commodities and industrial goods that hide environmental and social costs. Such instruments favour unsustainable production and, as a consequence, can promote deforestation, overfishing, urban sprawl, and wasteful uses of water. In 2015, agricultural support potentially harmful to nature amounted to $100 billion in countries belonging to the Organization for Economic Cooperation and Development, although some subsidy reforms to reduce unsustainable pesticide uses and adjust several other consequential development practices have been introduced","Studies of Pricing in the New Economic Sociology: Premises and Prospects","Интервью с Нилом ФлигстиномЧитайте в номере: Бердышева Е. С. Тема ценообразования в новой экономической социологии: предпосылки, ракурсы, перспективы Никулин А. М. Олигархоз как преемник постколхоза Димаджио П. Дж., Пауэлл У. В. Новый взгляд на «железную клетку»: институциональный изоморфизм и коллективная рациональность в организационных полях","https://doi.org/10.17323/1726-3247-2010-1-111-127","","","",""
"e0e39f74","Emerging infectious diseases in wildlife, domestic animals, plants or people can be exacerbated by human activities such as land clearing and habitat fragmentation","Habitat destruction and overexploitation drive widespread declines in all facets of mammalian diversity in the Gran Chaco","Abstract Global biodiversity is under high and rising anthropogenic pressure. Yet, how the taxonomic, phylogenetic, and functional facets of biodiversity are affected by different threats over time is unclear. This is particularly true for the two main drivers of the current biodiversity crisis: habitat destruction and overexploitation. We provide the first long‐term assessment of multifaceted biodiversity changes caused by these threats for any tropical region. Focussing on larger mammals in South America's 1.1 million km2 Gran Chaco region, we assessed changes in multiple biodiversity facets between 1985 and 2015, determined which threats drive those changes, and identified remaining key areas for all biodiversity facets. Using habitat and threat maps, we found, first, that between 1985 and 2015 taxonomic (TD), phylogenetic (PD) and functional (FD) diversity all declined drastically across over half of the area assessed. FD declined about 50% faster than TD and PD, and these declines were mainly driven by species loss, rather than species turnover. Second, habitat destruction, hunting, and both threats together contributed ~57%, ~37%, and ~6% to overall facet declines, respectively. However, hunting pressure increased where TD and PD declined most strongly, whereas habitat destruction disproportionally contributed to FD declines. Third, just 23% of the Chaco would have to be protected to safeguard the top 17% of all three facets. Our findings uncover a widespread impoverishment of mammal species richness, evolutionary history, and ecological functions across broad areas of the Chaco due to increasing habitat destruction and hunting. Moreover, our results pinpoint key areas that should be preserved and managed to maintain all facets of mammalian diversity across the Chaco. More generally, our work highlights how long‐term changes in biodiversity facets can be assessed and attributed to specific threats, to better understand human impacts on biodiversity and to guide conservation planning to mitigate them.","https://doi.org/10.1111/gcb.15418","","","",""
"e9963212","Economic instruments that may be harmful to nature include subsidies, financial transfers, subsidized credit, tax abatements, and prices for commodities and industrial goods that hide environmental and social costs. Such instruments favour unsustainable production and, as a consequence, can promote deforestation, overfishing, urban sprawl, and wasteful uses of water. In 2015, agricultural support potentially harmful to nature amounted to $100 billion in countries belonging to the Organization for Economic Cooperation and Development, although some subsidy reforms to reduce unsustainable pesticide uses and adjust several other consequential development practices have been introduced","Table of Constitutions and Acts","Instrument of Government (1810, 1949, 1974, 1975, 1991)Constitution Act (1982)Albanian Constitution (1998)Basic Law for the Federal Republic of Germany (19","https://doi.org/10.1093/9780198907398.003.0017","","","",""
"ecdb7c4b","Nature underpins quality of life by providing basic life support for humanity -regulating-, as well as material goods -material- and spiritual inspiration -non-material-","Commoning Care: Feminist Degrowth Visions for a Socio-Ecological Transformation","This paper addresses the question of how to organize care in degrowth societies that call for social and ecological sustainability, as well as gender and environmental justice, without prioritizing one over the other. By building on degrowth scholarship, feminist economics, the commons, and decolonial feminisms, we rebut the strategy of shifting yet more unpaid care work to the monetized economy, thereby reinforcing the separation structure in economics. A feminist degrowth imaginary implies destabilizing prevalent dichotomies and overcoming the (inherent hierarchization in the) boundary between the monetized economy and the invisibilized economy of socio-ecological provisioning. The paper proposes an incremental, emancipatory decommodification and a commonization of care in a sphere beyond the public/private divide, namely the sphere of communitarian and transformative caring commons, as they persist at the margins of capitalism and are (re-)created by social movements around the world.HIGHLIGHTS Degrowth aims at creating human flourishing within planetary boundaries.As feminist degrowth scholarship, this study discusses degrowth visions for care work.It problematizes the shifting of yet more unpaid care work to the monetized economy.Instead, it proposes collective (re)organization in the sphere of the commons.Caring commons are no automatism for a gender-just redistribution of care work.","https://doi.org/10.1080/13545701.2021.1942511","","","",""
"81357f9c","Those proportions suggest that, of an estimated 8 million animal and plant species (75 per cent of which are insects), around 1 million are threatened with extinction","Seabird colonies as the main source of nutrients for the coastal ecosystems in the Atlantic Islands of Galicia National Park (NW Spain)","Seabirds form large colonies during the reproductive period, producing substantial changes in coastal ecosystems. The present study quantifies the amount of N and P deposited in colonies of yellow-legged gull (Larus michahellis) in the Atlantic Islands of Galicia National Park (AINP). Based on the composition of droppings, the amount of total N (TN), total P (TP) and bioavailable P (Pbio) deposited directly on the area occupied by the colony was determined. In addition, the amount of NH3 released into the atmosphere was also estimated by applying a bioenergetic model. The results indicated that 5.35 t total N, 3.35 t total P and 1.24 t bioavailable P are deposited in the colony annually. The archipelagos that received the greatest amount of nutrients were the Cíes Islands (2.37 t TN y−1, 1.48 t TP y−1, 0.55 t Pbio y−1), Sálvora (1.94 t TN y−1, 1.22 t TP y−1, 0.55 t Pbio y−1) and Ons (1.04 t TN y−1, 0.65 TP y−1, 0.24 t Pbio y−1). Rainwater from the colonies showed higher values of nutrients than in the control plot, possibly also due to gull influence. Therefore, the yellow-legged gull colony seems to be the most important source of nutrients at a local level, exerting a clear influence on the N and P cycles in this National Park. Another aspect worth taking into consideration is that increased N and P bioavailability may have a negative effect on the conservation of rare or threatened habitats and species by promoting the expansion of non-native ruderal species.","https://doi.org/10.1016/j.chemosphere.2021.130077","","","",""
"419c9dbf","The proportion of insect species threatened with extinction is a key uncertainty, but available evidence supports a tentative estimate of 10 per cent","FAR‐sighted conservation","Abstract Conservation targets that reference historical expectations, such as maintaining specified areas of intact ecosystems, restoring degraded ones or maintaining the historic distributions of species, may not be realistic in the context of ongoing environmental change, whereas targets that aspire to accommodate the complex realities of the human‐altered and changing world tend to be too vague to implement. Using the first three recently proposed Convention on Biological Diversity post‐2020 global biodiversity Action Targets as context, we suggest a policy framework that evaluates how we might shift from an emphasis on resisting sometimes inevitable change to the development of positive directions of change for people and biodiversity. Our Anthropocene approach builds on the fact that all ecosystems have already been shaped by interactions with people and that ongoing change is inevitable. We outline a Facilitate–Accept–Resist (FAR) framework for all levels of conservation decision‐making and actions, ranging from overall conservation strategies (planning, setting targets, monitoring change, selecting indicators) to the conservation of places (sites, ecosystems, landscapes) and species, and to the provision of ecosystem services and human well‐being. For each potential decision, the approach evaluates whether, for whom and how one might facilitate, accept or resist particular changes. We highlight the value of inclusive engagement in the process to ensure that benefits from biodiversity are equitably shared. The CBD Action targets reflect tensions between maintaining historic states of nature and the Anthropocene reality of integrating people with nature and accepting change. The challenge is to operationalize the inclusivity, integration and change elements of the targets whilst not ‘abandoning’ locations that many conservationists consider to be key places for wildlife. The FAR framework represents a way to operationalize decision‐making in the face of this tension, so that the facilitation and acceptance of positive biodiversity change is adopted at least as frequently as change is resisted.","https://doi.org/10.1002/2688-8319.12188","","","",""
"0787742a","Climate change alone is projected to decrease ocean net primary production by between 3 and 10 per cent, and fish biomass by between 3 and 25 per cent (in low and high warming scenarios, respectively) by the end of the century","Observing and managing seascapes: linking synoptic oceanography, ecological processes, and geospatial modelling","Abstract The capacity to observe, retrieve, and model the physiographical and hydrographical features of the sea (i.e. seascapes) has surpassed our ability to integrate this information into the assessment and stewardship of marine ecosystems. However, current marine policy that mandates integrated ecosystem assessments demands temporally intensive and spatially extensive predictions of key populations and ecosystem processes and services, particularly those related to habitat use and distribution. In this sense, seascape ecology represents an operational linkage between basic oceanography and applied ecology and management that embraces spatially explicit models of the dynamic distributions of populations, communities and foodwebs through a joint consideration of observational data and ecological processes. For these reasons, the ICES Journal of Marine Science solicited contributions to the article theme set, “Frontiers in seascape ecology”. In this introduction, we present current concepts and developments in seascape ecology, briefly summarize the 10 articles that appear herein, and discuss the most relevant challenges to this nascent discipline. The contributions included in this theme set illustrate the growing relevance of seascape ecology in the multidisciplinary management of marine ecosystems.","https://doi.org/10.1093/icesjms/fsw079","","","",""
"7281a30c","Climate change alone is projected to decrease ocean net primary production by between 3 and 10 per cent, and fish biomass by between 3 and 25 per cent (in low and high warming scenarios, respectively) by the end of the century","Net radiative forcing and air quality responses to regional CO emission reductions","Abstract. Carbon monoxide (CO) emissions influence global and regional air quality and global climate change by affecting atmospheric oxidants and secondary species. We simulate the influence of halving anthropogenic CO emissions globally and individually from 10 regions on surface and tropospheric ozone, methane, and aerosol concentrations using a global chemical transport model (MOZART-4 for the year 2005). Net radiative forcing (RF) is then estimated using the GFDL standalone radiative transfer model. We estimate that halving global CO emissions decreases global annual average concentrations of surface ozone by 0.45 ppbv, tropospheric methane by 73 ppbv, and global annual net RF by 36.1 mW m−2, nearly equal to the sum of changes from the 10 regional reductions. Global annual net RF per unit change in emissions and the 100-yr global warming potential (GWP100) are estimated as −0.124 mW m−2 (Tg CO yr−1)−1 and 1.34, respectively, for the global CO reduction, and ranging from −0.115 to −0.131 mW m−2 (Tg CO yr−1)−1 and 1.26 to 1.44 across 10 regions, with the greatest sensitivities for regions in the tropics. The net RF distributions show widespread cooling corresponding to the O3 and CH4 decreases, and localized positive and negative net RFs due to changes in aerosols. The strongest annual net RF impacts occur within the tropics (28° S–28° N) followed by the northern mid-latitudes (28° N–60° N), independent of reduction region, while the greatest changes in surface CO and ozone concentrations occur within the reduction region. Some regional reductions strongly influence the air quality in other regions, such as East Asia, which has an impact on US surface ozone that is 93% of that from North America. Changes in the transport of CO and downwind ozone production clearly exceed the direct export of ozone from each reduction region. The small variation in CO GWPs among world regions suggests that future international climate agreements could adopt a globally uniform metric for CO with little error, or could use different GWPs for each continent. Doing so may increase the incentive to reduce CO through coordinated policies addressing climate and air quality.","https://doi.org/10.5194/acpd-12-33443-2012","","","",""
"86e56039","Economic instruments that may be harmful to nature include subsidies, financial transfers, subsidized credit, tax abatements, and prices for commodities and industrial goods that hide environmental and social costs. Such instruments favour unsustainable production and, as a consequence, can promote deforestation, overfishing, urban sprawl, and wasteful uses of water. In 2015, agricultural support potentially harmful to nature amounted to $100 billion in countries belonging to the Organization for Economic Cooperation and Development, although some subsidy reforms to reduce unsustainable pesticide uses and adjust several other consequential development practices have been introduced","How Are Land-Use Multi-stakeholder Fora Affected by Their Contexts?","Multi-stakeholder mechanisms have been touted as a more democratic and equitable alternative to forest and land use decision-making. It has been argued that these processes do not address power relations and thus maintain the status quo. In this chapter, we examine eight Multi-stakeholder fora in the Peruvian Amazon, half of which have been set up in the Madre de Dios region, and the other half in the San Martin region, both in the Peruvian Amazon. These regions represent two different poles of development paradigms in Peru. While the chapter does not provide a definitive answer around whether multi-stakeholder processes can address power inequalities, three preliminary ideal types are used to analyze these mechanisms, drawn from a realist synthesis review of the literature: decision-making, management and influence. This chapter illuminates how multi-stakeholder fora are affected by their contexts, as well as their process and outcomes.","https://doi.org/10.1017/9781108684439.011","","","",""
"3fab41d9","Economic instruments that may be harmful to nature include subsidies, financial transfers, subsidized credit, tax abatements, and prices for commodities and industrial goods that hide environmental and social costs. Such instruments favour unsustainable production and, as a consequence, can promote deforestation, overfishing, urban sprawl, and wasteful uses of water. In 2015, agricultural support potentially harmful to nature amounted to $100 billion in countries belonging to the Organization for Economic Cooperation and Development, although some subsidy reforms to reduce unsustainable pesticide uses and adjust several other consequential development practices have been introduced","Fairtrade labour certification: the contested incorporation of plantations and workers","Fair trade seeks to promote the well-being and empowerment of farmers and workers in the Global South. This article traces the contested growth and configuration of Fairtrade International labour certification, providing a multifaceted and dynamic view of private regulation. I explain why Fairtrade International began certifying large enterprises and how its hired labour strategy has developed over time, illuminating fair trade’s move from peasant to plantation sectors, stakeholder involvement in shaping the growth of Fairtrade labour certification, the internal and external balancing of farmer and worker concerns, and major innovations in Fairtrade’s ‘New Workers Rights Strategy’. My findings challenge the claim that recent market mainstreaming explains the rise of labour certification within fair trade and the more general argument that private regulatory programmes founded to foster empowerment evolve over time to prioritise a logic of control. As I document, Fairtrade International has recently moved to bolster producer power within its organisation and labour rights within its certification programme. My analysis reveals the dynamic nature of private regulatory programmes and the potentially influential role of diverse stakeholders in shaping the priorities of Fairtrade and other labour-standards systems.","https://doi.org/10.1080/01436597.2016.1272408","","","",""
"9c0b66da","Nature provides a broad diversity of nutritious foods, medicines and clean water","Translocation and hand‐rearing result in short‐tailed albatrosses returning to breed in the Ogasawara Islands 80 years after extirpation","Abstract Restoration or establishment of colonies using translocation and hand‐rearing can be an effective tool for conserving birds. However, well‐designed post‐release evaluation studies for long‐lived species are rarely implemented. We investigated the attendance and breeding attempts of hand‐reared short‐tailed albatross (STAL)Phoebastria albatruschicks (n = 69) translocated to a historic breeding island in the Ogasawara Islands, 350 km from the source colony, for 8 consecutive years after the first translocation. Thirty‐nine percent of hand‐reared birds (n = 27) returned to the translocation site at least once per breeding season, of which 67% (n = 18) also visited the natal island. The number of hand‐reared birds returning each year was lower at the translocation site (mean: 0.3–2.3 birds per day) versus the natal island (0.4–3.5 birds per day). The first breeding attempt occurred 5 years after the first translocation. Three pairs (producing three chicks) recruited to the translocation site or neighboring islands and five pairs (producing nine chicks) recruited to the natal island by 8 years after the first translocation. Every hand‐reared bird that raised a chick paired with a naturally reared bird. At the translocation site and neighboring islands, two hand‐reared birds paired with a mate from the natal island and a breeding colony 1850 km away, respectively, while the parents of the third chick were unknown. Their breeding at the translocation region was observed among conspecific social attractants (decoys, audio playback; one pair) or congeners (two pairs). Our preliminary results suggest that even though more translocated and hand‐reared albatrosses visited and recruited to their natal island compared to the translocation site, the early re‐establishment of breeding by short‐tailed albatrosses in the Ogasawara Islands 80 years after extirpation would not have occurred without the initial translocation effort. Further study is needed, however, to fully understand formation of breeding colonies beyond conspecific attraction and philopatry.","https://doi.org/10.1111/acv.12322","","","",""
"2a7a7a6e","Even though human-dominated landscapes are sometimes species-rich, their species composition is markedly altered from that in natural landscapes","Study of Avian Species in Relation to Exotic Trees at Ludhiana, Punjab","Birds are exclusively sensitive to alterations both in terms of environmental and ecological.Birds have very close association with trees.There is a complicated connection that is present between birds and their living and non-living components.There are number of variables in a habitat such as vegetation cover, foliage height and these variables influence avian abundance and diversity.Exotics refer to the species carried from outside the country.Occurrence of nonnative plants has been revealed to decline innate plant richness and communal range.Exotic species have been recently found as the most common agent of evolutionary traps, influencing species diversity.Invading species repress growth of native flora and this ultimately results in the reduction of nesting sites for birds.The present study on avian community structure in relation to exotic trees was conducted at Punjab Agricultural University, Ludhiana (Location I) and Gurpal Nagar, Ludhiana (Location II).Five different exotic trees were selected i.e.Safeda (Eucalyptus tereticornis), Poplar (Populus deltoides), Bottle brush (Callistemon viminalis), Monkey Puzzle (Araucaria araucana),The Silver Oak (Grivillea robusta).A total of 23 species belonging to 11 orders of birds were recorded.Highest species richness (14) was observed on Bottle Brush (Callistemon viminalis).Passeriformes was the dominant order of bird species observed.Common Myna (Acridotheres tristis), Rose-ringed Parakeet (Psittacula krameri), House Crow (Corvus splendens) and Blue Rock Pigeon (Columba livia) were dominant bird species recorded on selectedexotic trees.","https://doi.org/10.23910/ijbsm/2019.10.5.2021","","","",""
"302a00e4","Although such market-based policy instruments as payments for ecosystem services, voluntary certification and biodiversity offsetting have increased in use, their effectiveness is mixed, and they are often contested; thus, they should be carefully designed and applied to avoid perverse effects in context","Many Shades of REDD: Explaining Variation in the Adoption and Adaptation of the Reducing Emissions from Deforestation and Forest Degradation (REDD) Mechanism in Latin America","REDD is a multilateral, incentive-based mechanism through which developed states finance avoided deforestation activities in developing states in exchange for tradable carbon emission reduction credits. Developing statesâ responses to REDD range from strong opposition to enthusiastic support, even amongst states with similar incentive structures. This suggests a disjuncture between the logic of incentives and the complex range of domestic factors impacting whether and how states choose to understand and participate in voluntary but centrally coordinated international policy innovations such as REDD. Drawing on insights from policy diffusion, global governance, international pathways and social movements literatures, this work proposes a dynamic analytical framework which sees statesâ adoption and adaptation of REDD as flowing from differences in the nature of the domestic political opportunity structure (POS). This POS explains whether (under what conditions) and how (via what mechanisms or pathways of influence) states come to internationally adopt and domestically adapt voluntary but centrally coordinated international policy innovations. Drawing on fieldwork conducted in Bolivia and Peru in 2015, this comparative analysis demonstrates how particular combinations of ideational and institutional POS shaped policy decisions pertaining to REDD at various policy junctures in each case by determining which actors would have access to policy processes, as well as what ideas would be salient therein. It also demonstrates the ways in which REDD policy-making can become embedded in broader webs of domestic power and politics, resulting in domestic adaptations of REDD that are ancillary, and potentially even antithetical, to the mainstream conceptualization of REDD as a market-based mechanism designed to reduce emissions from deforestation.",NA,"","","",""
"d0d33e7b","Economic instruments that may be harmful to nature include subsidies, financial transfers, subsidized credit, tax abatements, and prices for commodities and industrial goods that hide environmental and social costs. Such instruments favour unsustainable production and, as a consequence, can promote deforestation, overfishing, urban sprawl, and wasteful uses of water. In 2015, agricultural support potentially harmful to nature amounted to $100 billion in countries belonging to the Organization for Economic Cooperation and Development, although some subsidy reforms to reduce unsustainable pesticide uses and adjust several other consequential development practices have been introduced","Diversity Deficit and Scale-Flip","We present a comprehensive multi-scale test of the diversity-deficit hypothesis that posits a negative association between diversity and development. We develop a ‘scale-flip hypothesis’ that formalises how the political salience of diversity is contingent on the level of analysis. We also contribute to the political economy of public goods literature using the largest dataset used to date – n ≈ 1.2 million village-year points from a two-period panel of all villages in the Indian national census data. We find evidence for ‘scale-flip’ so that there is a robust positive association between diversity and public goods at the local level.","https://doi.org/10.1080/00220388.2020.1802011","","","",""
"6811df02","Economic instruments that may be harmful to nature include subsidies, financial transfers, subsidized credit, tax abatements, and prices for commodities and industrial goods that hide environmental and social costs. Such instruments favour unsustainable production and, as a consequence, can promote deforestation, overfishing, urban sprawl, and wasteful uses of water. In 2015, agricultural support potentially harmful to nature amounted to $100 billion in countries belonging to the Organization for Economic Cooperation and Development, although some subsidy reforms to reduce unsustainable pesticide uses and adjust several other consequential development practices have been introduced","Editors Introduction: Commodity Chains in and of the World System","see text.","https://doi.org/10.5195/jwsr.2014.574","","","",""
"0b1e4c1f","Particularly in the context of climate change, conservation outcomes also depend on adaptive governance, strong societal engagement, effective and equitable benefit-sharing mechanisms, sustained funding, and monitoring and enforcement of rules.","Household Conflicts with Snow Leopard Conservation and Impacts from Snow Leopards in the Everest and Annapurna Regions of Nepal","Impacts on households from large carnivores are frequently reported in the conservation literature, but conflicts between households and large carnivore conservation are not. Employing a human-wildlife coexistence framework that distinguishes between human-wildlife impacts on one hand, and human-conservation conflicts on the other, this paper presents data from Annapurna Conservation Area and Sagarmatha (Everest) National Park, Nepal, each with different models of conservation governance. Using systematic sampling, quantitative information from 705 households was collected via questionnaires, while 70 semi-structured interviews were conducted with key informants for cross-methods triangulation. 7.7% of households reported conflicts with snow leopard conservation in the previous 12 months, primarily due to damage to livelihoods; these were significantly higher in the Annapurna region. 373 livestock were reported lost by households to snow leopards in the previous 12 months, representing 3.4% of total livestock owned and US$ 132,450 in financial value. Livestock losses were significantly lower in the Everest area. In linear regression models, total household livestock losses to all sources best explained conflicts with snow leopard conservation and household livestock losses to snow leopards but the models for the former dependent variable had very low explanatory power. Conservation in general, and large carnivore conservation in particular, should distinguish carefully between impacts caused by coexistence with these species and conflicts with conservation actors and over the methods and interventions used to conserve carnivores, especially where these negatively impact local livelihoods. In addition, livestock husbandry standards are highlighted again as an important factor in the success of carnivore conservation programmes.","https://doi.org/10.1007/s00267-022-01653-4","","","",""
"359c4f6c","Economic instruments that may be harmful to nature include subsidies, financial transfers, subsidized credit, tax abatements, and prices for commodities and industrial goods that hide environmental and social costs. Such instruments favour unsustainable production and, as a consequence, can promote deforestation, overfishing, urban sprawl, and wasteful uses of water. In 2015, agricultural support potentially harmful to nature amounted to $100 billion in countries belonging to the Organization for Economic Cooperation and Development, although some subsidy reforms to reduce unsustainable pesticide uses and adjust several other consequential development practices have been introduced","How agricultural cooperatives facilitate sustainable technology adoption in China: resource access or peer influence?","Purpose The purpose of this study is to investigate the mechanisms through which agricultural cooperatives promote sustainable technology adoption among farmers in rural China, addressing a key gap in the existing literature. Design/methodology/approach This study develops a conceptual framework positing four potential mechanisms: improved access to productive resources and information, and peer influence via learning from others and self-perceived leadership. These hypotheses are tested econometrically using household survey data collected from Western China. A series of robustness checks and mediation analyses are conducted to verify the findings. Findings Results show that cooperative membership is positively associated with sustainable agricultural technology adoption. Mediation analysis indicates that peer learning and self-perceived leadership significantly influence technology adoption, while access to productive resources and information does not. This suggests that in the context of digital transformation in China, peer effects are more influential than traditional resource access. Research limitations/implications Despite of our multifold contribution, the observational nature of our study likely limits the external validity of our findings, and the cross-sectional data may not capture the dynamic relationship between cooperative membership and sustainable technology adoption. These remaining limitations call for future investigations. Originality/value This study advances understanding of the social mechanisms driving agricultural technology adoption. By identifying peer influence, particularly learning and leadership perception, as critical pathways, the findings highlight areas with potential spillover effects, offering valuable insights for policymakers and development practitioners aiming to more effectively foster technology diffusion through cooperatives.","https://doi.org/10.1108/jadee-08-2025-0383","","","",""
"e66e542c","Climate change alone is projected to decrease ocean net primary production by between 3 and 10 per cent, and fish biomass by between 3 and 25 per cent (in low and high warming scenarios, respectively) by the end of the century","Attribution of direct ozone radiative forcing to spatially resolved emissions","Quantifying the dependence of ozone direct radiative forcing (DRF) on the mixture and spatial distribution of precursor emissions is a key step towards understanding the impact of air quality standards on climate. We use here a combination of satellite observations of ozone and its radiative effect in conjunction with an adjoint chemical transport model to determine the ozone DRF due to global, anthropogenic NOx, CO, and non‐methane hydrocarbons (NMHC) emissions regionally at 2° × 2.5° regions resolution. We show that 8% of the ozone DRF from the sum of all these emissions can be attributed to 15 regions, which are predominantly located in China and the United States (US). To achieve an equivalent reduction in ozone DRF, necessary emission reductions for each precursor vary intra‐continentally by a factor of 3–10 and globally by over an order of magnitude. The contribution of NOx emissions to ozone DRF relative to CO and NMHC emissions within individual regions varies globally by nearly a factor of two.","https://doi.org/10.1029/2012gl053274","","","",""
"13d7f1f9","Nature provides a broad diversity of nutritious foods, medicines and clean water","Land Grabbing and Global Governance: Critical Perspectives","Land grabbing has emerged as a significant issue in contemporary global governance that cuts across the fields of development, investment, food security, among others. Whereas land grabbing per se is not a new phenomenon, having historical precedents in the era of imperialism, the character, scale, pace, orientation, and key drivers of the recent wave of land grabs is a distinct historical phenomenon closely tied to major shifts in power and production in the global political economy. Land grabbing is facilitated by ever greater flows of capital, goods, and ideas across borders, and these flows occur through axes of power that are far more polycentric than the North–South imperialist tradition. In this introduction we argue that land grabbing speaks to many of the core questions of globalization studies. However, we note scholars of globalization have yet to deeply engage with this new field. We situate land grabbing in an era of advanced capitalism, multiple global crises, and the role of new configurations of power and resistance in global governance institutions. The essays in this collection contribute to identifying land grabbing as an important and urgent topic for theoretical and empirical investigations to deepen our understanding of contemporary globalization and governance. El acaparamiento de tierras aparece como un tema importante en la gobernanza global contemporánea, que afecta a los campos del desarrollo, las inversiones y la seguridad alimentaria, entre otros. En tanto que el acaparamiento de tierras en sí no es un fenómeno nuevo, el hecho de tener precedentes históricos en las eras del imperialismo, el carácter, la escala, el ritmo, la orientación y los impulsores claves de la reciente ola del acaparamiento de tierras, es un fenómeno histórico estrechamente relacionado a cambios mayores en el poder y la producción en la economía política global. Se ha facilitado el acaparamiento de tierras por mayores flujos de capital, bienes e ideas a través de las fronteras, y estas corrientes ocurren a través de ejes de poder que son mucho más policéntricos que la tradición imperialista norte-sur. En esta introducción sostenemos que el acaparamiento de tierras trata sobre muchos de los asuntos de los estudios de la globalización. Sin embargo, advertimos que los académicos de la globalización todavía tienen que comprometerse profundamente con este nuevo campo. Situamos el acaparamiento de tierras en una era del capitalismo avanzado, múltiples crisis globales y la función de nuevas configuraciones del poder y la resistencia en las instituciones de gobernanza global. Los artículos en esta colección contribuyen a identificar el acaparamiento de tierras como un tema importante y urgente para las investigaciones teóricas y empíricas para profundizar nuestro conocimiento de la globalización y gobernanza global. 掠夺土地已成为跨越开发、投资、食品安全以及其它领域的当代全球治理中的一个重要问题。 虽然掠夺土地本质上并不是一个新现象，有着帝国主义时代的历史先例，最近的土地掠夺浪潮的特点、规模、速度、方向、主要驱动力是一种特殊的历史现象，并与权力的主要变迁以及全球性政治经济的状况密切相关。资本、商品、理念曾经的大量跨国流动促进了土地掠夺，而且这些流动发生在比南北帝国主义传统更加多中心的权力的轴心。在导论中我们认为，土地掠夺谈论的就是全球化研究中的很多核心问题。然而，我们注意到研究全球化的学者们尚未深入涉及这一新的领域。我们把土地掠夺定位在一个这样的时代——发达资本主义制度、全球多重危机以及全球治理机构中动力、阻力角色的重新分配。本文把土地掠夺界定为理论与实证调查的一个重要而迫切的议题，以此来深化我们对当代全球化与全球治理的理解。 المعاصرة، تتقاطع مع قضايا التنمية والاستثمار والأمن الغذائي وغيرها. وإذا كان الاستيلاء على الأراضي لا يُعد ظاهرةً جديدةً في حد ذاته، فإن طابع الموجة الأخيرة من عمليات الاستيلاء على الأراضي، ونطاقها وتوجهها والفاعلين الرئيسيين فيها، يُمثل ظاهرةً تاريخيةً جديدة مرتبطة بالتحولات الرئيسية في السلطة والإنتاج في الاقتصاد السياسي العالمي. ومما يُسهل عملية الاستيلاء على الأراضي التدفقات غير المسبوقة لرؤوس الأموال والسلع والأفكار عبر الحدود، وهي التدفقات التي تتم من خلال محاور للسلطة متعددة المراكز تتجاوز المحور الإمبريالي التقليدي بين الشمال والجنوب. ونطرح في المقدمة الحالية فكرة مؤداها أن الاستيلاء على الأراضي يتعلق بكثير من القضايا الرئيسية في دراسات العولمة. غير أننا نلاحظ أن الباحثين المتخصصين في العولمة لم ينخرطوا بعمق بعد في هذا المجال الجديد. ونحاول هنا وضع مسألة الاستيلاء على الأراضي في سياق عصر الرأسمالية المتقدمة، والأزمات العالمية المتعددة، ودور التشكيلات الجديدة للسلطة والمقاومة في مؤسسات الحوكمة العالمية. وتسهم المقالات الواردة ضمن هذه المجموعة في تشخيص قضية الاستيلاء على الأراضي كموضوع مهم ومُلح يحتاج إلى المزيد من الجهود النظرية والبحوث التطبيقية من أجل تعميق فهمنا للعولمة والحوكمة المعاصرتين 토지 점유가 다른 무엇보다도 개발, 투자, 식량안보 분야를 아우르는 현대 지구적 거버넌스에서 중요한 쟁점으로 부각되었다. 토지점유 자체가 제국주의 시대에서 전례가 있어서 역사적으로 새로운 현상은 아니지만, 최근 토지점유의 성격, 규모, 속도, 정향과 핵심적인 동인들은 지구적 정치경제학에서 주요한 변화와 연계되어 있는 독특한 역사적 현상이다. 토지 점유는 계속해서 증대되고 있는 국경을 뛰어 넘는 자본, 상품과 아이디어의 흐름에 의해서 촉진되고 있고, 이러한 흐름들은 남과 북의 제국주의 전통보다 더 다극적인 권력의 축을 통해서 이루어지고 있다. 우리는 서론에서 토지 점유가 세계화 연구의 핵심적인 질문과 관련되어 있다는 점을 주장한다. 그렇지만, 우리는 세계화 연구자들이 이러한 분야에 대해서 심도있게 관심을 기울이지 못했다고 주장한다. 우리는 토지 점유를 고도 자본주의 시대, 다중적인 지구적 위기, 지구적 거버넌스 제도의 권력과 저항의 새로운 구성 속에 위치시키고자 한다. 이번 호의 논문들은 토지 점유가 오늘날의 세계화와 거너번스에 대한 심도 있는 이해를 위한 이론적, 경험적 연구에서 중요하고 긴급한 주제라는 점을 확인시키는데 기여한다. Захват земель стал серьезной проблемой современного глобального управления, которая, среди прочих, охватывает области развития, инвестиций и продовольственную безопасность. В то время как захват земель само по себе явление не новое, уже имевшее исторические прецеденты в эпоху империализма, характер, масштабы, темпы, ориентация и ключевые факторы недавней волны захватов являются самостоятельным историческим явлением, тесно связанным с основными изменениями в производственных мощностях и глобальной политической экономике. Захват земель способствует увеличению потоков капитала, товаров и идей через границы и эти потоки проходят через оси власти, которые гораздо более полицентричны, нежели империалистические традиции Север-Юг. В этом введении мы постулируем, что проблема захвата земель связана со многими важными вопросами в исследовании глобализации. Заметим, однако, что ученые, занимающимся вопросами глобализации, необходимо обращать более пристальное внимание на эту новую область. Мы располагаем таким фактом, как захват земель в эпоху развитого капитализма и многократных глобальных кризисов, а также роли новой конфигурации власти в сопротивлении глобальным институтам управления. Этот сборник эссе способствует выявлению феномена захвата земель в качестве важной и актуальной темы для теоретических и эмпирических исследований, помогающих углубить наше понимание современной глобализации и управления.","https://doi.org/10.1080/14747731.2013.764151","","","",""
"19533b37","Climate change alone is projected to decrease ocean net primary production by between 3 and 10 per cent, and fish biomass by between 3 and 25 per cent (in low and high warming scenarios, respectively) by the end of the century","Brown carbon and internal mixing in biomass burning particles","Biomass burning (BB) contributes large amounts of black carbon (BC) and particulate organic matter (POM) to the atmosphere and contributes significantly to the earth's radiation balance. BB particles can be a complicated optical system, with scattering and absorption contributions from BC, internal mixtures of BC and POM, and wavelength-dependent absorption of POM. Large amounts of POM can also be externally mixed. We report on the unique ability of multi-wavelength photo-acoustic measurements of dry and thermal-denuded absorption to deconstruct this complicated wavelength-dependent system of absorption and mixing. Optical measurements of BB particles from the Four Mile Canyon fire near Boulder, Colorado, showed that internal mixtures of BC and POM enhanced absorption by up to 70%. The data supports the assumption that the POM was very weakly absorbing at 532 nm. Enhanced absorption at 404 nm was in excess of 200% above BC absorption and varied as POM mass changed, indicative of absorbing POM. Absorption by internal mixing of BC and POM contributed 19( ± 8)% to total 404-nm absorption, while BC alone contributed 54( ± 16)%. Approximately 83% of POM mass was externally mixed, the absorption of which contributed 27( ± 15)% to total particle absorption (at 404 nm). The imaginary refractive index and mass absorption efficiency (MAE) of POM at 404 nm changed throughout the sampling period and were found to be 0.007 ± 0.005 and 0.82 ± 0.43 m(2) g(-1), respectively. Our analysis shows that the MAE of POM can be biased high by up to 50% if absorption from internal mixing of POM and BC is not included.","https://doi.org/10.1073/pnas.1206575109","","","",""
"2e5eb33e","Climate change alone is projected to decrease ocean net primary production by between 3 and 10 per cent, and fish biomass by between 3 and 25 per cent (in low and high warming scenarios, respectively) by the end of the century","Comment on acp-2021-570","Abstract. The Earth system models (ESMs) that participated in the sixth Coupled Model Intercomparison Project (CMIP6) tend to simulate excessive cooling in surface air temperature (TAS) between 1960 and 1990. The anomalous cooling is pronounced over the Northern Hemisphere (NH) midlatitudes, coinciding with the rapid growth of anthropogenic sulfur dioxide (SO2) emissions, the primary precursor of atmospheric sulfate aerosols. Structural uncertainties between ESMs have a larger impact on the anomalous cooling than internal variability. Historical simulations with and without anthropogenic aerosol emissions indicate that the anomalous cooling in the ESMs is attributed to the higher aerosol burden in these models. The aerosol forcing sensitivity, estimated as the outgoing shortwave radiation (OSR) response to aerosol concentration changes, cannot well explain the diversity of pothole cooling (PHC) biases in the ESMs. The relative contributions to aerosol forcing sensitivity from aerosol–radiation interactions (ARIs) and aerosol–cloud interactions (ACIs) can be estimated from CMIP6 simulations. We show that even when the aerosol forcing sensitivity is similar between ESMs, the relative contributions of ARI and ACI may be substantially different. The ACI accounts for between 64 % and 87 % of the aerosol forcing sensitivity in the models and is the main source of the aerosol forcing sensitivity differences between the ESMs. The ACI can be further decomposed into a cloud-amount term (which depends linearly on cloud fraction) and a cloud-albedo term (which is independent of cloud fraction, to the first order), with the cloud-amount term accounting for most of the inter-model differences.","https://doi.org/10.5194/acp-2021-570-rc2","","","",""
"26dd0e5d","Nature provides a broad diversity of nutritious foods, medicines and clean water","Predicting tropospheric nitrogen dioxide column density in South African municipalities using socio-environmental variables and Multiscale Geographically Weighted Regression","Atmospheric nitrogen dioxide (NO2) pollution is a major health and social challenge in South African induced mainly by fossil fuel combustions for power generation, transportation and domestic biomass burning for indoor activities. The pollution level is moderated by various environmental and social factors, yet previous studies made use of limited factors or focussed on only industrialised regions ignoring the contributions in large parts of the country. There is a need to assess how socio-environmenral factors, which inherently exhibit variations across space, influence the pollution levels in South Africa. This study therefore aimed to predict annual tropospheric NO2 column density using socio-environmental variables that are widely proven in the literature as sources and sinks of pollution. The environmental variables used to predict NO2 included remotely sensed Enhanced Vegetation Index (EVI), Land Surface Temperature and Aerosol Optical Depth (AOD) while the social data, which were obtained from national household surveys, included energy sources data, settlement patterns, gender and age statistics aggregated at municipality scale. The prediction was accomplished by applying the Multiscale Geographically Weighted Regression that fine-tunes the spatial scale of each variable when building geographically localised relationships. The model returned an overall R2 of 0.92, indicating good predicting performance and the significance of the socio-environmental variables in estimating NO2 in South Africa. From the environmental variables, AOD had the most influence in increasing NO2 pollution while vegetation represented by EVI had the opposite effect of reducing the pollution level. Among the social variables, household electricity and wood usage had the most significant contributions to pollution. Communal residential arrangements significantly reduced NO2, while informal settlements showed the opposite effect. The female proportion was the most important demographic variable in reducing NO2. Age groups had mixed effects on NO2 pollution, with the mid-age group (20-29) being the most important contributor to NO2 emission. The findings of the current study provide evidence that NO2 pollution is explained by socio-economic variables that vary widely across space. This can be achieved reliably using the MGWR approach that produces strong models suited to each locality.","https://doi.org/10.1371/journal.pone.0308484","","","",""
"57a2011c","Furthermore, increases in the production of some of nature's contributions cause declines in others (Figure SPM.1)","Greenspace to Meet People’s Demand: A Case Study of Beijing in 2005 and 2015","Urban greenspace provides essential benefits and often depends on its distribution and spatial relationship with residents. Many cities set ambitious goals to increase the coverage of greenspace. In addition, to increase the total amount of greenspace, spatial patterns of greenspace supply and demand also need to be taken into account to make sure its ecosystem services can reach the residents. While previous research has examined greenspace distribution, its association with various ecosystem services, and its spatial relationship with residents’ socioeconomic characteristics, relatively few studies have considered the spatial pattern of greenspace demand to assess its supply change over time. To fill this gap, we evaluated the greenspace change of Beijing between 2005 and 2015 using 2.5 m and 0.5 m high resolution remote sensing images. We first identified all of the greenspace changes, then evaluated the improvement of greenspace that was accessible to residents, and finally, we examined whether such improvement met different levels of demand estimated by neighborhood population, age structure, and economic status. The results showed a net increase of 1472 ha (7.8%) from 2005 to 2015. On average, percent greenspace within 500 m of the neighborhood boundary increased from 21% to 24%. Areas with low greenspace supply had a significantly higher increase. The standard deviation reduced from 8% to 7%, which indicated a smaller disparity of accessible greenspace. However, results showed that greenspace increase had little variation among neighborhoods with different demand levels. Our findings indicated that the greening efforts improved spatial distribution and reduced inequality in accessibility but failed to address different demand levels among neighborhoods. Furthermore, we identified neighborhoods with low supply/high demand and that lost greenspace between 2005–2015. These neighborhoods need to be given attention in future greening projects.","https://doi.org/10.3390/rs13214310","","","",""
"853eb35c","Climate change alone is projected to decrease ocean net primary production by between 3 and 10 per cent, and fish biomass by between 3 and 25 per cent (in low and high warming scenarios, respectively) by the end of the century","Tracing natural, anthropogenic, and biomass burning contributions to Arctic aerosol combining daily chemical characterization and receptor modeling analysis","Daily PM 10 samples were collected at Ny Ålesund (Svalbard Islands, Norway) from February to October 2015 and analyzed using a multi-technique approach, including ion chromatography (IC), Inductively Coupled Plasma Mass Spectrometry (ICP-MS), Particle Induced X-ray Emission (PIXE), and thermo-optical analysis (TOA). This dataset allowed for the characterization of a wide range of chemical species, including major ions, organic and elemental carbon, and over 40 elements, despite the extremely low atmospheric concentrations typical of this remote Arctic site (daily PM 10 rarely exceeded 6 μg m −3 , with an overall maximum of 16 μg m −3 ). The high temporal resolution and the large number of samples allowed the investigation of seasonal patterns and the identification of aerosol sources using the Positive Matrix Factorization (PMF) receptor model and the Potential Source Contribution Function (PSCF) to analyze of the back-trajectories. Seven distinct sources were identified: biogenic, sulphate, sea salt, combustion, nitrate, crustal, and anthropogenic. It was seen that the sampling site is mainly affected by the local natural sources; marine biogenic emissions show a strong seasonal signal linked to sunlight availability; anthropogenic sources, although less frequent, were significant during the Arctic Haze period and included long-range transported pollution from lower latitudes and the formation of secondary aerosols; episodic but intense contributions from biomass burning originating from wildfires in North America or Siberia occasionally became the dominant component of Arctic aerosol. These findings highlight the complex interplay between local natural emissions and long-range transported pollution in shaping the Arctic aerosol composition. • Natural PM 10 sources dominated; sea salt and crustal dust lacked seasonality. • Arctic Haze drove anthropogenic peaks, especially during spring. • Marine biogenic sources were seasonal, linked to three distinct sea regions. • Biomass burning events caused peaks and may affect Arctic climate.","https://doi.org/10.1016/j.aeaoa.2025.100388","","","",""
"9917e39a","Feeding the world in a sustainable manner, especially in the context of climate change and population growth, entails food systems that ensure adaptive capacity, minimize environmental impacts, eliminate hunger, and contribute to human health and animal welfare","Farming for Water Quality: Balancing Food Security and Nitrate Pollution in UK River Basins","Widespread pollution of groundwater by nutrients is an externality of modern intensive agriculture. Rising nitrate concentrations in freshwater have been of concern throughout the developed world for several decades. Initial worries focused on human health but more recently nitrate's role in eutrophication has also become a cause for concern. Because the impact on water quality often comes decades after land use change, the challenge for science is to produce an integrated model of catchment hydrology and quality applicable to the long time-scales involved and that can cope with the complexity of connectivity among land, aquifer, and river. This article discusses the balance between food production, and therefore food security, and protection of water resources. We use recent results from a catchment-scale model of the River Thames in the United Kingdom to demonstrate that the response time of catchments can be on the order of decades, given the delays induced by groundwater flow through aquifers. Historically, the main drivers for changes in N fluxes were massive land use change associated with wartime plowing of permanent pastures and postwar modernization and intensification of agriculture, leading to the current quasi-steady state of N-dependent but leaky agriculture. It is clear that restoration of water quality to mid-twentieth-century levels would require very severe changes in land use and land management, significantly affecting UK food supply and security. Moreover, the potential timescales for recovery are well beyond those of normal political cycles. Failure to act will mean a continued high level of nitrogen transfer to rivers, estuaries, and oceans, with potentially serious ecological implications, and continued emissions greenhouse gases to the atmosphere. Notwithstanding improved efficiency of agronomic methods, the situation is unlikely to change significantly without radical shifts in legislation or farm economics.","https://doi.org/10.1080/00045608.2013.754672","","","",""
"14234ed4","Economic instruments that may be harmful to nature include subsidies, financial transfers, subsidized credit, tax abatements, and prices for commodities and industrial goods that hide environmental and social costs. Such instruments favour unsustainable production and, as a consequence, can promote deforestation, overfishing, urban sprawl, and wasteful uses of water. In 2015, agricultural support potentially harmful to nature amounted to $100 billion in countries belonging to the Organization for Economic Cooperation and Development, although some subsidy reforms to reduce unsustainable pesticide uses and adjust several other consequential development practices have been introduced","On Theories and Practices of Collective Action and Sustained Cooperation","ContentsIntroduction Viewpoints from Law, Economics, Religious Studies, Public Administration, and Everyday Practices of CareAtul Pokharel and John ForesterThe Relational Dimensions of Collective A...","https://doi.org/10.1080/14649357.2024.2379727","","","",""
"529e9e87","In contrast, substantial increases in food, feed, timber and bioenergy production are predicted in most scenarios","Sensitivity of pelagic calcification to ocean acidification","Abstract. Ocean acidification might reduce the ability of calcifying plankton to produce and maintain their shells of calcite, or of aragonite, the more soluble form of CaCO3. In addition to possibly large biological impacts, reduced CaCO3 production corresponds to a negative feedback on atmospheric CO2. In order to explore the sensitivity of the ocean carbon cycle to increasing concentrations of atmospheric CO2, we use the new biogeochemical Bern3D/PISCES model. The model reproduces the large scale distributions of biogeochemical tracers. With a range of sensitivity studies, we explore the effect of (i) using different parameterizations of CaCO3 production fitted to available laboratory and field experiments, of (ii) letting calcite and aragonite be produced by auto- and heterotrophic plankton groups, and of (iii) using carbon emissions from the range of the most recent IPCC Representative Concentration Pathways (RCP). Under a high-emission scenario, the CaCO3 production of all the model versions decreases from ~1 Pg C yr−1 to between 0.36 and 0.82 Pg C yr−1 by the year 2100. The changes in CaCO3 production and dissolution resulting from ocean acidification provide only a small feedback on atmospheric CO2 of −1 to −11 ppm by the year 2100, despite the wide range of parameterizations, model versions and scenarios included in our study. A potential upper limit of the CO2-calcification/dissolution feedback of −30 ppm by the year 2100 is computed by setting calcification to zero after 2000 in a high 21st century emission scenario. The similarity of feedback estimates yielded by the model version with calcite produced by nanophytoplankton and the one with calcite, respectively aragonite produced by mesozooplankton suggests that expending biogeochemical models to calcifying zooplankton might not be needed to simulate biogeochemical impacts on the marine carbonate cycle. The changes in saturation state confirm previous studies indicating that future anthropogenic CO2 emissions may lead to irreversible changes in ΩA for several centuries. Furthermore, due to the long-term changes in the deep ocean, the ratio of open water CaCO3 dissolution to production stabilizes by the year 2500 at a value that is 30–50% higher than at pre-industrial times when carbon emissions are set to zero after 2100.","https://doi.org/10.5194/bg-8-433-2011","","","",""
"4f8d0a21","Economic instruments that may be harmful to nature include subsidies, financial transfers, subsidized credit, tax abatements, and prices for commodities and industrial goods that hide environmental and social costs. Such instruments favour unsustainable production and, as a consequence, can promote deforestation, overfishing, urban sprawl, and wasteful uses of water. In 2015, agricultural support potentially harmful to nature amounted to $100 billion in countries belonging to the Organization for Economic Cooperation and Development, although some subsidy reforms to reduce unsustainable pesticide uses and adjust several other consequential development practices have been introduced","Note: Reality and Better Mousetraps: A Research Agenda for New Environmental Governance Institutions","Over the past 15 years, the United States and many advanced industrial countries have produced dramatic innovations in the form and manner of institutions for resolving critical environmental probl...","https://doi.org/10.1080/08941920701756839","","","",""
"90e6364d","Nature provides among other contributions.","Diversity of pollen sources used by managed honey bees in variegated landscapes","Honey bees are the most economically important crop pollinator worldwide. They depend on a diversity of pollen for reproduction and colony growth. However, the influence of landscape composition on diversity and quantity of pollen collection by honey bees remains largely unexplored, particularly in variegated landscapes. Pollen on honey bees was trapped from 41 hives across ten sites in the Western Cape, South Africa during summer. Sampled hives were near eucalyptus trees surrounded by a high percentage of natural vegetation. Hives could therefore potentially be presented with a diverse range of flowers. To obtain a measure of relative abundance and representation of plant taxa pollen samples were collected at hives, sorted by color, weighed and DNA barcoded. Landscape analysis was performed to estimate the relative availability of the main floral resource-types and how this influenced the composition of pollen collected. Overall, eucalyptus made up the largest portion (∼49%) of pollen loads, the remainder was composed of 31 other taxa (12% native and 39% alien plants). An increase in the area of eucalyptus resulted in an increased as well as the relative amount of eucalyptus and natural pollen collected. Conversely, an increase in the area of eucalyptus resulted in a decrease in alien plant pollen and vice versa. Our results provide important quantitative evidence that shows the amount and diversity of pollen used by honey bees in summer appears to be disproportionately met by human-modified landscapes; whereas, natural vegetation, despite its large extent and diversity, performs a lower-level role during this season.","https://doi.org/10.1080/00218839.2020.1750757","","","",""
"fb8fd694","Economic instruments that may be harmful to nature include subsidies, financial transfers, subsidized credit, tax abatements, and prices for commodities and industrial goods that hide environmental and social costs. Such instruments favour unsustainable production and, as a consequence, can promote deforestation, overfishing, urban sprawl, and wasteful uses of water. In 2015, agricultural support potentially harmful to nature amounted to $100 billion in countries belonging to the Organization for Economic Cooperation and Development, although some subsidy reforms to reduce unsustainable pesticide uses and adjust several other consequential development practices have been introduced","Fauna in decline: Management risks","In their Policy Forum “Wildlife decline and social conflict” (25 July, p. [376][1]), J. S. Brashares et al. claim that a decline in the resource base will increase exploitation effort and slave labor. Using fisheries to illustrate this claim, the authors conjecture that a stock decline increases","https://doi.org/10.1126/science.346.6211.819-b","","","",""
"42781a0b","Economic instruments that may be harmful to nature include subsidies, financial transfers, subsidized credit, tax abatements, and prices for commodities and industrial goods that hide environmental and social costs. Such instruments favour unsustainable production and, as a consequence, can promote deforestation, overfishing, urban sprawl, and wasteful uses of water. In 2015, agricultural support potentially harmful to nature amounted to $100 billion in countries belonging to the Organization for Economic Cooperation and Development, although some subsidy reforms to reduce unsustainable pesticide uses and adjust several other consequential development practices have been introduced","‘Decommonising the mind’: historical impacts of British imperialism on indigenous tenure systems and self-understanding in the Highlands and Islands of Scotland","Common pool resource theory appears to assume that external authorities are responsible for initiating attempts to ‘decommonise’ common property regimes. An unusual decommonisation proposal put forward in the Highlands and Islands of Scotland in the 1960s questions this assumption; in this instance the decommonisation proposal was initiated by rightsholders in the common property regime. The proposal would have enabled rightsholders to purchase their arable fields, thus privatising them and removing them from the hybrid tenure system called crofting. A critical historical and contemporary survey of the political contexts surrounding this proposal discloses that the particular hybridity of the ‘crofting commons’ is a result of a historical process of ‘domestic colonization’ within Britain, and that this tenure system exists within a deeply-sedimented structure of domination whose normative assumptions may have influenced the decision of the rightsholders to propose decommonisation in the first place.","https://doi.org/10.18352/ijc.814","","","",""
"dc746d1d","In contrast, substantial increases in food, feed, timber and bioenergy production are predicted in most scenarios","Bottom–Up Impacts of Forecasted Climate Change on the Eastern Bering Sea Food Web","Recent observations of record low winter sea-ice coverage and warming water temperatures in the eastern Bering Sea have signaled the potential impacts of climate change on this ecosystem, which have implications for commercial fisheries production. We investigate the impacts of forecasted climate change on the eastern Bering Sea food web through the end of the century under medium- and high-emissions climate scenarios in combination with a selection of fisheries management strategies by conducting simulations using a dynamic food web model. The outputs from three global earth system models run under two greenhouse gas emission scenarios were dynamically downscaled using a regional ocean and biogeochemical model to project ecosystem dynamics at the base of the food web. Four fishing scenarios were explored: status quo , no fishing, and two scenarios that alternatively assume increased fishing emphasis on either gadids or flatfishes. Annual fishery quotas were dynamically simulated by combining harvest control rules based on model-simulated stock biomass, while incorporating social and economic tradeoffs induced by the Bering Sea’s combined groundfish harvest cap. There was little predicted difference between the status quo and no fishing scenario for most managed groundfish species biomasses at the end of the century, regardless of emission scenario. Under the status quo fishing scenario, biomass projections for most species and functional groups across trophic levels showed a slow but steady decline toward the end of the century, and most groups were near or below recent historical (1991–2017) biomass levels by 2080. The bottom–up effects of declines in biomass at lower trophic levels as forecasted by the climate-enhanced lower trophic level modeling, drove the biomass trends at higher trophic levels. By 2080, the biomass projections for species and trophic guilds showed very little difference between emission scenarios. Our method for climate-enhanced food web projections can support fisheries managers by informing strategic guidance on the long-term impacts of ecosystem productivity shifts driven by climate change on commercial species and the food web, and how those impacts may interact with different fisheries management scenarios.","https://doi.org/10.3389/fmars.2021.624301","","","",""
"941d51e3","Climate change alone is projected to decrease ocean net primary production by between 3 and 10 per cent, and fish biomass by between 3 and 25 per cent (in low and high warming scenarios, respectively) by the end of the century","Quantifying immediate radiative forcing by black carbon and organic matter with the Specific Forcing Pulse","Abstract. We propose a measure to quantify climate warming or cooling by pollutants with atmospheric lifetimes of less than one year: the Specific Forcing Pulse (SFP). SFP is the amount of energy added to the Earth system per mass of pollutant emitted. Global average SFP for black carbon, including atmosphere and cryosphere, is 1.12 GJ g−1 and that for organic matter is −0.061 GJ g−1. We provide regional values for black carbon (BC) and organic matter (OM) emitted from 23 source-region combinations, divided between atmosphere and cryosphere impacts and identifying forcing by latitude. Regional SFP varies by about 40% for black carbon. This variation is relatively small because of compensating effects; particles from regions that affect ice albedo typically have shorter atmospheric lifetimes because of lower convection. The ratio between BC and OM SFP implies that, for direct forcing, an OM:BC mass ratio of 15 has a neutral effect on top-of-atmosphere direct forcing for any region, and any lower ratio induces direct warming. However, important processes, particularly cloud changes that tend toward cooling, have not been included here. We demonstrate ensemble adjustment, in which we produce a ""best estimate"" by combining a suite of diverse but simple models and enhanced models of greater complexity. Adjustments for black carbon internal mixing and for regional variability are discussed; regions with convection are implicated in greater model diversity. SFP expresses scientific uncertainty and separates it from policy uncertainty; the latter is caused by disagreements about the relevant time horizon, impact, or spatial scale of interest. However, metrics used in policy discussions, such as global warming potentials, are easily derived from SFP. Global-average SFP for biofuel and fossil fuel emissions translates to a 100-year GWP of about 760 for black carbon and −40 for organic matter when snow forcing is included. Ensemble-adjusted estimates of atmospheric radiative impact by black and organic matter using year 2000 emissions are +0.46 W m−2 and −0.17 W m−2, respectively; anthropogenic forcing is +0.38 W m−2 and −0.12 W m−2. The black carbon value is only 11% higher than that of the Intergovernmental Panel on Climate Change (IPCC), although this value includes enhanced absorption due to internal mixing.","https://doi.org/10.5194/acpd-10-15713-2010","","","",""
"0f735bc5","Climate change alone is projected to decrease ocean net primary production by between 3 and 10 per cent, and fish biomass by between 3 and 25 per cent (in low and high warming scenarios, respectively) by the end of the century","Climate Change Effects on Marine Phytoplankton","Phytoplankton play a central role in marine ecosystems by yielding ca. 50% (~ 50 Gt C/year) of the global primary production (Longhurst et al. 1995, Field et al. 1998). By their central role at the base of the food web these communities shape biogeochemical cycles, carbon export from the euphotic zone to the deep ocean and energy fl uxes through food web networks (Finkel et al. 2010, van de Waal 2010). Whilst in coastal areas, microphytobenthos, macroalgae and halophytes also contribute in carbon fi xation (Kromkamp et al. 2006, Connell and Russell 2010), in the open ocean, phytoplankton constitute the only source of primary production to sustain pelagic food webs (Falkowsky and Oliver 2007, Chavez et al. 2011). In fact, phytoplankton blooms are an essential condition for fi sheries and for the benthic-pelagic coupling in coastal systems (Legendre 1990). These rising biomass events mainly occur in response to changes in light and nutrients driven by the seasonal cycles of radiation, temperature and water column stability; while the end phase has been ascribed to nutrient depletion and zooplankton grazing pressure (Sommer et al. 2012). Spring blooms are 1 Área de Oceanografía Química, Instituto Argentino de Oceanografi a (IADO-CONICET), Camino La Carrindanga km 7.5, CC 804 B8000FWB Bahía Blanca, Argentina.","https://doi.org/10.1201/b16334-5","","","",""
"8fb6ff1d","Sustaining freshwater in the context of climate change, rising demand for water extraction and increased levels of pollution involves both cross-sectoral and sector-specific interventions that improve water-use efficiency, increase storage, reduce sources of pollution, improve water quality, minimize disruption and foster the restoration of natural habitats and flow regimes","Shedding light on the migratory patterns of the Amazonian goliath catfish, Brachyplatystoma platynemum, using otolith 87Sr/86Sr analyses","Abstract In the Amazon, migratory catfishes of the genus Brachyplatystoma are apex predators that are important for fisheries and conservation. The life cycle of Brachyplatystoma platynemum Boulenger, 1898 is poorly known, although it has been hypothesized to be very similar to that of Brachyplatystoma rousseauxii Castelnau, 1855, which uses the entire length of the Amazon basin to complete its life cycle (from the Andes to the estuary). This study provides the first data on the migratory patterns of B. platynemum at the individual level using otolith microchemistry. In total, 94 individuals were sampled close to major breeding areas in the Amazon basin (78 fish from the middle and upper Madeira River and 14 fish from the upper Amazon), and their lifetime movements were assessed by measuring variations in 87Sr/86Sr along transverse sections of their otoliths (ear stones), using laser ablation multi‐collector mass spectrometry (LA‐MC‐ICP‐MS). The migrations of B. platynemum are not as extensive as those of B. rousseauxii, and do not involve natal homing. Furthermore, the estuary is not a nursery area, at least for fish hatched in the Madeira. Nevertheless, B. platynemum migrates several thousand kilometres within the Amazon basin, with transboundary displacements between at least Bolivia, Brazil, and Peru. Current and planned hydroelectric development in the Amazon basin will severely disrupt both migration and access to breeding grounds, ultimately affecting the recruitment and population dynamics of these apex predators. The conservation of B. platynemum is crucial for the stability of the Amazonian aquatic food webs. This requires building effective fish passage on the two existing Madeira dams and considering alternative options to the large‐scale hydropower development in the Amazon basin.","https://doi.org/10.1002/aqc.3046","","","",""
"2277417a","Economic instruments that may be harmful to nature include subsidies, financial transfers, subsidized credit, tax abatements, and prices for commodities and industrial goods that hide environmental and social costs. Such instruments favour unsustainable production and, as a consequence, can promote deforestation, overfishing, urban sprawl, and wasteful uses of water. In 2015, agricultural support potentially harmful to nature amounted to $100 billion in countries belonging to the Organization for Economic Cooperation and Development, although some subsidy reforms to reduce unsustainable pesticide uses and adjust several other consequential development practices have been introduced","Bioeconomics of Fisheries","This chapter contains section titled: Introduction When The Boat Comes In Biology And Dynamics Of Fisheries Economics Of Fishing Fisheries Management Fishing For The Future Further Reading","https://doi.org/10.1002/9780470755464.ch5","","","",""
"a3ef9b42","Nature provides a broad diversity of nutritious foods, medicines and clean water","Extinction risk of Mesoamerican crop wild relatives","Societal Impact Statement Crop wild relatives (CWR) are plant taxa closely related to crops and are a source of high genetic diversity that can help adapt crops to the impacts of global change, particularly to meet increasing consumer demand in the face of the climate crisis. CWR provide vital ecosystem services and are increasingly important for food and nutrition security and sustainable and resilient agriculture. They therefore are of major biological, social, cultural and economic importance. Assessing the extinction risk of CWR is essential to prioritise in situ and ex situ conservation strategies in Mesoamerica to guarantee the long‐term survival and availability of these resources for present and future generations worldwide. Summary Ensuring food security is one of the world's most critical issues as agricultural systems are already being impacted by global change. Crop wild relatives (CWR)—wild plants related to crops—possess genetic variability that can help adapt agriculture to a changing environment and sustainably increase crop yields to meet the food security challenge. Here we report the results of an extinction risk assessment of 224 wild relatives of some of the world's most important crops (i.e. chilli pepper, maize, common bean, avocado, cotton, potato, squash, vanilla and husk tomato) in Mesoamerica—an area of global significance as a centre of crop origin, domestication and of high CWR diversity. We show that 35% of the selected CWR taxa are threatened with extinction according to The International Union for Conservation of Nature (IUCN) Red List demonstrates that these valuable genetic resources are under high anthropogenic threat. The dominant threat processes are land use change for agriculture and farming, invasive and other problematic species (e.g. pests, genetically modified organisms) and use of biological resources, including overcollection and logging. The most significant drivers of extinction relate to smallholder agriculture—given its high incidence and ongoing shifts from traditional agriculture to modern practices (e.g. use of herbicides)—smallholder ranching and housing and urban development and introduced genetic material. There is an urgent need to increase knowledge and research around different aspects of CWR. Policies that support in situ and ex situ conservation of CWR and promote sustainable agriculture are pivotal to secure these resources for the benefit of current and future generations.","https://doi.org/10.1002/ppp3.10225","","","",""
"966f7a80","In contrast, substantial increases in food, feed, timber and bioenergy production are predicted in most scenarios","Global climate impacts of country-level primary carbonaceous aerosol from solid-fuel cookstove emissions","Cookstove use is globally one of the largest unregulated anthropogenic sources of primary carbonaceous aerosol. While reducing cookstove emissions through national-scale mitigation efforts has clear benefits for improving indoor and ambient air quality, and significant climate benefits from reduced green-house gas emissions, climate impacts associated with reductions to co-emitted black (BC) and organic carbonaceous aerosol are not well characterized. Here we attribute direct, indirect, semi-direct, and snow/ice albedo radiative forcing (RF) and associated global surface temperature changes to national-scale carbonaceous aerosol cookstove emissions. These results are made possible through the use of adjoint sensitivity modeling to relate direct RF and BC deposition to emissions. Semi- and indirect effects are included via global scaling factors, and bounds on these estimates are drawn from current literature ranges for aerosol RF along with a range of solid fuel emissions characterizations. Absolute regional temperature potentials are used to estimate global surface temperature changes. Bounds are placed on these estimates, drawing from current literature ranges for aerosol RF along with a range of solid fuel emissions characterizations. We estimate a range of 0.16 K warming to 0.28 K cooling with a central estimate of 0.06 K cooling from the removal of cookstove aerosol emissions. At the national emissions scale, countries' impacts on global climate range from net warming (e.g., Mexico and Brazil) to net cooling, although the range of estimated impacts for all countries span zero given uncertainties in RF estimates and fuel characterization. We identify similarities and differences in the sets of countries with the highest emissions and largest cookstove temperature impacts (China, India, Nigeria, Pakistan, Bangladesh and Nepal), those with the largest temperature impact per carbon emitted (Kazakhstan, Estonia, and Mongolia), and those that would provide the most efficient cooling from a switch to fuel with a lower BC emission factor (Kazakhstan, Estonia, and Latvia). The results presented here thus provide valuable information for climate impact assessments across a wide range of cookstove initiatives.","https://doi.org/10.1088/1748-9326/10/11/114003","","","",""
"1af8f95f","Nature provides a broad diversity of nutritious foods, medicines and clean water","New aliens in Australia: 18 years of vertebrate interceptions","Abstract Context Australia has a high diversity of endemic vertebrate fauna. Yet, transnational human activities continue to increase the rate of transportation, introduction and establishment of new alien vertebrates in Australia, to the detriment of environmental and socioeconomic services. Eradication of invasive vertebrates is often costly and without guarantee of success; therefore, methods for detecting, intercepting and preventing the transport of alien species earlier in the invasion pathway provide substantial benefit. Aim To anticipate emergent threats to Australian biosecurity posed by the transport and introduction of new alien vertebrates over time. Methods We collated vertebrate interception data from various mainland Australian State, Territory and Commonwealth government reporting agencies, including data from a previously published study, at both pre-border and post-border stages from 1999 to 2016. Using generalised linear and generalised additive modelling, we predicted trends in interception frequency using predictors such as vertebrate taxa, detection category and alien status. Key results Interception frequency increased over time for all vertebrate classes, for pre-border stowaways and for post-border captive and at-large interceptions, with no saturation in the accumulation of new species over time. Five species were responsible for almost half of all incidents, of which red-eared sliders (Trachemys scripta elegans), boa constrictors (Boa constrictor) and corn snakes (Pantherophis guttatus) are prominent in Australia’s illegal alien pet trade. Rose-ringed parakeets (Psittacula krameri) are prominent in the legal alien cage-bird trade, which remains poorly regulated. Asian common toads (Duttaphrynus melanostictus) were frequently detected as stowaways, and most stowaway incidents originated from Southeast Asia, particularly Indonesia, via shipping. Data deficiency for pre-border incidents increased rapidly in 2015 and 2016. Conclusions Australia is subject to a persistent and increasing risk of alien vertebrate introductions and incursions over time, owing partly to emergent trends in the alien pet trade as well as increased global trade and tourism. Implications The future of Australia’s biosecurity remains dependent on stringent border security to prevent the arrival of novel species, but our findings also highlight the importance of ongoing management and control of high-risk species already present, often illegally, within Australia.","https://doi.org/10.1071/wr18185","","","",""
"8289dfe9","As a result of human-caused changes in community composition, naturally occurring species in local terrestrial ecosystems worldwide are estimated to have lost at least 20 per cent of their original abundance on average, with hotspots of endemic species tending to have lost even more","Biodiversity pattern of fish assemblages in Poyang Lake Basin: Threat and conservation","Poyang Lake Basin is of great importance to maintain regional ecological balance. However, fish biodiversity in this basin has rapidly declined as the result of anthropogenic habitat alteration, such as dam construction, sand mining, and water pollution. Here, we aimed to analyze the temporal and spatial changes in biodiversity patterns of fish in Poyang Lake Basin over the last 37 years. The number of fish species underwent a significant decrease in the current period. In particular, 36.7% of the migration of fish was extirpated. Twenty-seven fish species have been formally assessed using the Chinese Red List were currently listed as Critically Endangered (9), Endangered (3), Vulnerable (10), and Near Threatened (5). Alpha and gamma diversity revealed that fish diversity had also decreased, and beta diversity showed significant composition dissimilarity in two periods. PCoA showed that the historical fish composition dissimilarity was significantly different from that of the current period. We found a significant effect of the geographical distance on the spatial turnover component for the historical and current periods. In addition, the nestedness component was the main contributor to beta diversity, which indicated one large protected area should be established in Poyang Lake and the Ganjiang River Basin with higher species richness. These results indicated that fish biodiversity declined in the current period likely caused by anthropogenic habitat alteration and other threatened factors. Therefore, we suggest that the habitat reconstruction and biodiversity conservation for fish have become imperative in this basin, and a complete management plan should be carried out.","https://doi.org/10.1002/ece3.5661","","","",""
"bc7882f4","In contrast, substantial increases in food, feed, timber and bioenergy production are predicted in most scenarios","Comment on bg-2022-134","Abstract. The ocean slows global warming by currently taking up around one-quarter of all human-made CO2 emissions. However, estimates of the ocean anthropogenic carbon uptake vary across various observation-based and model-based approaches. Here, we show that the global ocean anthropogenic carbon sink simulated by Earth system models can be constrained by two physical parameters, the present-day sea surface salinity in the subtropical–polar frontal zone in the Southern Ocean and the strength of the Atlantic Meridional Overturning Circulation, and one biogeochemical parameter, the Revelle factor of the global surface ocean. The Revelle factor quantifies the chemical capacity of seawater to take up carbon for a given increase in atmospheric CO2. By exploiting this three-dimensional emergent constraint with observations, we provide a new model- and observation-based estimate of the past, present, and future global ocean anthropogenic carbon sink and show that the ocean carbon sink is 9 %–11 % larger than previously estimated. Furthermore, the constraint reduces uncertainties of the past and present global ocean anthropogenic carbon sink by 42 %–59 % and the future sink by 32 %–62 % depending on the scenario, allowing for a better understanding of the global carbon cycle and better-targeted climate and ocean policies. Our constrained results are in good agreement with the anthropogenic carbon air–sea flux estimates over the last three decades based on observations of the CO2 partial pressure at the ocean surface in the Global Carbon Budget 2021, and they suggest that existing hindcast ocean-only model simulations underestimate the global ocean anthropogenic carbon sink. The key parameters identified here for the ocean anthropogenic carbon sink should be quantified when presenting simulated ocean anthropogenic carbon uptake as in the Global Carbon Budget and be used to adjust these simulated estimates if necessary. The larger ocean carbon sink results in enhanced ocean acidification over the 21st century, which further threatens marine ecosystems by reducing the water volume that is projected to be undersaturated towards aragonite by around 3.7×106–7.4×106 km3 more than originally projected.","https://doi.org/10.5194/bg-2022-134-rc1","","","",""
"d7a71453","Economic instruments that may be harmful to nature include subsidies, financial transfers, subsidized credit, tax abatements, and prices for commodities and industrial goods that hide environmental and social costs. Such instruments favour unsustainable production and, as a consequence, can promote deforestation, overfishing, urban sprawl, and wasteful uses of water. In 2015, agricultural support potentially harmful to nature amounted to $100 billion in countries belonging to the Organization for Economic Cooperation and Development, although some subsidy reforms to reduce unsustainable pesticide uses and adjust several other consequential development practices have been introduced","Social Accountability Initiatives in Morocco, Tunisia, and Lebanon","This open access book represents the first extensive exploration of social accountability within the Arab world following Arab 2011 uprisings.","https://doi.org/10.1007/978-3-031-51322-0","","","",""
"3852beba","Economic instruments that may be harmful to nature include subsidies, financial transfers, subsidized credit, tax abatements, and prices for commodities and industrial goods that hide environmental and social costs. Such instruments favour unsustainable production and, as a consequence, can promote deforestation, overfishing, urban sprawl, and wasteful uses of water. In 2015, agricultural support potentially harmful to nature amounted to $100 billion in countries belonging to the Organization for Economic Cooperation and Development, although some subsidy reforms to reduce unsustainable pesticide uses and adjust several other consequential development practices have been introduced","History and the Commons: A necessary conversation","Editorial for: Collective action institutions in a long-term perspective","https://doi.org/10.18352/ijc.769","","","",""
"be2e4383","Sustainable landscape management can be better achieved using a combination of measures and practices, including: (a) well-managed and connected protected areas and other effective area-based conservation measures; (b) reduced impact logging, forest certification, payment for ecosystem services, among other instruments, and reduced emissions from deforestation and forest degradation; (c) support for ecological restoration; (d) effective monitoring, including public access and participation as appropriate; (e) addressing illegal activities; (f) the effective implementation of multilateral environmental agreements and other relevant international agreements by their parties; and (g) promoting sustainable, biodiversity-based food systems.","Energizing agroforestry: Ilex guayusa as an additional commodity to diversify Amazonian agroforestry systems","Guayusa (Ilex guayusa) is a native tree of the western Amazon region grown by indigenous farmers in traditional agroforestry systems. Its leaves are used as a drink similar to tea, which is now commercialized and marketed outside of the Amazon. To assess the impacts from the early stages of commercial guayusa production, we conducted interviews in four commercial guayusa-producing communities with indigenous guayusa farmers in the Ecuadorian Amazon. We focus on their experiences and critically discuss and speculate about the socio-ecological implications of the expanding commercialization of guayusa, particularly in relation to propositions of this special issue. Results reveal that revenues from guayusa have not overtaken those from other cash crops. Commercializing guayusa can have benefits for farmers and the environment, provided that rigorous criteria that measure social and environmental impacts are adhered to. Furthermore, guaysa production is characterized by vertical integration where many individual farmers supply one processing and wholesale company in a short value chain fostering a locally tailored certification approach that is able to exert the continuation of the traditional agroforestry practices. Yet, sustainability initiatives, standards and certification only provide partial solutions for protecting ecosystem services in the Ecuadorian Amazon.EDITED BY Beria Leimona","https://doi.org/10.1080/21513732.2017.1303646","","","",""
"dd487f68","Nature provides a broad diversity of nutritious foods, medicines and clean water","What specific plant traits support ecosystem services such as pollination, bio-control and water quality protection in temperate climates? A systematic map protocol","Abstract Background Agricultural intensification has increased diffuse source pollution within water catchments, reduced heterogeneity within the landscape and caused major declines in farmland wildlife, including birds, mammals, invertebrates and wildflowers. This increase in pollution and wildlife decline, has effected three vital ecosystem services, pollination, biological pest control and water quality protection. The morphological traits of plant species, such as floral display size and leaf area, provide support to these services and vegetative strips can be established with plants that have these desirable traits. Vegetative strips are widely used across Europe and integrated into government environmental schemes such as The Common Agricultural Policy and The Water Framework Directive. However, issues of land availability and food security require a sustainable intensification of current agricultural practices. One component of this process is to sow vegetative strips that are designed to support multiple ecosystem services. To do this, combinations of plant species that will support specific ecosystem services, have been designed. However, to enable a fully-informed design process, evidence must be collated on which specific plant traits provide the support to the target ecosystem services. We propose to systematically map all evidence on which specific plant traits provide support for three of the most vital ecosystem services, pollination, bio-control and water quality protection. Information from this map could inform future decisions on which plant species are suitable for inclusion within a multifunctional vegetative strip that aims to provide the target ecosystem services. The aim of this systematic map is to create a searchable database of studies that demonstrate evidence of plant traits and how they support the named ecosystem services. Methods Seven bibliographic databases, 25 organisational websites and 2 search engines, will be systematically searched with predefined and tested key search terms. All searches will be undertaken in English and only those undertaken in a temperate climate zone will be considered. Studies found will be screened at title, abstract and full text levels, recording the number of excluded articles. Following full text assessment, the meta-data of included studies will be incorporated into a systematic map database in Microsoft Access. A report will summarise the evidence, highlight any knowledge gaps, and provide recommendations for future research.","https://doi.org/10.1186/s13750-017-0081-3","","","",""
"47e587b6","Economic instruments that may be harmful to nature include subsidies, financial transfers, subsidized credit, tax abatements, and prices for commodities and industrial goods that hide environmental and social costs. Such instruments favour unsustainable production and, as a consequence, can promote deforestation, overfishing, urban sprawl, and wasteful uses of water. In 2015, agricultural support potentially harmful to nature amounted to $100 billion in countries belonging to the Organization for Economic Cooperation and Development, although some subsidy reforms to reduce unsustainable pesticide uses and adjust several other consequential development practices have been introduced","The Influence of Environmental Claims on Consumers' Willingness to Purchase","Marketing environmental friendly products can be educational and create consumer awareness if it is done with accuracy, truthfulness, and legitimacy. However consumers have become increasingly skeptical of marketing schemes such as when environmental claims are advertised on products that are in fact harmful to the environment. General environmental claims have been most scrutinized as being manipulative while specific environmental claims have been studied to be more trusted by consumers. This two-part study investigated the relationships between types of environmental claims, consumers' willingness to pay a 10% premium for green stationary products and different consumer types (non-green, light green and dark green). Interviews showed that the majority of participants preferred a product labeling design combining specific environmental details and a numerical rating system when purchasing products on a website. Surveys reveal that the type of environmental claim generally did not influence consumers' willingness to pay more for all consumer types. Using results and comments from the study, it was recommended that general claims be avoided in online and in- store product labeling. Online rating systems for individual companies must be simple and transparent in order to gain consumers' trust and understanding. This study adds to the literature of green consumer behavior and consumer skepticism of green marketing.",NA,"","","",""
"f626618f","In the short term (before 2030), all decision makers could contribute to sustainability transformations, including through enhanced and improved implementation and enforcement of effective existing policy instruments and regulations, and the reform and removal of harmful existing policies and subsidies","A right to pollute versus a duty to mitigate: on the basis of emissions trading and carbon markets","Emissions trading, also known as cap-and-trade systems, has not yet fulfilled its function of mitigating overall global greenhouse gas (GHG) emissions. The reasons for this failure are manifold and have been broadly discussed at political and empirical levels in the last decades. However, much can still be said from a philosophical perspective. Such an analysis is not limited to the evaluation of cap-and-trade systems’ lack of efficiency and the consequences arising from it but goes deeper into the moral questions underlying cap-and-trade systems. This is how this paper attempts to contribute to and expand the debate on emissions trading at different levels. By examining a popular analogy between traditional and climate commons, I challenge some of the economic and normative assumptions at the core of cap-and-trade systems. I argue that these assumptions lead to misguided conclusions in responding to the causes of climate change. This will partly explain why, although emissions trading is intended to fulfil a duty to mitigate greenhouse gases, we should not pin all our hopes on it just yet.Key policy insights The problems associated with free access to the traditional and climate commons can be conceived of in an analogous way, but the solutions to address them cannot. These include market-based policies focusing on the distribution of property rights over the atmosphere’s capacity to absorb GHGs.Like other common resources, the atmosphere’s capacity to absorb GHGs is limited and subject to deterioration due to free access and competing consumption. Unlike other common resources, there is no ability to restrict, control or sanction non-cooperative behaviour that continues to pollute the atmosphere. This poses a major challenge to the effectiveness of cap-and-trade systems.Emissions trading systems can be attractive mechanisms for pursuing GHGs targets by minimizing the costs of pollution while limiting the impact of mitigation on the overall economy. Nevertheless, even efficient emissions trading systems fail to fully address the moral concerns that lie at the heart of our current climate crisis.","https://doi.org/10.1080/14693062.2022.2078769","","","",""
"965d6f0c","Climate change alone is projected to decrease ocean net primary production by between 3 and 10 per cent, and fish biomass by between 3 and 25 per cent (in low and high warming scenarios, respectively) by the end of the century","Reply on RC2","Abstract. Uniquely long datasets, spanning 1750–2100, of daily output from two fully coupled CMIP6 Earth System Models, EC-Earth3-CC and NorESM2-LM, have been used to investigate the historical and future (under SSP5-8.5 scenario) evolution of marine net primary production and its phenology in a North Atlantic region (30–60° N). We compared the data to estimates of net primary production (NPP) derived from the CAFE satellite data and found significant differences between the Earth System Model simulations and the CAFE model. The low spatial resolution of the earth system models can explain much of such difference. However, the two models well represent both the magnitude of NPP and the seasonal cycles. The daily output made it possible to detect change points in peak NPP. Two major change points in peak NPP, of an amplitude not present in the PI-Control or the historical simulation, were detected in both Earth System Models in the first decade of the 21st century. The results clearly indicate a shift towards an earlier peak NPP with a clear inflection point in the beginning of the 21st century, at the end of the historical simulation. The early timing of the detected shifts in both models suggests that similar shifts could already have been initiated or start in the near future. This highlights the need for long term monitoring campaigns in the North Atlantic.","https://doi.org/10.5194/bg-2023-54-ac2","","","",""
"39506476","Economic instruments that may be harmful to nature include subsidies, financial transfers, subsidized credit, tax abatements, and prices for commodities and industrial goods that hide environmental and social costs. Such instruments favour unsustainable production and, as a consequence, can promote deforestation, overfishing, urban sprawl, and wasteful uses of water. In 2015, agricultural support potentially harmful to nature amounted to $100 billion in countries belonging to the Organization for Economic Cooperation and Development, although some subsidy reforms to reduce unsustainable pesticide uses and adjust several other consequential development practices have been introduced","List of Tables","Subject Political Economy Collection: Oxford Scholarship Online","https://doi.org/10.1093/oso/9780198829010.002.0008","","","",""
"fad9a1c6","Economic instruments that may be harmful to nature include subsidies, financial transfers, subsidized credit, tax abatements, and prices for commodities and industrial goods that hide environmental and social costs. Such instruments favour unsustainable production and, as a consequence, can promote deforestation, overfishing, urban sprawl, and wasteful uses of water. In 2015, agricultural support potentially harmful to nature amounted to $100 billion in countries belonging to the Organization for Economic Cooperation and Development, although some subsidy reforms to reduce unsustainable pesticide uses and adjust several other consequential development practices have been introduced","The water question in feminism: water control and gender inequities in a neo-liberal era","The current neo-liberal moment in water policy appears to offer possibilities for realizing feminist ambitions. Several feminist scholars see the individualization and privatization of resource rights as offering possibilities for confronting gender inequalities rooted in, and reproduced by, historic and structural male favoured access to productive resources such as land and water. But we seriously doubt a progressive feminist potential of neo-liberal reforms in the water sector. We focus on water used for agricultural purposes, because neo-liberal water proposals are premised on taking water out of agriculture to uses with higher marginal economic returns. A first set of doubts involves water as a specific resource, largely because of its propensity to flow. Rights to water are less fixed and more prone to be contested at various levels and in different socio-legal domains than rights to other natural resources. The second set stems from our disagreement with the ideological underpinnings of the neo-liberal project. It reflects our concern about how water reforms articulate with wider political-economic structures and historical dynamics characterized by new ways of capitalist expansion. Furthermore, mainstream neo-liberal water policy language and concepts tend to hide precisely those issues that, from a critical feminist perspective, need to be questioned. Feminist reflections about tenure insecurity and social inequities in relation to water clash with the terms of a neo-liberal framework that invisibilizes, naturalizes and objectifies the politics and powers involved in water re-allocation. A feminist response calls for challenging the individualization, marketization and consumer/client focus of the neo-liberal paradigm.","https://doi.org/10.1080/09663690903003926","","","",""
"fbbe7582","Climate change alone is projected to decrease ocean net primary production by between 3 and 10 per cent, and fish biomass by between 3 and 25 per cent (in low and high warming scenarios, respectively) by the end of the century","NW European shelf under climate warming: implications for open ocean – shelf exchange, primary production, and carbon absorption","Abstract. Shelves have been estimated to account for more than one-fifth of the global marine primary production. It has been also conjectured that shelves strongly influence the oceanic absorption of anthropogenic CO2 (carbon shelf pump). Owing to their coarse resolution, currently applied global climate models are inappropriate to investigate the impact of climate change on shelves and regional models do not account for the complex interaction with the adjacent open ocean. In this study, a global ocean general circulation model and biogeochemistry model were set up with a distorted grid providing a maximal resolution for the NW European shelf and the adjacent northeast Atlantic. Using model climate projections we found that already a~moderate warming of about 2.0 K of the sea surface is linked with a reduction by ~ 30% of the biological production on the NW European shelf. If we consider the decline of anthropogenic riverine eutrophication since the 1990s, the reduction of biological production amounts is even larger. The relative decline of NW European shelf productivity is twice as strong as the decline in the open ocean (~ 15%). The underlying mechanism is a spatially well confined stratification feedback along the continental shelf break. This feedback reduces the nutrient supply from the deep Atlantic to about 50%. In turn, the reduced productivity draws down CO2 absorption in the North Sea by ~ 34% at the end of the 21st century compared to the end of the 20th century implying a strong weakening of shelf carbon pumping. Sensitivity experiments with diagnostic tracers indicate that not more than 20% of the carbon absorbed in the North Sea contributes to the long-term carbon uptake of the world ocean. The rest remains within the ocean's mixed layer where it is exposed to the atmosphere. The predicted decline in biological productivity, and decrease of phytoplankton concentration (in the North Sea by averaged 25%) due to reduced nutrient imports from the deeper Atlantic will probably affect the local fish stock negatively and therefore fisheries in the North Sea.","https://doi.org/10.5194/bg-10-3767-2013","","","",""
"0fc71aaa","Economic instruments that may be harmful to nature include subsidies, financial transfers, subsidized credit, tax abatements, and prices for commodities and industrial goods that hide environmental and social costs. Such instruments favour unsustainable production and, as a consequence, can promote deforestation, overfishing, urban sprawl, and wasteful uses of water. In 2015, agricultural support potentially harmful to nature amounted to $100 billion in countries belonging to the Organization for Economic Cooperation and Development, although some subsidy reforms to reduce unsustainable pesticide uses and adjust several other consequential development practices have been introduced","The Translation of Transnational Voluntary Standards into Practices: Civil Society and the Forest Stewardship Council in Russia","The article analyses closely the role of civil society in the local translation and adaptation of transnational standards of responsible use of natural resources in global certification regimes. The study builds on original evidence from Russia on civil society and forest certification, based on extensive fieldwork. It argues that the local translation of global sustainability standards into on-the-ground practices is not a straightforward execution of rules imposed by powerful transnational actors—e.g. international nongovernmental organizations, multinationals, governments, or consumers. Rather, local civil society actors elaborate the ways in which transnational standards are implemented locally and thereby construct new knowledge related to standard implementation and responsible natural resource management. The paper contributes to the literature on transnational governance by examining the involvement of civil society organizations in the translation, adaptation, and learning dynamics in global certification regimes.","https://doi.org/10.1080/17448689.2013.816538","","","",""
"f6ecb4bb","Nature provides a broad diversity of nutritious foods, medicines and clean water","‘Some real stake in their country’: racial financial statecraft and colonial capitalism in crisis","This paper examines continuities between the present-day ‘financialization of daily life’ and a longer history of colonial interventions. Efforts to cultivate responsible financial behaviors are often analyzed as reflecting recent trends of financialization. These kinds of analyses tend both to obscure the longer history of similar interventions, and to miss out the constitutive role of race in shaping them. In pointing to these longer continuities, the paper highlights a failure-prone, yet durable, modality of ‘racial financial statecraft’. Empirically, these arguments are fleshed out by tracing out three episodes from the British Empire across the first half of the twentieth century – debates about agrarian indebtedness, efforts to build post-office savings banks, and postwar efforts to promote local purchases of colonial government bonds. Across these initiatives, British officials attributed various social, economic, and monetary problems to the supposedly deficient financial behaviors of colonized subjects, and sought to address them by encouraging greater thrift, saving habits, or responsible investment. The history traced here suggests both a need to analyze such efforts, past and present, to inculcate particular kinds of financial behavior as forms of capitalist statecraft, and a need to grapple with the constitutive role of race in shaping these interventions.","https://doi.org/10.1080/09692290.2026.2661897","","","",""
"42b98838","Governance has at many levels moved slowly to further and better incorporate into policies and incentives the values of nature’s contributions to people. However, around the globe, subsidies with harmful effects on nature have persisted","Hidden harvest or hidden revenue-A local resource use in a remote region of Southeast Sulawesi, Indonesia","In the 5-7 million years we spent as hunter-gatherers, our knowledge base evolved with the ecosystems within which it existed and has further developed as a result of historical continuity of local resource dependence. Knowing which wild animals and plants are palatable and have nutritious content has long been a survival strategy for the rural poor, indigenous peoples and tribal communities, particularly those living in harsh environmental conditions. This information is essential to supplementing diets when harvests fail due to insect blights, disease or adverse weather conditions, hence wild nutritional resources are often termed the hidden harvest. Earlier ethnobotanical and ethnozoological surveys were studied to assess the relationship between wealth and use of local resources in a remote region of Indonesia. Poorer households were found to use local resources to generate income than wealthier households, who are more likely to use local species for consumption and rely on other sources of income. It also found that individuals or communities with higher income levels are less likely to support traditional ecosystem practices. The shift in resource collection incentives (from subsistence to income) as a result is likely to threaten ecosystems, management practices and the human populations that will have to rely on them in the future. Therefore, it may be essential to externally-manage systems of resource management in the future as economic development encroaches on traditional communities. These findings also have implications for the future of less wealthy communities in resource-rich regions. Both wild and human populations inhabiting an ecosystem come under threat when economic development and market pressures force the local view of natural resources to shift from one of hidden harvest opportunities to hidden revenue.",NA,"","","",""
"402cb4a3","Climate change alone is projected to decrease ocean net primary production by between 3 and 10 per cent, and fish biomass by between 3 and 25 per cent (in low and high warming scenarios, respectively) by the end of the century","Isoprene emissions track the seasonal cycle of canopy temperature, not primary production: evidence from remote sensing","Abstract. Isoprene is important in atmospheric chemistry, but its seasonal emission pattern – especially in the tropics, where most isoprene is emitted – is incompletely understood. We set out to discover generalized relationships applicable across many biomes between large-scale isoprene emission and a series of potential predictor variables, including both observed and model-estimated variables related to gross primary production (GPP) and canopy temperature. We used remotely sensed atmospheric concentrations of formaldehyde, an intermediate oxidation product of isoprene, as a proxy for isoprene emission in 22 regions selected to span high to low latitudes, to sample major biomes, and to minimize interference from pyrogenic sources of volatile organic compounds that could interfere with the isoprene signal. Formaldehyde concentrations showed the highest average seasonal correlations with remotely sensed (r = 0.85) and model-estimated (r = 0.80) canopy temperatures. Both variables predicted formaldehyde concentrations better than air temperature (r= 0.56) and a ""reference"" isoprene model that combines GPP and an exponential function of temperature (r = 0.49), and far better than either remotely sensed green vegetation cover, fPAR (r = 0.25) or model-estimated GPP (r = 0.14). Gross primary production in tropical regions was anti-correlated with formaldehyde concentration (r = −0.30), which peaks during the dry season. Our results were most reliable in the tropics, where formaldehyde observational errors were the least. The tropics are of particular interest because they are the greatest source of isoprene emission as well as the region where previous modelling attempts have been least successful. We conjecture that positive correlations of isoprene emission with GPP and air temperature (as found in temperate forests) may arise simply because both covary with canopy temperature, peaking during the relatively short growing season. The lack of a general correlation between GPP and formaldehyde concentration in the seasonal cycle is consistent with experimental evidence that isoprene emission rates are largely decoupled from photosynthetic rates, and with the likely adaptive significance of isoprene emission in protecting leaves against heat damage and oxidative stress.","https://doi.org/10.5194/bg-11-3437-2014","","","",""
"1f80f409","Nature provides a broad diversity of nutritious foods, medicines and clean water","Key factors in the enabling environment for smallholder tree growing : experiences from the Global South","Smallholder tree growing is drawing increasing attention as population and economic growth models anticipate increasing wood demand that current natural forest or industrial forest plantations will not be able to supply without endangering sustainable development goals. Furthermore, ‘greening of economies’ calls for substitution of non-renewable materials with renewables, such as cellulose-based products. This has led to increasing attention to smallholder tree growing and it’s potential to contribute to the growing need for wood and ecosystem services from forests. Research on the motivations and drivers of smallholder tree growers and the role of smallholder tree growers in forest transition processes is available for some individual countries, and some qualitative analysis comparing countries on their enabling environments for smallholder tree growing has been done over the years. However, a systematic analysis with a global perspective is lacking. This study contributes to understanding the role and combinations of contextual and sectoral factors in establishing an enabling environment for smallholder commercial tree growing in South-East Asia and Africa, and analyses the role and importance of incentives for smallholder tree growing. The dissertation consists of three articles (papers I, II, and III). Papers I and II are in-depth case studies from Tanzania and Lao PDR, and Paper III combines the case-studies with three additional country cases for a Qualitative Comparative Analysis. Field research for the first and second paper collected data on household socioeconomic background and past, present, and future tree growing interests and practices through semi-structured interviews. Four villages in Njombe region in Tanzania, and four villages in central and northern Lao PDR were included in the study. In Tanzania, detailed information on smallholder plantation condition was collected through plantation inventories. The data collected was analysed using both qualitative and quantitative methods. For the third paper a theoretical framework was developed based on eight main factors in the enabling environment for smallholder tree growing identified in previous research. Country case-study information on these factors was collected through case studies on Tanzania and Laos, and desk studies on Indonesia, Uganda and Vietnam. Country case studies were then analysed using Qualitative Comparative Analysis applying a two-step approach and crisp set methodology. The analysis was run with Tosmana (Cronqvist, 2017) and verification of the results utilised Kirq (Reichert and Rubinson, 2014) and QCA 3.0 software (Dusa, 2019). Findings indicate that Tanzanian smallholder tree growers have strong interest to increase their tree growing area despite the weak enabling environment. In Lao PDR the smallholder teak growing area is not likely to expand as smallholders consider other land uses more attractive and the existing incentive framework fails to induce smallholder tree growing. Based on the Qualitative Comparative Analysis, secure land and forest tenure, and strong demand for timber may be sufficient to boost smallholder tree growing. However, functioning wood markets, knowledge, and direct incentives are present in the configurations in the majority of the cases, which especially seem to contribute in scaling up tree growing volumes and in building an enduring smallholder tree growing sector that is capable to maintain the tree growing activity and supply the wood markets. The role of incentives in smallholder tree growing varies in the case-study countries, but under strong market demand they may not even be necessary for plantation expansion if land tenure is clear. However, to be effective, incentives should be tailored to meet smallholder needs in a country-specific context, and adjusted according to the changing environment. Secure land tenure and wood demand are essential elements in the enabling environment for smallholder tree growing. Even though they are not necessary for the initiation of smallholder tree growing, incentives play a crucial role in establishing technical knowledge and skills among smallholders to improve the quality of the wood they produce, which over the years has remained a challenge. However, incentives are only effective if they are designed from the beginning considering the smallholder capacities, actual needs, and their other livelihood options. The findings confirm and highlight the importance of secure land and forest tenure recognized in multitudinous studies. Smallholder tree growers struggle to achieve the quality that higher value wood markets require, and their produce is sold mainly in lower value local or regional markets. This may still be a profitable business model and a way to diversify livelihoods from the smallholder perspective, but on the other hand it does not allow smallholder tree growers to reach their full production potential and profits, nor does it support the development of the wood industry. The findings also suggest that models and incentives improving smallholder access to land are an effective incentive for smallholder tree growing when the land use is defined as a condition for the allocation. If global and national policies seek increasing smallholder contributions in tree growing for wood production and climate change mitigation, the first priority is to provide them access to land and secure land and tree tenure. Smallholder tree growing schemes should either recognize and accept the capacity and financial limitations smallholders have, or support schemes should be tailored to their specific needs and to the varying socioeconomic contexts.",NA,"","","",""
"9f5b3428","There are, however, few other counterfactual studies assessing how trends in the state of nature or pressures upon nature would have been different in the absence of conservation efforts","Reintroduction strategies for rare arable weeds in agricultural practice and their influence on yield","Abstract Agricultural intensification and changing landscape structure led to decreasing numbers of arable flora and fauna during the last decades. To counteract these declines, arable plant diversity needs to be restored. It is important to promote regional plant communities including endangered species to ensure adaption to agricultural landscapes. Therefore, this study examines the development of arable plant diversity, crop yield and the reintroduction success of rare arable plants (RAPs) under different practical farming strategies in cereals from 2019 to 2021 in southwestern Germany. Farming strategies varied regarding weed control intensity (none, mechanical, herbicide with and without efficiency gap), fertilisation (mineral and none) and row spacing (12.5 cm and 20 cm). Additionally, two different seed mixtures containing RAP and common species were used for reintroduction: one commercially available and another self‐composed. Reintroduction success was quite high with more than 80% establishment rate. Species numbers doubled in all treatments over time, except the one with herbicide application, with on average 8–10 species emerging from the soil seed bank. Reintroduction of RAP increased arable plant species richness further up to 37 species. The site‐adapted mixture showed in the end a site‐typical weed community. Yield was significantly lower in treatments with reintroduction via sown mixtures and no weed control, losing on average 65% yield. The reintroduction of RAP was successful and accompanied by an increasing floral diversity, however, with a simultaneous yield loss. Financial incentives or subsidies are therefore still necessary to compensate yield loss for reintroduction and conservation efforts.","https://doi.org/10.1111/wre.12659","","","",""
"194b16e3","Economic instruments that may be harmful to nature include subsidies, financial transfers, subsidized credit, tax abatements, and prices for commodities and industrial goods that hide environmental and social costs. Such instruments favour unsustainable production and, as a consequence, can promote deforestation, overfishing, urban sprawl, and wasteful uses of water. In 2015, agricultural support potentially harmful to nature amounted to $100 billion in countries belonging to the Organization for Economic Cooperation and Development, although some subsidy reforms to reduce unsustainable pesticide uses and adjust several other consequential development practices have been introduced","Land conflicts: manifestation, forms and impacts on land investments in Burkina Faso","Land conflicts in Burkina Faso represent development and security challenges, with significant implications for land investments and governance. To investigate the conflicts, a systematic review was conducted on policy and academic literature. Using the Institutional Analysis and Development (IAD) framework, the study unpacks the complex interplay of actors, institutions, biophysical conditions, and rules-in-use that govern land management in Burkina Faso. The framework identifies the coexistence of statutory and customary systems as core sources of legal pluralism, tenure insecurity, and governance fragmentation. The analysis reveals that large-scale land investments in agriculture, mining, and infrastructure are made with limited consultation, hence intensifying competition and conflicts over land. The review further explores multiple conflict management strategies, including traditional dispute resolution, national legal frameworks, community-based governance, and technological interventions. The study proposes for holistic and context-sensitive approaches to land conflict management to ensure sustainable land use, investment security, and social cohesion in Burkina Faso.","https://doi.org/10.1080/02589001.2026.2631093","","","",""
"096db89d","Nature provides a broad diversity of nutritious foods, medicines and clean water","Predictors of land-surface temperature and air pollution across Canadian cities are largely scale and city dependent","Abstract Problems of urban heat and air pollution have been increasing in Canadian cities over the past several decades. The distribution and level of temperature and air pollution are directly tied to the structure of cities. We use open-source data to predict patterns of temperature and air pollution within and across seven Canadian cities varying in geography and population size. Our goal is to identify the extent to which widely accessible metrics of vegetation, urban form, and sociodemographic variables predict temperature and air pollution. We implemented random forest modelling and identified the important predictors and their relationships with temperature and air pollution metrics at the street, neighbourhood, and city scales. We found very few generalizable patterns, with most important predictors being unique to the response variable and scale. This emphasizes the importance of context dependent management and local expertise for predicting and understanding urban heat and air pollution. However, inequity was an important predictor of temperature and nitrogen dioxide at the city scale. This large-scale trend across Canadian cities indicates that inequity may be a serious problem across our cities. Additionally, street tree variables appear as important predictors of temperature at the city scale and of temperature and ozone at the neighbourhood scale. At the neighbourhood scale, both ozone and temperature are best predicted by street-tree related variables. These findings indicate that street trees are an important factor when predicting environmental conditions, despite comprising only a small portion of the urban forest. Our work was limited by available datasets and as one of few cross-city and cross-scale studies of its kind in Canada, highlights the need for improved datasets and data accessibility. We demonstrate important patterns when predicting land-surface temperature and air pollution across Canadian cities, generating research questions for future investigation, and providing decision-makers in Canada with more information about our cities.","https://doi.org/10.1088/2515-7620/ae4f61","","","",""
"dd32d702","The threat of extinction is also accelerating: in the best-studied taxonomic groups, most of the total extinction risk to species is estimated to have arisen in the past 40 years","Status of Ichthyofauna under Conservations and Threats in the Historical Pahang River, Pahang, Malaysia","The aim of the present review is based on fish diversity status in the historical Pahang River, Pahang, Malaysia to represent the status of fish composition and its investigation with IUCN status for future monitoring and conservation purposes to the critical fish species. Secondary data were collected from published articles, reviews, field visits, GIS mapping, and books. A total of 259 fish species belonging 19 orders, 50 families, and 146 genera were recorded from the Pahang River waters. Fish from the order Cypriniformes belongings to the family Cyprinidae was documented the most dominant fish group as highest number of species (87 species) followed by the family Siluridae (18 species), Bagridae (16 species), Cobitidae (16 species), Osphronemidae (12 species) and Balitoridae (10 species). Available fishery resources need to be managed carefully as 9 commercial fish species (28.8%) are currently vulnerable and may be extinct in near future. Furthermore, the presence of 14 introduced fish species in the Pahang River waters also requires attention from the respective authorities due to the potential disruption to balance of aquatic systems and ecological circles. Changing land use issues in the Pahang River such as siltation, watershed destruction, rainforest degradation, conversion of wetlands to agricultural and industrial development, land reclamation, mining and logging, construction of barrages and flood mitigation channels. In addition, unstable climatic pattern such as seasonal vast flooding and irregular disturbance by human, illegal and destructive fishing, environmental imbalanced through poisons and pollutants would be significant challenges to the fish diversity management in the historical Pahang River. This study implies to biomonitoring in the Pahang River to ensure sustainable management to aquatic fauna for further studies and development. Thus, effective and necessary mitigation steps should be proposed to protect our valuable bioresources from the Pahang River.","https://doi.org/10.24018/ejaqua.2022.1.1.6","","","",""
"a68bc00e","As a result of human-caused changes in community composition, naturally occurring species in local terrestrial ecosystems worldwide are estimated to have lost at least 20 per cent of their original abundance on average, with hotspots of endemic species tending to have lost even more","Long-term dynamics of the iconic old-forest lichen Usnea longissima in a protected landscape","Long-term data on spatial dynamics of epiphytic lichens associated with old-growth forests are fundamental for understanding how environmental factors drive their extinction and colonization in heterogeneous landscapes. This study focuses on Usnea longissima, a flagship species for biodiversity conservation. By using a long-term data set (37 yr.) of U. longissima in old Picea abies forests in Skuleskogen National Park, Sweden, we examined changes in the number of host trees, population size (sum of thallus length), extinction, colonization, dispersal, and distribution in a protected landscape. We surveyed the lichen in 1984–1985 by applying a line transect inventory and a total population inventory and tagged 355 occupied trees with an aluminium plate buried in the ground. We repeated the survey in 2021 using a metal detector and recorded GPS-position of host trees, tree and lichen population characteristics. We also measured the structure and age (tree-ring data) of the forest to understand how disturbance history influenced lichen populations. Usnea longissima occurred on 66 of the tagged trees and we recorded 141 new host trees. The number of host trees decreased with 41.7% and the population size with 41.9%. One third of the decline was caused by deterministic extinction (treefalls) and two thirds by stochastic extinction on standing trees. The probability of stochastic extinction on live trees decreased with population size in logistic regression. The decline in the sites with largest populations (35–87% loss) was more influenced by limited colonization than extinction. Colonization was highest in humid north-facing hillslopes with multi-layered forests driven by gap dynamics. The lichen was strongly dispersal-limited, with a median effective horizontal dispersal of only 3.8 m in 37 yr., explaining its strong dependence of long continuity of forest cover. The populations were clustered and had substantial local turnover, yet with stable distribution at landscape scale. The tree-ring index, growth releases and gap recruitments indicate extensive harvesting ∼ 1860–1900, but without major disturbances during the last 70–80 yr. Instead, the decline of U. longissima was probably driven by air pollution, climate change (autumn/winter mortality and heatwaves) and denser forests. Our findings highlight that the long-term survival of this lichen may be at risk even in forests having a strong level of protection.","https://doi.org/10.1016/j.foreco.2023.121369","","","",""
"c2abe674","Economic instruments that may be harmful to nature include subsidies, financial transfers, subsidized credit, tax abatements, and prices for commodities and industrial goods that hide environmental and social costs. Such instruments favour unsustainable production and, as a consequence, can promote deforestation, overfishing, urban sprawl, and wasteful uses of water. In 2015, agricultural support potentially harmful to nature amounted to $100 billion in countries belonging to the Organization for Economic Cooperation and Development, although some subsidy reforms to reduce unsustainable pesticide uses and adjust several other consequential development practices have been introduced","LIST OF CONTRIBUTORS","Subject International Economic Law Public International Law Private International Law and Conflict of Laws","https://doi.org/10.1093/acprof:oso/9780199571345.002.0007","","","",""
"03a8c517","Nature provides a broad diversity of nutritious foods, medicines and clean water","Current conservation policies in the UK and Ireland overlook endangered insects and are taxonomically biased towards Lepidoptera","Authors: Natalie E. Duffus1, Juliano Morimoto1,2*Authors’ Affiliations:School of Biological Sciences, University of Aberdeen, Zoology Building, Tillydrone Ave, Aberdeen AB24 2TZPrograma de Pós-graduação em Ecologia e Conservação, Universidade Federal do Paraná, Curitiba, 82590-300, Brazil*Correspondence: juliano.morimoto@abdn.ac.ukAuthors’ contributions. ND and JM designed the study. ND collected and analysed the data and wrote the first draft of the manuscript. Both authors contributed to the writing of the final version of the manuscript and approved its submission.Declaration of interest: We wish to confirm that there are no known conflicts of interest associated with this publication and there has been no significant financial support for this work that could have influenced its outcome.Funding Statement: This research did not receive any specific grant from funding agencies in the public, commercial, or not-for-profit sectors.","https://doi.org/10.22541/au.164458283.34803966/v1","","","",""
"92349c49","Economic instruments that may be harmful to nature include subsidies, financial transfers, subsidized credit, tax abatements, and prices for commodities and industrial goods that hide environmental and social costs. Such instruments favour unsustainable production and, as a consequence, can promote deforestation, overfishing, urban sprawl, and wasteful uses of water. In 2015, agricultural support potentially harmful to nature amounted to $100 billion in countries belonging to the Organization for Economic Cooperation and Development, although some subsidy reforms to reduce unsustainable pesticide uses and adjust several other consequential development practices have been introduced","Data Definitions and Sources","∆ BB: Change in the budget balance (Source: Ameco 2018). ∆ PB: Change in the primary budget balance (minus interest payments) (Source: Ameco 2018). ∆ SB: C","https://doi.org/10.1093/oso/9780198829010.005.0002","","","",""
"f85bc431","Policy mixes that are harmonized across sectors, levels of governance and jurisdictions can account for ecological and social differences across and beyond the landscape, build on existing forms of knowledge and governance and address trade-offs between tangible and non-tangible benefits in a transparent and equitable manner.","Troubled waters: Riparian ecosystem services and community opposition to the largest dam removal project in Europe, Vezins Dam, France","The largest Dam removal project in Europe occurred in 2019 with removal of the Vezins Dam on the Sélune River in Normandy, France. The French State ordered removal of the 36-m high Vezins Dam and the 16-m high la Roche-qui-Boit Dam along the Sélune River to restore ecological and longitudinal connectivity to improve riparian water quality, and especially to restore migratory species of Atlantic salmon (Salmo salar) and eel (Anguilla anguilla). We examine community opposition to removal of the Vezins Dam through the lens of riparian ecosystem services and stakeholder values. Primary data sources includes fieldwork, interviews, and an online survey of local stakeholders. Text analysis and interview coding occurred with ATLAS.ti 22, and highlight themes related to federal-local communication and riparian ecosystem services. The French State ineffectively communicated with local communities regarding dam removal benefits and riparian stakeholder values. While the state focused on biophysical ecosystem services, experiential ecosystem services, such as place attachment, were more important to riparian stakeholders. Often portrayed as a positive benefit, here dam removal lacked community support. Failure of government authorities to effectively incorporate stakeholder values along a continuum of ecosystem services substantially compromises future large-scale federal environmental management projects dependent upon local community support. By examining how local actors experienced dam removal, study results increase understanding of environmental governance and the local consequences of national policy decisions, of use in future dam removal projects – including for large dams – in France and internationally.","https://doi.org/10.1016/j.geoforum.2023.103906","","","",""
"7909df38","Economic instruments that may be harmful to nature include subsidies, financial transfers, subsidized credit, tax abatements, and prices for commodities and industrial goods that hide environmental and social costs. Such instruments favour unsustainable production and, as a consequence, can promote deforestation, overfishing, urban sprawl, and wasteful uses of water. In 2015, agricultural support potentially harmful to nature amounted to $100 billion in countries belonging to the Organization for Economic Cooperation and Development, although some subsidy reforms to reduce unsustainable pesticide uses and adjust several other consequential development practices have been introduced","‘Economic property rights’ as ‘nonsense upon stilts’: a comment on Hodgson","Abstract Hodgson's (2015) critique of extra-legal ‘property rights’ – in this case, so-called ‘economic property rights’ – is right on target. This Comment contributes two further points to his critique. First, the notion of ‘economic property rights’ is based on what Gilbert Ryle (1949) referred to as a ‘category mistake’, conflating physical possession, which is a brute fact about the world, with the right or entitlement to possession, which is a social or institutional fact that cannot exist in the absence of some social contract, convention, covenant, or agreement. The very notion of a non-institutional ‘right’ is oxymoronic. Second, the fact that property is an institutional fact does not mean it must exist with the structure of a ‘state’ (as Bentham suggested). Rather, institutions like ‘property rights’ only require some community, however large or small, operating with what Searle (1995; 2005) calls collective intentionality and collective acceptance, according to shared ‘rules of recognition’ (Hart, 1997).","https://doi.org/10.1017/s174413741500020x","","","",""
"f1561d86","Nature provides a broad diversity of nutritious foods, medicines and clean water","The Relationship between Stand Structure and Tree Growth Form—Investigating the Effects of Selection Cuttings in Mountainous Mixed Beech Forests","Among forest management methods, selection cutting puts into practice applications that follow the processes that naturally occur in the ecosystem. The purpose of this research was to investigate the effects of selection cutting on the stand structural characteristics and growth form of trees. The effect of selection cutting was evaluated in terms of the frequency and standing volume of trees and deadwood, diversity of tree species indices, stand structural complexity index (SCI), height-to-diameter ratio (HDR) or slenderness index, and live crown ratio of trees (LCR). These were measured and estimated through a systematic random plot sampling in two adjacent parcels with different management histories (parcel A, managed using the selection cutting method, and parcel B, managed using the protected method and without cutting trees) in mixed beech forests in Northern Iran. The results showed that the standing volume, Shannon index, deadwood volume, and SCI index in parcel A were lower than in parcel B. The selection cuttings had no effect on the HDR value of the upper-storey trees, while it decreased the HDR value of the middle-storey and light-demanding trees (maple and alder) and increased the HDR value of the lower-storey and beech trees. Also, the results showed that as a result of the implementation of selection cuttings, the total LCR of the lower-storey trees increased, but the total LCR of the upper-storey trees decreased compared to the protected forest. Furthermore, the results showed that tree growth form (HDR and LCR) are related to the SCI of the stands. These results showed that the implementation of the single-selection method had simplified the structure of the stands; also, with the changes made in the growth form of trees, the possibility of snow and wind damage was increased, especially in young trees. It is necessary to prioritize the ecological values of forest deadwood, thick trees, biological diversity, and the resistance of these stands against snow and wind damage in the next cutting operations.","https://doi.org/10.3390/f14091861","","","",""
"3e12358b","Nature provides a broad diversity of nutritious foods, medicines and clean water","The need for coordinated transdisciplinary research infrastructures for pollinator conservation and crop pollination resilience","There is a growing concern about the status and trends of animal pollinators worldwide. Pollinators provide a key service to both wild plants and crops by mediating their reproduction, so pollinator conservation is of fundamental importance to conservation and to food production. Understanding of the extent of pollinator declines is constrained by the paucity of accessible data, which leads to geographically- and taxonomically-biased assessments. In addition, land conversion to agriculture and intensive agricultural management are two of the main threats to pollinators. This is paradoxical, as crop production depends on pollinators to maximize productivity. There is a need to reconcile conservation and ecosystem service provision in agroecosystems. These challenges require coordinated transdisciplinary research infrastructures. Specifically, we need better research infrastructures to (i) describe pollinator decline patterns worldwide, (ii) monitor current pollinator trends, and (iii) understand how to enhance pollinator numbers and pollination in agroecosystems. This can be achieved, first, by redoubling the efforts to make historical data on species occurrences, interactions and traits openly available and easy to integrate across databases. Second, by empowering citizen science to monitor key pollinator species in a coordinated way and standardizing, consolidating and integrating long term collection protocols both in natural and agricultural areas. Finally, there is a need to develop multi-actor, localised research infrastructures allowing integration of social, economic and ecological approaches in agriculture. We illustrate how decentralized infrastructures can accelerate the process of co-producing research and integrating data collection across scientists, managers, members of the public, farmers and disciplines. The time is ripe to harness the power of coordinated research infrastructures to understand and mitigate pollinator declines.","https://doi.org/10.1088/1748-9326/ab0cb5","","","",""
"bb80151b","Economic instruments that may be harmful to nature include subsidies, financial transfers, subsidized credit, tax abatements, and prices for commodities and industrial goods that hide environmental and social costs. Such instruments favour unsustainable production and, as a consequence, can promote deforestation, overfishing, urban sprawl, and wasteful uses of water. In 2015, agricultural support potentially harmful to nature amounted to $100 billion in countries belonging to the Organization for Economic Cooperation and Development, although some subsidy reforms to reduce unsustainable pesticide uses and adjust several other consequential development practices have been introduced","Building Cultural Capital Through Management of Pond Ecosystem in Bastar","Bastar is popularly known as the paradise of ponds in Chhattisgarh state of India. These ponds are traditionally built to fulfil not only the basic needs of the people but also to conserve biodiversity and the environment. Since people’s survival is directly or indirectly related to these water ponds, Bastarites have developed a symbiotic relationship with the pond ecosystem. This relationship is evident from the observance of sacred performances during the collection of water, that is, marriage ceremonies, worship of village deities and purification of households. Based on their characteristics, utility and significance, these water bodies have developed narratives in due course and thus created an identity of their own in Bastar. The ponds are built with traditional materials and methods, and people conserve the ecosystem through beliefs and customary practices. In due course of time, encroachment, housing, extension of agriculture and so on have led to sedimentation of many ponds, which in turn has reduced them to 28 from 147. As a result, villagers face livelihood issues, including scarcity of water during summer, witness a reduction of livestock, fishing, vegetable production and availability of chestnuts. Despite these hardships and a lesser number of ponds, the people of Bastar are still managing the pond ecosystem judiciously and rely on indigenous knowledge and sociocultural mechanisms of conservation for optimum utilisation of water. With this backdrop, the present article argues that traditional methods of pond ecosystem management contribute to building social and cultural capital at the local level using an anthropological perspective.","https://doi.org/10.1177/2277436x261433323","","","",""
"2a361135","Economic instruments that may be harmful to nature include subsidies, financial transfers, subsidized credit, tax abatements, and prices for commodities and industrial goods that hide environmental and social costs. Such instruments favour unsustainable production and, as a consequence, can promote deforestation, overfishing, urban sprawl, and wasteful uses of water. In 2015, agricultural support potentially harmful to nature amounted to $100 billion in countries belonging to the Organization for Economic Cooperation and Development, although some subsidy reforms to reduce unsustainable pesticide uses and adjust several other consequential development practices have been introduced","Globocentrismo, reprimarização e neoextrativismo : reflexões sobre a mineração no Brasil contemporâneo","-","https://doi.org/10.34019/ufjf.ebook.2021.00008","","","",""
"4c75d65b","Economic instruments that may be harmful to nature include subsidies, financial transfers, subsidized credit, tax abatements, and prices for commodities and industrial goods that hide environmental and social costs. Such instruments favour unsustainable production and, as a consequence, can promote deforestation, overfishing, urban sprawl, and wasteful uses of water. In 2015, agricultural support potentially harmful to nature amounted to $100 billion in countries belonging to the Organization for Economic Cooperation and Development, although some subsidy reforms to reduce unsustainable pesticide uses and adjust several other consequential development practices have been introduced","Une nature ingouvernable","L’expérience de l’occupation de la ZAD de Notre-Dame-des-Landes est souvent présentée comme un exemple emblématique d’« autogouvernement des communs ». De nombreux conflits opposent pourtant les occupant·e·s qui promeuvent la gestion collective des ressources naturelles à celles et ceux qui défendent le caractère inappropriable des non-humains. Cet article interroge le rôle de cette polémique dans l’évolution de l’organisation économique et politique du mouvement d’occupation.","https://doi.org/10.3917/rfse.029.0071","","","",""
"5fbd08a9","Promising interventions include practising integrated water resource management and landscape planning across scales; protecting wetland biodiversity areas; guiding and limiting the expansion of unsustainable agriculture and mining; slowing and reversing the de-vegetation of catchments; and mainstreaming practices that reduce erosion, sedimentation, and pollution run-off and minimize the negative impact of dams.","The Avifauna of the Rio Branco, an Amazonian evolutionary and ecological hotspot in peril","Summary The Rio Branco is a river with unique biogeographic and ecological features, threatened by the Brazilian Government’s plan to build a major hydroelectric dam and associated hydroway along its course. The river crosses one of Amazonia’s largest rainfall gradients and a major geomorphological boundary along a savanna/forest ecotone, marked by the Bem Querer rapids. Above the rapids, the upper Rio Branco runs through the Boa Vista sedimentary formation and crosses the crystalline rocks of the Guiana Shield, and its margins are flanked by gallery forests. Downriver, it runs through a low-lying sedimentary basin, with Amazonian floodplain forests along its margins. Here, we present the results of ∼ 15 years of ornithological research on the Branco and its major tributaries, providing baseline data and evaluating potential threats to the riverine avifauna. Our surveys included opportunistic observations and standardized surveys along the entire length of the river in 16 systematically distributed localities. We catalogued 439 bird species, 87% of which are documented by physical evidence (specimens, recordings, photographs). Forty-six percent are restricted to single habitats, suggesting a high degree of habitat specialisation. A third of the species are widely distributed along the river, whereas 45% are restricted to either the upper or the lower Rio Branco, including 40 and 30 Indicator Species, respectively. Twenty-five species are threatened at global or national levels, including two ‘Critically Endangered’, nine ‘Vulnerable’, and 14 ‘Near Threatened’. We present a list of 50 bird species that are candidates for monitoring studies. Threats to the avifauna from dam construction include permanent flooding above the dam, eliminating gallery forests, river islands, and sandy beaches, and the disruption of the flood pulse along the river, affecting river island and floodplain forest specialists, many of which are globally threatened with extinction. If built, the Bem Querer dam will wipe out the ecotone region and affect dramatically the river’s avifauna.","https://doi.org/10.1017/s0959270919000133","","","",""
"745fbe1a","Economic instruments that may be harmful to nature include subsidies, financial transfers, subsidized credit, tax abatements, and prices for commodities and industrial goods that hide environmental and social costs. Such instruments favour unsustainable production and, as a consequence, can promote deforestation, overfishing, urban sprawl, and wasteful uses of water. In 2015, agricultural support potentially harmful to nature amounted to $100 billion in countries belonging to the Organization for Economic Cooperation and Development, although some subsidy reforms to reduce unsustainable pesticide uses and adjust several other consequential development practices have been introduced","Institutions and forest tenure in the Russian forest policy","In relation to dissertation oriented studies I","https://doi.org/10.14214/df.95","","","",""
"68d37394","In contrast, substantial increases in food, feed, timber and bioenergy production are predicted in most scenarios","Spatiotemporal variations of atmospheric black carbon concentration and its correlation with meteorological and environmental factors in Xinjiang, China, from 2010 to 2022","Black carbon (BC) is a pollutant produced by the combustion of fossil fuels and biomass fuels, which has a huge impact on regional climate, atmospheric environment, and human health. In this study, based on MERRA-2 reanalysis data and ground-based observation data, the Mann-Kendall (MK) test and random forest (RF) model were used to explore the spatiotemporal variation characteristics of atmospheric BC concentration in Xinjiang, China and its correlation with meteorological and environmental covariates in 2010–2022. The results showed that the use of MERRA-2 reanalysis data to explore the spatiotemporal variation characteristics of BC concentration in Xinjiang had high reliability (relative average deviation (RAD) = 0.65). From 2010 to 2022, the annual average concentration of atmospheric BC in Xinjiang was 195.40 ± 15.55 ng/m3, and the multi-year average change rate was −0.05%. The winter season had the highest atmospheric BC concentration (145.52 ± 39.31 ng/m3), followed by autumn (124.95 ± 28.82 ng/m3), spring (74.05 ± 9.96 ng/m3), and summer (73.41 ± 5.69 ng/m3). The atmospheric BC concentration had a significant spatial variation, showing two high-BC-concentration areas on the northern slope of the Tianshan Mountains (centered on Urumqi-Changji-Shihezi region) and the urban agglomeration around the Tarim Basin (centered on Kashgar). The RF model analysis showed that meteorological factors including snow depth, surface temperature, and humidity as well as environmental factors including NO2, PM10, and SO2 were the main factors affecting the BC concentration. This work is of great significance for clarifying the accumulation and spatial distribution characteristics of atmospheric BC in northwest China and the factors influencing the atmospheric BC concentration, and helps to raise public attention to the increasingly serious climate change and public health problems caused by BC.","https://doi.org/10.7717/peerj.18187","","","",""
"bc0d72a8","Climate change alone is projected to decrease ocean net primary production by between 3 and 10 per cent, and fish biomass by between 3 and 25 per cent (in low and high warming scenarios, respectively) by the end of the century","Arctic Warming and Associated Sea Ice Reduction in the Early 20th Century Induced by Natural Forcings in MRI‐ESM2.0 Climate Simulations and Multimodel Analyses","Abstract During the early 20th century, the Arctic experienced a period of remarkable warming, often called the early 20th century warming (ETCW). However, the degree of the response to external climate forcing on the Arctic surface air temperature is not well understood. Climate simulations using a state‐of‐the‐art climate model of Meteorological Research Institute (MRI‐ESM2.0) and multimodel analyses were conducted to better understand ETCW. The MRI‐ESM2.0 historical simulations successfully reproduced the observed ETCW and the corresponding decreases in sea ice extent. Detection and attribution experiments using MRI‐ESM2.0 suggest that internal climate variability and external natural forcings by solar and volcanic activities had major influences on the model‐simulated ETCW, rather than external anthropogenic forcings. Multimodel analyses indicate that the Arctic warming trend during 1911–1940 induced by natural forcings is comparable to the unforced multidecadal internal variability, suggesting major contributions of the internal dynamics and natural forcings to ETCW.","https://doi.org/10.1029/2020gl092336","","","",""
"f8fff318","Economic instruments that may be harmful to nature include subsidies, financial transfers, subsidized credit, tax abatements, and prices for commodities and industrial goods that hide environmental and social costs. Such instruments favour unsustainable production and, as a consequence, can promote deforestation, overfishing, urban sprawl, and wasteful uses of water. In 2015, agricultural support potentially harmful to nature amounted to $100 billion in countries belonging to the Organization for Economic Cooperation and Development, although some subsidy reforms to reduce unsustainable pesticide uses and adjust several other consequential development practices have been introduced","Changement climatique : faut-il récompenser la « déforestation évitée » ?","Dans la perspective de l'après-Kyoto, de nombreuses propositions ont été formulées pour la mise en place d'un mécanisme multilatéral permettant de récompenser par des actifs monnayables les réductions d'émissions de gaz à effet de serre provenant de la déforestation. Mesurer ces réductions en termes de « déforestation évitée » conduit à identifier trois problèmes récurrents : la légitimité de l'extrapolation à partir de tendances historiques ; la capacité d'estimation des scénarios de référence de type prédictif ; enfin, la possibilité réelle d'imputer à différentes politiques publiques la baisse du taux de déforestation et, plus encore, d'en mesurer l'effet net. Le risque est réel pour qu'un tel mécanisme soit fortement générateur de réductions fictives d'émissions. Il semble plus avisé de renforcer les instruments multi- et bilatéraux existants, et de viser la suppression des « incitations perverses » à la déforestation dans les politiques publiques des pays tropicaux.","https://doi.org/10.1051/nss:2008003","","","",""
"60710f1f","However, the consequences of changes often depend on details of the ecosystem, remain hard to predict and are still understudied.","Immune response costs are associated with changes in resource acquisition and not resource reallocation","Summary Evolutionary ecologists frequently argue that parasite defence is costly because resources must be reallocated from other life‐history traits to fuel the immune response. However, this hypothesis is rarely explicitly tested. An alternative possibility is that immune responses impair an organism's ability to acquire the resources it needs to support metabolism. Here, we disentangle these opposing hypotheses for why the activation costs of parasite resistance arise. We studied fecundity costs associated with immune stimulation in Drosophila melanogaster. Then, by measuring correlated changes in metabolic rate, food consumption and body weight, we assessed whether responses were consistent with immunity costs originating from altered resource allocation or from impaired resource acquisition. Microbial injection resulted in a 45% fecundity decrease. It also triggered a mean decline in metabolic rate of 6% and a mean reduction in food intake of 31%; body weight was unaffected. Metabolic rate downregulation was greater in males than in females, whereas declines in food ingestion were of similar magnitude in both sexes. These physiological shifts did not depend on whether microbial challenges were alive or dead, thus they resulted from immune system activation not pathogenesis. These costs of immune activation are significant for individuals that successfully resist infection and might also occur in other situations when immune responses are upregulated without infection. Whilst we found significant activation costs of resistance, our data provide no compelling evidence for the popularly argued hypothesis that immune deployment is costly because of reallocation of energetic resources to the immune system. Instead, reduction in resource acquisition due to ‘infection‐induced anorexia’ may be the principal driver of metabolic changes and fecundity costs resulting from immune response activation.","https://doi.org/10.1111/1365-2435.12236","","","",""
"a4a16985","Nature provides a broad diversity of nutritious foods, medicines and clean water","Perception, Attitude et Attentes des Résidents à l’égard des Espaces Verts Urbains de Yamoussoukro (Côte d’Ivoire)","Les forêts urbaines considérées comme gênant par le passé font aujourd'hui l'objet d'une attention particulière, pour le bien-être de la population urbaine.Cette étude a pour objectif de recenser les avis des usagers des forêts urbaines de Yamoussoukro.Ainsi pour mener à bien cette étude, un questionnaire a été adressé aux usagers en vue de recueillir leurs avis sur les forêts urbaines de Yamoussoukro.Ce questionnaire a été complété avec des observations directes sur le terrain pour apprécier le comportement de la population à l'égard de ces espaces verts.Cette enquête a porté essentiellement sur la fréquentation de la population au niveau des arbres d'alignement.Au total, 284 usagers des espaces verts ont été interrogés de manière aléatoire.Ces usagers sont en majorité des hommes (63,7%).Ils fréquentent ces espaces verts pour l'ombrage, le repos et pour y mener des activités.Selon ces usagers, les plantes embellissent les villes (14,6%).Ensuite elles interviennent dans la régulation du climat (14%), puis servent à se soigner (10,3%), à se nourrir (10,2%), etc. Le manque d'arbres sur certaines voies pour profiter de l'ombrage et l'absence de jardin public pour profiter de leurs aménités a amené 91,5% des enquêtés à souhaiter Mots clés: Espaces verts urbains, attitude, perception, attente, Yamoussoukro, Côte d'Ivoire","https://doi.org/10.19044/esj.2019.v15n3p389","","","",""
"8f18c64c","In contrast, substantial increases in food, feed, timber and bioenergy production are predicted in most scenarios","Reaction of the i-C4H5 (CH2CCHCH2) Radical with O2","The resonantly stabilized radical i-C(4)H(5) (CH(2)CCHCH(2)) is an important intermediate in the combustion of unsaturated hydrocarbons and is thought to be involved in the formation of polycyclic aromatic hydrocarbons through its reaction with acetylene (C(2)H(2)) to form benzene + H. This study uses quantum chemistry and statistical reaction rate theory to investigate the mechanism and kinetics of the i-C(4)H(5) + O(2) reaction as a function of temperature and pressure, and unlike most resonantly stabilized radicals we show that i-C(4)H(5) is consumed relatively rapidly by its reaction with molecular oxygen. O(2) addition occurs at the vinylic and allenic radical sites in i-C(4)H(5), with respective barriers of 0.9 and 4.9 kcal mol(-1). Addition to the allenic radical form produces an allenemethylperoxy radical adduct with only around 20 kcal mol(-1) excess vibrational energy. This adduct can isomerize to the ca. 14 kcal mol(-1) more stable 1,3-divinyl-2-peroxy radical via concerted and stepwise processes, both steps with barriers around 10 kcal mol(-1) below the entrance channel energy. Addition of O(2) to the vinylic radical site in i-C(4)H(5) directly forms the 1,3-divinyl-2-peroxy radical with a small barrier and around 36.8 kcal mol(-1) of excess energy. The 1,3-divinyl-2-peroxy radical isomerizes via ipso addition of the O(2) moiety followed by O atom insertion into the adjacent C-C bond. This process forms an unstable intermediate that ultimately dissociates to give the vinyl radical, formaldehyde, and CO. At higher temperatures formation of vinylacetylene + HO(2), the vinoxyl radical + ketene, and the 1,3-divinyl-2-oxyl radical + O paths have some importance. Because of the adiabatic transition states for O(2) addition, and significant reverse dissociation channels in the peroxy radical adducts, the i-C(4)H(5) + O(2) reaction proceeds to new products with rate constant of around 10(11) cm(3) mol(-1) s(-1) at typical combustion temperatures (1000-2000 K). For fuel-rich flames we show that the reaction of i-C(4)H(5) with O(2) is likely to be faster than that with C(2)H(2), bringing into question the importance of the i-C(4)H(5) + C(2)H(2) reaction in initiating ring formation in sooting flames.","https://doi.org/10.1021/jp1072439","","","",""
"2d5ed597","Climate change alone is projected to decrease ocean net primary production by between 3 and 10 per cent, and fish biomass by between 3 and 25 per cent (in low and high warming scenarios, respectively) by the end of the century","Spatio‐Temporal Variations of Aerosols Over the Polar Regions Based on Satellite Remote Sensing","Aerosols absorb and scatter incoming solar and outgoing terrestrial radiations and affect regional and global climate systems by influencing the earth–atmosphere radiation balance. The spatial and seasonal variations in mid-visible aerosol optical depth derived from the MODerate resolution Imaging Spectroradiometer (MODIS) sensor onboard the Terra satellite are discussed in this chapter. Different near-surface meteorological characteristics such as relative humidity and winds are also discussed. Relative humidity (RH) is greater (>85%) in most of the Arctic area. RH values in central Greenland are significantly higher (>95%). RH achieves saturation when it enters the interior of Greenland due to the rising airmass, resulting in greater RH values in the ice sheet's interior. Throughout the year, the circumpolar circulation over the Antarctic may be observed at varying pressure levels. Stronger circumpolar winds (wind speed >8 m/s) are present. When radiative cooling occurs over the high Antarctic ice sheet, very cold, dense air is created. The “circumpolar trough” is a low-pressure zone that surrounds Antarctica and has many low centers. The heart of the continent, on the other hand, is dominated by high pressure, resulting in katabatic winds. Fire counts in the United States and Australia are more consistent throughout the year, especially in densely populated areas, in the cooler/wetter and non-fire season, whereas fires in Africa, Southeast Asia, and Siberia exhibit in more natural fire seasons, occurring throughout the austral summer/boreal winter. AOD is found to be higher in the Arctic than in the Antarctic and nearby regions. The higher AOD values over the Arctic may be attributed to anthropogenic activities in the surrounding regions. The AOD values cannot be derived, as shortwave radiations are lacking in the boreal and austral winter in the Arctic and Antarctic respectively. Furthermore, due to the high surface reflectance of snow in the visible regime, AOD cannot be estimated using satellite-derived remote sensing. These findings highlight the importance of year-round in-situ aerosol optical property measurements over polar regions. India is developing the POLar AERosol NETwork (POLAERNET), an in-situ network of aerosol measurements, to address these challenges.","https://doi.org/10.1002/9781119787754.ch29","","","",""
"188b3037","Particularly in the context of climate change, conservation outcomes also depend on adaptive governance, strong societal engagement, effective and equitable benefit-sharing mechanisms, sustained funding, and monitoring and enforcement of rules.","Rethinking entrenched narratives about protected areas and human wellbeing in the Global South","Attempts to link human development and biodiversity conservation goals remain a constant feature of policy and practice related to protected areas (PAs). Underlying these approaches are narratives that simplify assumptions, shaping how interventions are designed and implemented. We examine evidence for five key narratives: 1) conservation is pro-poor; 2) poverty reduction benefits conservation; 3) compensation neutralises costs of conservation; 4) local participation is good for conservation; 5) secure tenure rights for local communities support effective conservation. Through a mixed-method synthesis combining a review of 100 peer-reviewed papers and 25 expert interviews, we examined if and how each narrative is supported or countered by the evidence. The first three narratives are particularly problematic. PAs can reduce material poverty, but exclusion brings substantial local costs to wellbeing, often felt by the poorest. Poverty reduction will not inevitably deliver on conservation goals and trade-offs are common. Compensation (for damage due to human wildlife conflict, or for opportunity costs), is rarely sufficient or commensurate with costs to wellbeing and experienced injustices. There is more support for narratives 4 and 5 on participation and secure tenure rights, highlighting the importance of redistributing power towards Indigenous Peoples and Local Communities in successful conservation. In light of the proposed expansion of PAs under the post-2020 Global Biodiversity Framework, we outline implications of our review for the enhancement and implementation of global targets in order to proactively integrate social equity into conservation and the accountability of conservation actors.","https://doi.org/10.14324/111.444/000109.v2","","","",""
"e5ad113c","Economic instruments that may be harmful to nature include subsidies, financial transfers, subsidized credit, tax abatements, and prices for commodities and industrial goods that hide environmental and social costs. Such instruments favour unsustainable production and, as a consequence, can promote deforestation, overfishing, urban sprawl, and wasteful uses of water. In 2015, agricultural support potentially harmful to nature amounted to $100 billion in countries belonging to the Organization for Economic Cooperation and Development, although some subsidy reforms to reduce unsustainable pesticide uses and adjust several other consequential development practices have been introduced","Health workforce development in the Age of Intelligence: a tragedy of the cognitive commons?","Two people, both of whom I have met versions of many times. The first is a national programme manager at Nigeria's National Primary Health Care Development Agency (NPHCDA), or at the Ghana Health Service. She is formidable.","https://doi.org/10.59350/krftf-z2d27","","","",""
"c2de1fc4","Nature provides a broad diversity of nutritious foods, medicines and clean water","Sex‐specific foraging of an apex predator puts females at risk of human–wildlife conflict","Abstract Urbanisation and anthropogenic alteration of ecosystems has led to conflict between humans and wildlife. Such conflict is often observed in apex predators. Although human–wildlife conflict has been extensively studied, male/female differences in behaviour are rarely considered. We investigated male/female differences in foraging behaviour of the predatory/scavenging brown skua Catharacta antarctica lonnbergi breeding on a New Zealand island nature reserve in proximity to farmland. These skuas are subject to culling, when perceived as a threat to livestock. As part of a long‐term ecological study, we used high‐resolution Global Positioning System (GPS) devices to characterise the space‐use of foraging brown skuas. We also analysed stable isotopes of carbon (δ13C) and nitrogen (δ15N) from modern and archived blood samples to investigate possible changes in diet over the past ~30 years. Analysis of 100 GPS tracks collected from 2014 to 2016 demonstrated that males and females consistently visited different habitats. Males spent most of their time close to their breeding territory on the island nature reserve and females frequently visited a farmed island approximately two kilometres away. Consistent with this finding, we show that male and female skuas also differed markedly in their diets: males specialised on burrow‐nesting white‐faced storm petrels Pelagodroma marina (80%) with only a small proportion of sheep remains Ovis aries (<6%) contributing to their diet. In contrast, female diet comprised 27% white‐faced storm petrels, other seabirds (18%) and a relatively large proportion of sheep remains (47%). Further, our data (186 blood samples from 122 individuals) show that this male/female difference in diet has persisted at least since 1987. Because females fed disproportionally on sheep remains, they may be more vulnerable to being culled by farmers. Importantly, our case study suggests that intersexual differences in diet and foraging patterns can have major implications for the reproduction and survival of apex predators that interact with farming. We strongly suggest that intersexual differences in behaviour should be considered when investigating human–wildlife conflicts.","https://doi.org/10.1111/1365-2656.13496","","","",""
"a55bdbe1","Economic instruments that may be harmful to nature include subsidies, financial transfers, subsidized credit, tax abatements, and prices for commodities and industrial goods that hide environmental and social costs. Such instruments favour unsustainable production and, as a consequence, can promote deforestation, overfishing, urban sprawl, and wasteful uses of water. In 2015, agricultural support potentially harmful to nature amounted to $100 billion in countries belonging to the Organization for Economic Cooperation and Development, although some subsidy reforms to reduce unsustainable pesticide uses and adjust several other consequential development practices have been introduced","List of Figures","Subject Political Economy Collection: Oxford Scholarship Online","https://doi.org/10.1093/oso/9780198829010.002.0007","","","",""
"ca19d9ce","Nature provides a broad diversity of nutritious foods, medicines and clean water","Sharing across the space: Introduction to a special issue on bridging Indigenous and non-Indigenous knowledge systems","This special issue contains 16 articles inspired from a session at the 2021 64th International Association for Great Lakes Research Annual Meeting entitled: “Bridging Knowledge Systems between Indigenous and non-Indigenous communities.” Four common themes associated with bridging knowledge systems emerged from the collection of articles herein. First, wise practices should form the foundation of ethical, responsive, and productive collaborations. Second, inclusive, and accessible practices can improve our ability to bridge knowledge systems. Third, celebrating and embracing diverse languages and cultures enriches our connection to and understanding of the world around us; languages and cultures are a critical aspect of ontology and expression of knowledge that cut across all articles contained in this issue. Fourth, constructs, such as Etuaptmumk or Two-Eyed Seeing, can help build mutual and equitable relationships drawing on strengths of both Indigenous and non-Indigenous knowledge bases. Lessons in applying knowledge-bridging constructs are contained throughout the collection of articles. Indigenous knowledges are a rich source of experiential learning that can no longer be ignored. Creating ethical spaces for co-production of knowledge, co-learning, and joint stewardship is critical to our future and our ability to uphold Indigenous rights today. Throughout this issue, many elements of guidance are offered as ways to begin building the relationships required to bridge knowledge systems in a good way. We intend this collection to further relationship-building and ultimately trust-building among Indigenous and non-Indigenous Peoples and communities.","https://doi.org/10.1016/j.jglr.2023.04.001","","","",""
"b5f24540","In contrast, substantial increases in food, feed, timber and bioenergy production are predicted in most scenarios","Ocean-based negative emissions technologies: a governance framework review","The model pathways of the Intergovernmental Panel for Climate Change (IPCC) for the timely achievement of global climate targets, especially the target of limiting global warming to 1.5°C compared to pre-industrial levels, suggest the need for safeguarding and enhancing the global carbon sink. Experts argue that the deployment of so-called negative emissions technologies for large-scale carbon dioxide removal holds potential for keeping the temperature in line with limits set by the Paris Agreement. Ocean-based negative emissions technologies (ONETs) intend to enhance carbon sequestration and storage in the ocean, e.g., by changing the ocean’s physical or biogeochemical properties. But in addition to these intended effects, ONETs may also cause unintentional impacts on the ocean’s condition and on related coastal and marine ecosystem services that are relevant for the attainment of a range of global policy goals. This article links potential direct and indirect, intentional and unintentional impacts of eight ONETs on the marine environment to the regulations and policy goals of international environmental agreements of the current global ocean governance regime. The results thereof outline a direct, implicit and indirect governance framework of ONETs. Hereby, a broader perspective of the concept of (global) ocean governance is adopted to outline a wider network that goes beyond the explicit regulation of ONETs within the realm of ocean governance. This first-order assessment derives gaps and challenges in the existing governance framework, as well as needs and opportunities for comprehensive governance of the technologies. It is determined that while the inclusion of ONETs in the global climate strategy may be deemed necessary for reaching net zero emission targets in the future, a range of potential trade-offs with other policy goals may need to be considered or dealt with when deploying ONETS for climate mitigation. Further, foresight-oriented and adaptive governance mechanisms appear imperative to bridge gaps resulting from extensive uncertainties and unknowns linked to ONET deployment in a changing ocean and. The identified ONET governance framework reiterates current challenges in ocean governance, for instance related to fragmentation, but also represents an opportunity for a synergistic and integrated approach to future governance.","https://doi.org/10.3389/fmars.2023.995130","","","",""
"7c192393","Nature provides a broad diversity of nutritious foods, medicines and clean water","Forensic DNA Evidence and Wildlife Trafficking","Wildlife trafficking threatens the existence of many plant and animal species and accelerates the destruction of wildlife, forests, and other natural resources.It contributes to environmental degradation, destroys unique natural habitats, and deprives many countries and their populations of scarce renewable resources.The more endangered a species becomes, the greater is the commercial value that is put on the remaining specimen, thereby increasing the incentive for further illegal activities.Preventing and supressing the illegal trade in wildlife, animal parts, and plants is presently not a priority in many countries.Despite the actual and potential scale and consequences, wildlife trafficking often remains overlooked and poorly understood.Wildlife and biodiversity related policies, laws, and their enforcement have, for the most part, not kept up with the changing levels and patterns of wildlife trafficking.Poorly developed legal frameworks, weak law enforcement, prosecutorial, and judicial practices have resulted in valuable wildlife and plant resources becoming threatened.The high demand for wildlife, animal parts, plants, and plant material around the world has resulted in criminal activities on a large scale.Considerably cheaper than legally sourced material, the illegal trade in fauna and flora offers opportunities to reap significant profits.Gaps in domestic and international control regimes, difficulties in identifying illegal commodities and secondary products, along with intricate trafficking routes make it difficult to effectively curtail the trade.Although several international and non-governmental organisations have launched initiatives aimed at bringing international attention to the problem of wildlife trafficking, political commitment and operational capacity to tackle this phenomenon are not commensurate to the scale of the problem.There is, to date, no universal framework to prevent and suppress this crime type and there is a lack of critical and credible expertise and scholarship on this phenomenon.As part of their joint teaching programme on transnational organised crime, the University of Queensland, the University of Vienna, and the University of Zurich examined the topic of wildlife trafficking in a year-long research course in 2018-2019.Students from the three universities researched selected topics and presented their findings in academic papers, some of which have been compiled in this volume.The chapters included in this v edited book address causes, characteristics, and actors of wildlife trafficking, analyse detection methods, and explore different international and national legal frameworks.","https://doi.org/10.24921/2020.94115945.11","","","",""
"f650bf6f","In contrast, substantial increases in food, feed, timber and bioenergy production are predicted in most scenarios","Ocean dinitrogen fixation and its potential effects on ocean primary production in Earth system model simulations of anthropogenic warming","Dinitrogen fixation (DNF) provides a large fraction of the ‘new’ nitrogen supporting upper ocean productivity, and is associated with environmental conditions likely to show substantial change under anthropogenic warming. For example, surface warming induces stronger stratification, weaker nutrient supply and more rapid nutrient depletion. Using six Earth System Models, we have examined spatial patterns and trends of DNF in the CMIP5 historical and RCP 8.5 experiments. Four models (CanESM2, CESM1-BGC, IPSL-CM5R-LR, and UVicESCM) show high DNF rates in warm, stratified waters mostly associated with the western parts of the ocean basins, while GFDL-ESM2M and MPI-ESM-LR show elevated rates near the eastern boundaries because of coupling of DNF and denitrification. Despite a growing body of data, the spatial pattern of DNF is still insufficiently resolved by available observations, and none of the models agrees well with the observations. Modelled and observed rates are mostly in the same general range except for UVicESCM, and frequency distributions are similar, but spatial pattern correlations are weak and in most cases not statistically significant. Only a few models show strong trends in DNF and primary production in a warming climate, and the signs of the trends are inconsistent. Observations of primary production at the benchmark subtropical station ALOHA (22.75°N, 158°W) and proxies for historical DNF from the same region appear to corroborate trends in CanESM2 that are not present in other models. However, the CanESM DNF parameterization does not include any limitation by P or Fe, so modelled future trends may not materialize due to nutrient limitation. Analysis of available models and observations suggests that our understanding of environmental controls on ocean DNF remains limited and future trends are highly uncertain. Long-term global simulations of DNF will only be meaningful if we maintain long-term observations and extend coverage to undersampled regions.","https://doi.org/10.1525/elementa.277","","","",""
"a0d1c04a","Economic instruments that may be harmful to nature include subsidies, financial transfers, subsidized credit, tax abatements, and prices for commodities and industrial goods that hide environmental and social costs. Such instruments favour unsustainable production and, as a consequence, can promote deforestation, overfishing, urban sprawl, and wasteful uses of water. In 2015, agricultural support potentially harmful to nature amounted to $100 billion in countries belonging to the Organization for Economic Cooperation and Development, although some subsidy reforms to reduce unsustainable pesticide uses and adjust several other consequential development practices have been introduced","A Critical Framework for Examining Sustainability Claims of the Sharing Economy: Exploring the Tensions Within Platform Brand Discourses","The sharing economy represents a market-driven response to the perceived inefficient resource use arising from materialism, and as such, offers the possibility of a more environmentally sustainable form of consumption. However, the sustainability benefits attributed to the sharing economy remain contentious and fraught with paradox. Drawing on a critical discourse analysis of three sharing economy brands (Lime, Rent the Runway and BlaBlaCar) we identify that sustainability discourses compete with claims arising from the espoused benefits of immateriality and platform brands’ desire for rapid growth. We identify and explore three platform brand discourses (disrupting unsustainable leaders, guilt-free choice, and non-commercial appeals) and their associated practices. In doing so we identify that tensions between these discourses and practices give rise to three sustainability-related contradictions: displacement of sustainable alternatives, hidden materiality, and creeping usage. Our findings contribute to our understanding of the sharing economy and its role in sustainability.","https://doi.org/10.1177/02761467211060331","","","",""
"29bbb3c6","Climate change alone is projected to decrease ocean net primary production by between 3 and 10 per cent, and fish biomass by between 3 and 25 per cent (in low and high warming scenarios, respectively) by the end of the century","Bounding the role of black carbon in the climate system: A scientific assessment","Abstract Black carbon aerosol plays a unique and important role in Earth's climate system. Black carbon is a type of carbonaceous material with a unique combination of physical properties. This assessment provides an evaluation of black‐carbon climate forcing that is comprehensive in its inclusion of all known and relevant processes and that is quantitative in providing best estimates and uncertainties of the main forcing terms: direct solar absorption; influence on liquid, mixed phase, and ice clouds; and deposition on snow and ice. These effects are calculated with climate models, but when possible, they are evaluated with both microphysical measurements and field observations. Predominant sources are combustion related, namely, fossil fuels for transportation, solid fuels for industrial and residential uses, and open burning of biomass. Total global emissions of black carbon using bottom‐up inventory methods are 7500 Gg yr −1 in the year 2000 with an uncertainty range of 2000 to 29000. However, global atmospheric absorption attributable to black carbon is too low in many models and should be increased by a factor of almost 3. After this scaling, the best estimate for the industrial‐era (1750 to 2005) direct radiative forcing of atmospheric black carbon is +0.71 W m −2 with 90% uncertainty bounds of (+0.08, +1.27) W m −2 . Total direct forcing by all black carbon sources, without subtracting the preindustrial background, is estimated as +0.88 (+0.17, +1.48) W m −2 . Direct radiative forcing alone does not capture important rapid adjustment mechanisms. A framework is described and used for quantifying climate forcings, including rapid adjustments. The best estimate of industrial‐era climate forcing of black carbon through all forcing mechanisms, including clouds and cryosphere forcing, is +1.1 W m −2 with 90% uncertainty bounds of +0.17 to +2.1 W m −2 . Thus, there is a very high probability that black carbon emissions, independent of co‐emitted species, have a positive forcing and warm the climate. We estimate that black carbon, with a total climate forcing of +1.1 W m −2 , is the second most important human emission in terms of its climate forcing in the present‐day atmosphere; only carbon dioxide is estimated to have a greater forcing. Sources that emit black carbon also emit other short‐lived species that may either cool or warm climate. Climate forcings from co‐emitted species are estimated and used in the framework described herein. When the principal effects of short‐lived co‐emissions, including cooling agents such as sulfur dioxide, are included in net forcing, energy‐related sources (fossil fuel and biofuel) have an industrial‐era climate forcing of +0.22 (−0.50 to +1.08) W m −2 during the first year after emission. For a few of these sources, such as diesel engines and possibly residential biofuels, warming is strong enough that eliminating all short‐lived emissions from these sources would reduce net climate forcing (i.e., produce cooling). When open burning emissions, which emit high levels of organic matter, are included in the total, the best estimate of net industrial‐era climate forcing by all short‐lived species from black‐carbon‐rich sources becomes slightly negative (−0.06 W m −2 with 90% uncertainty bounds of −1.45 to +1.29 W m −2 ). The uncertainties in net climate forcing from black‐carbon‐rich sources are substantial, largely due to lack of knowledge about cloud interactions with both black carbon and co‐emitted organic carbon. In prioritizing potential black‐carbon mitigation actions, non‐science factors, such as technical feasibility, costs, policy design, and implementation feasibility play important roles. The major sources of black carbon are presently in different stages with regard to the feasibility for near‐term mitigation. This assessment, by evaluating the large number and complexity of the associated physical and radiative processes in black‐carbon climate forcing, sets a baseline from which to improve future climate forcing estimates.","https://doi.org/10.1002/jgrd.50171","","","",""
"41556721","Economic instruments that may be harmful to nature include subsidies, financial transfers, subsidized credit, tax abatements, and prices for commodities and industrial goods that hide environmental and social costs. Such instruments favour unsustainable production and, as a consequence, can promote deforestation, overfishing, urban sprawl, and wasteful uses of water. In 2015, agricultural support potentially harmful to nature amounted to $100 billion in countries belonging to the Organization for Economic Cooperation and Development, although some subsidy reforms to reduce unsustainable pesticide uses and adjust several other consequential development practices have been introduced","Global Warming as Evolution: Rebuttal of Two Extreme Positions","In the global meetings among governments, IGO and NGO, a hidden premise is that the process of climate change can be not only halted but reversed, if and only if there could finally be coordination of a global warming set of counter-measures.Somehow, global warming would be stabilised at 2C, and all countries would reduce their GHC emissions slowly but consistently over the coming decades.Given the costs of such measures in terms of economic development, it is said that a super fund put up by the rich countries would alleviate the burden on the poor or developing countries.This is a global myth, which entirely bypasses the fundamental fact that the history of mankind is evolving to a new stage, namely a society with an increasing average temperature and its attending consequences for all systems, biological and social.It involves travelling on a new road path that may end up in 4C, 6C or even more.It is a riskier one than before, because it is irreversible and probablities are not known.","https://doi.org/10.4236/oalib.1102007","","","",""
"dddf5262","Marine ecosystems, from coastal to deep sea, now show the influence of human actions, with coastal marine ecosystems showing both large historical losses of extent and condition as well as rapid ongoing declines.","Can the Non-native Salt Marsh Halophyte Spartina alterniflora Threaten Native Seagrass (Zostera japonica) Habitats? A Case Study in the Yellow River Delta, China","Seagrass meadows are critical ecosystems, and they are among the most threatened habitats on the planet. As an anthropogenic biotic invader, Spartina alterniflora Loisel. competes with native plants, threatens native ecosystems and coastal aquaculture, and may cause local biodiversity to decline. The distribution area of the exotic species S. alterniflora in the Yellow River Delta had been expanding to ca.4,000 ha from 1990 to 2018. In this study, we reported, for the first time, the competitive effects of the exotic plant (S. alterniflora) on seagrass (Zostera japonica Asch. & Graebn.) by field investigation and a transplant experiment in the Yellow River Delta. Within the first 3 months of the field experiment, S. alterniflora had pushed forward 14 m into the Z. japonica distribution region. In the study region, the area of S. alterniflora in 2019 increased by 516 times compared with its initial area in 2015. Inhibition of Z. japonica growth increased with the invasion of S. alterniflora. Z. japonica had been degrading significantly under the pressure of S. alterniflora invasion. S. alterniflora propagates sexually via seeds for long distance invasion and asexually by tillers and rhizomes for short distance invasion. Our results describe the invasion pattern of S. alterniflora and can be used to develop strategies for prevention and control of S. alterniflora invasion.","https://doi.org/10.3389/fpls.2021.643425","","","",""
"dab6dc02","Major trends include declining availability of resources – due in part to legal and illegal territory reductions, despite expanding indigenous populations – as well as declining health and populations of culturally important species; new pests and invasive alien species as climate changes; losses in both natural forest habitats and grazing lands; and declining productivity in remnant ecosystems. A more detailed global synthesis of trends in nature observed by indigenous peoples and local communities is hindered by the lack of institutions that gather data for these locations and then synthesize them within regional and global summaries.","Agricultural Development and Land Use Change in India: A Scenario Analysis of Trade‐Offs Between UN Sustainable Development Goals (SDGs)","Abstract India has the second largest population in the world and is characterized by a broad diversity in climate, topography, flora, fauna, land use, and socioeconomic conditions. To help ensure food security in the future, agricultural systems will have to respond to global change drivers such as population growth, changing dietary habits, and climate change. However, alterations of how food is produced in the future may conflict with other UN Sustainable Development Goals (SDGs), such as the protection of land resources and climate change mitigation. It is crucial for decision‐makers to understand potential trade‐offs between these goals to find a balance of human needs and environmental impacts. In this paper, we analyze pathways of agricultural productivity, land use, and land‐cover changes in India until 2030 and their impacts on terrestrial biodiversity and carbon storage. The results show that in order to meet future food production demands, agricultural lands are likely to expand, and existing farmlands need to be intensified. However, both processes will result in biodiversity losses. At the same time, the projections reveal carbon stock increases due to intensification processes and decreases due to conversions of natural land into agriculture. On balance, we find that carbon stocks increase with the scenarios of future agricultural productivity as modeled here. In conclusion, we regard further agricultural intensification as a crucial element to help ensure food security and to slow down the expansion of cropland and pasture. At the same time, policies are required to implement this intensification in a way that minimizes biodiversity losses.","https://doi.org/10.1029/2019ef001287","","","",""
"0f3d1c7a","Economic instruments that may be harmful to nature include subsidies, financial transfers, subsidized credit, tax abatements, and prices for commodities and industrial goods that hide environmental and social costs. Such instruments favour unsustainable production and, as a consequence, can promote deforestation, overfishing, urban sprawl, and wasteful uses of water. In 2015, agricultural support potentially harmful to nature amounted to $100 billion in countries belonging to the Organization for Economic Cooperation and Development, although some subsidy reforms to reduce unsustainable pesticide uses and adjust several other consequential development practices have been introduced","Weak reciprocity alone cannot explain peer punishment","The claims about (1) the lack of empirical support for a model of strong reciprocation and (2) the irrelevant empirical role of costly punishment to support cooperation in the field need qualifications. The interpretation of field evidence is not straightforward, and other-regarding preferences are also likely to play a role in the field.","https://doi.org/10.1017/s0140525x11001191","","","",""
"75205bb6","Economic instruments that may be harmful to nature include subsidies, financial transfers, subsidized credit, tax abatements, and prices for commodities and industrial goods that hide environmental and social costs. Such instruments favour unsustainable production and, as a consequence, can promote deforestation, overfishing, urban sprawl, and wasteful uses of water. In 2015, agricultural support potentially harmful to nature amounted to $100 billion in countries belonging to the Organization for Economic Cooperation and Development, although some subsidy reforms to reduce unsustainable pesticide uses and adjust several other consequential development practices have been introduced","Whither economics imperialism? Debating Ambrosino, Cedrini and Davis","This paper comments on “Today’s economics: one, no one and one hundred thousand,” published recently in EJHET. The original paper offers a welcome discussion of economics imperialism in the recent and contemporary history of economic thought. This response critically interrogates three of its main ideas, that: (i) economics imperialism is a bygone era; (ii) economics experienced a phase of reverse imperialisms; and (iii) economics has therefore become truly pluralist and welcoming of heterodoxy. Drawing on Ben Fine’s theoretical framework and the example of natural capital, I argue that economics imperialism is alive and well, if under the guise of interdisciplinarity.","https://doi.org/10.1080/09672567.2024.2433980","","","",""
"b664bc5e","Economic instruments that may be harmful to nature include subsidies, financial transfers, subsidized credit, tax abatements, and prices for commodities and industrial goods that hide environmental and social costs. Such instruments favour unsustainable production and, as a consequence, can promote deforestation, overfishing, urban sprawl, and wasteful uses of water. In 2015, agricultural support potentially harmful to nature amounted to $100 billion in countries belonging to the Organization for Economic Cooperation and Development, although some subsidy reforms to reduce unsustainable pesticide uses and adjust several other consequential development practices have been introduced","List of Figures and Tables","3.1The world’s billionaires and their wealth, 1987–2018 493.2Global expansion of IKEA and rise of Ingvar Kamprad’s wealth 563.3Trends in armed conflict, 19","https://doi.org/10.1093/oso/9780198852711.002.0007","","","",""
"d9265ba7","Economic instruments that may be harmful to nature include subsidies, financial transfers, subsidized credit, tax abatements, and prices for commodities and industrial goods that hide environmental and social costs. Such instruments favour unsustainable production and, as a consequence, can promote deforestation, overfishing, urban sprawl, and wasteful uses of water. In 2015, agricultural support potentially harmful to nature amounted to $100 billion in countries belonging to the Organization for Economic Cooperation and Development, although some subsidy reforms to reduce unsustainable pesticide uses and adjust several other consequential development practices have been introduced","Le paradoxe Papua Niugini . Archaïsme de la propriété de la terre, modernité des résistances paysannes ?","Résumé Après une présentation générale de la société papouane-néo-guinéenne (première partie), l’article étudie les institutions foncières traditionnelles et les rapports à la terre – fréquemment considérés comme « archaïques » – (deuxième partie), puis le processus d’enregistrement des terres à l’époque coloniale et depuis l’indépendance (troisième partie), pour examiner finalement la modernité des résistances paysannes de ce pays (quatrième partie).","https://doi.org/10.3917/rfse.009.0133","","","",""
"571b5d87","Economic instruments that may be harmful to nature include subsidies, financial transfers, subsidized credit, tax abatements, and prices for commodities and industrial goods that hide environmental and social costs. Such instruments favour unsustainable production and, as a consequence, can promote deforestation, overfishing, urban sprawl, and wasteful uses of water. In 2015, agricultural support potentially harmful to nature amounted to $100 billion in countries belonging to the Organization for Economic Cooperation and Development, although some subsidy reforms to reduce unsustainable pesticide uses and adjust several other consequential development practices have been introduced","Rethinking entrenched narratives about protected areas and human wellbeing in the Global South","Attempts to link human development and biodiversity conservation goals remain a constant feature of policy and practice related to protected areas (PAs). Underlying these approaches are narratives that simplify assumptions, shaping how interventions are designed and implemented. We examine evidence for five key narratives: 1) conservation is pro-poor; 2) poverty reduction benefits conservation; 3) compensation neutralises costs of conservation; 4) local participation is good for conservation; 5) secure tenure rights for local communities support effective conservation. Through a mixed-method synthesis combining a review of 100 peer-reviewed papers and 25 expert interviews, we examined if and how each narrative is supported or countered by the evidence. The first three narratives are particularly problematic. PAs can reduce material poverty, but exclusion brings substantial local costs to wellbeing, often felt by the poorest. Poverty reduction will not inevitably deliver on conservation goals and trade-offs are common. Compensation (for damage due to human wildlife conflict, or for opportunity costs), is rarely sufficient or commensurate with costs to wellbeing and experienced injustices. There is more support for narratives 4 and 5 on participation and secure tenure rights, highlighting the importance of redistributing power towards Indigenous Peoples and Local Communities in successful conservation. In light of the proposed expansion of PAs under the post-2020 Global Biodiversity Framework, we outline implications of our review for the enhancement and implementation of global targets in order to proactively integrate social equity into conservation and the accountability of conservation actors.","https://doi.org/10.14324/111.444/000109.v2","","","",""
"6b3ffddb","Economic instruments that may be harmful to nature include subsidies, financial transfers, subsidized credit, tax abatements, and prices for commodities and industrial goods that hide environmental and social costs. Such instruments favour unsustainable production and, as a consequence, can promote deforestation, overfishing, urban sprawl, and wasteful uses of water. In 2015, agricultural support potentially harmful to nature amounted to $100 billion in countries belonging to the Organization for Economic Cooperation and Development, although some subsidy reforms to reduce unsustainable pesticide uses and adjust several other consequential development practices have been introduced","Why Firms Perform Differently in Corporate Social Responsibility? Firm Ownership and the Persistence of Organizational Imprints","ABSTRACT This article analyzes the effects of firms’ founding ownership in shaping their corporate social responsibility (CSR) performance in China. Drawing on a nationwide survey of 1,037 representative manufacturing firms in 12 cities, we specify the imprinting effects of firms’ founding ownership on labor and environmental protections, two important CSR practices. Our results show that state-owned enterprises (SOEs) founded during the state socialist period, regardless of their restructuring experience in the market reform era, continued to implement pro-labor practices. Moreover, even the SOEs founded in the market reform era provided better labor protection than non-SOEs founded during the same time. In contrast, the founding imprints of environmentalism in the reform era for non-SOEs, especially thede novoprivate firms, explain why they spent more than SOEs in environmental protection. We extend the organizational imprinting theory by highlighting the importance of firms’ founding ownership imprints and in shaping their current CSR performance.","https://doi.org/10.1017/mor.2016.9","","","",""
"d304f19e","Nature provides a broad diversity of nutritious foods, medicines and clean water","Estimating Daily PM2.5 Concentrations in Beijing Using 750-M VIIRS IP AOD Retrievals and a Nested Spatiotemporal Statistical Model","Satellite-retrieved aerosol optical depth (AOD) data have been widely used to predict PM2.5 concentrations. Most of their spatial resolutions (~1 km or greater), however, are too coarse to support PM2.5-related studies at fine scales (e.g., urban-scale PM2.5 exposure assessments). Space-time regression models have been widely developed and applied to predict PM2.5 concentrations from satellite-retrieved AOD. Their accuracies, however, are not satisfactory particularly on days that lack a model dataset. The present study aimed to evaluate the effectiveness of recent high-resolution (i.e., ~750 m at nadir) AOD obtained from the Visible Infrared Imaging Radiometer Suite instrument (VIIRS) Intermediate Product (IP) in estimating PM2.5 concentrations with a newly developed nested spatiotemporal statistical model. The nested spatiotemporal statistical model consisted of two parts: a nested time fixed effects regression (TFER) model and a series of geographically weighted regression (GWR) models. The TFER model, containing daily, weekly, or monthly intercepts, used the VIIRS IP AOD as the main predictor alongside several auxiliary variables to predict daily PM2.5 concentrations. Meanwhile, the series of GWR models used the VIIRS IP AOD as the independent variable to correct residuals from the first-stage nested TFER model. The average spatiotemporal coverage of the VIIRS IP AOD was approximately 16.12%. The sample-based ten-fold cross validation goodness of fit (R2) for the first-stage TFER models with daily, weekly, and monthly intercepts were 0.81, 0.66, and 0.45, respectively. The second-stage GWR models further captured the spatial heterogeneities of the PM2.5-AOD relationships. The nested spatiotemporal statistical model produced more daily PM2.5 estimates and improved the accuracies of summer, autumn, and annual PM2.5 estimates. This study contributes to the knowledge of how well VIIRS IP AOD can predict PM2.5 concentrations at urban scales and offers strategies for improving the coverage and accuracy of daily PM2.5 estimates on days that lack a model dataset.","https://doi.org/10.3390/rs11070841","","","",""
"f8673c1d","Climate change alone is projected to decrease ocean net primary production by between 3 and 10 per cent, and fish biomass by between 3 and 25 per cent (in low and high warming scenarios, respectively) by the end of the century","Regional variability of acidification in the Arctic: a sea of contrasts","Abstract. The Arctic Ocean is a region that is particularly vulnerable to the impact of ocean acidification driven by rising atmospheric CO2, with potentially negative consequences for calcifying organisms such as coccolithophorids and foraminiferans. In this study, we use an ocean-only general circulation model, with embedded biogeochemistry and a comprehensive description of the ocean carbon cycle, to study the response of pH and saturation states of calcite and aragonite to rising atmospheric pCO2 and changing climate in the Arctic Ocean. Particular attention is paid to the strong regional variability within the Arctic, and, for comparison, simulation results are contrasted with those for the global ocean. Simulations were run to year 2099 using the RCP8.5 (an Intergovernmental Panel on Climate Change (IPCC) Fifth Assessment Report (AR5) scenario with the highest concentrations of atmospheric CO2). The separate impacts of the direct increase in atmospheric CO2 and indirect effects via impact of climate change (changing temperature, stratification, primary production and freshwater fluxes) were examined by undertaking two simulations, one with the full system and the other in which atmospheric CO2 was prevented from increasing beyond its preindustrial level (year 1860). Results indicate that the impact of climate change, and spatial heterogeneity thereof, plays a strong role in the declines in pH and carbonate saturation (Ω) seen in the Arctic. The central Arctic, Canadian Arctic Archipelago and Baffin Bay show greatest rates of acidification and Ω decline as a result of melting sea ice. In contrast, areas affected by Atlantic inflow including the Greenland Sea and outer shelves of the Barents, Kara and Laptev seas, had minimal decreases in pH and Ω because diminishing ice cover led to greater vertical mixing and primary production. As a consequence, the projected onset of undersaturation in respect to aragonite is highly variable regionally within the Arctic, occurring during the decade of 2000–2010 in the Siberian shelves and Canadian Arctic Archipelago, but as late as the 2080s in the Barents and Norwegian seas. We conclude that, for future projections of acidification and carbonate saturation state in the Arctic, regional variability is significant and needs to be adequately resolved, with particular emphasis on reliable projections of the rates of retreat of the sea ice, which are a major source of uncertainty.","https://doi.org/10.5194/bg-11-293-2014","","","",""
"08d1e2e9","In contrast, substantial increases in food, feed, timber and bioenergy production are predicted in most scenarios","NW European shelf under climate warming: implications for open ocean – shelf exchange, primary production, and carbon absorption","Abstract. Shelves have been estimated to account for more than one-fifth of the global marine primary production. It has been also conjectured that shelves strongly influence the oceanic absorption of anthropogenic CO2 (carbon shelf pump). Owing to their coarse resolution, currently applied global climate models are inappropriate to investigate the impact of climate change on shelves and regional models do not account for the complex interaction with the adjacent open ocean. In this study, a global ocean general circulation model and biogeochemistry model were set up with a distorted grid providing a maximal resolution for the NW European shelf and the adjacent northeast Atlantic. Using model climate projections we found that already a~moderate warming of about 2.0 K of the sea surface is linked with a reduction by ~ 30% of the biological production on the NW European shelf. If we consider the decline of anthropogenic riverine eutrophication since the 1990s, the reduction of biological production amounts is even larger. The relative decline of NW European shelf productivity is twice as strong as the decline in the open ocean (~ 15%). The underlying mechanism is a spatially well confined stratification feedback along the continental shelf break. This feedback reduces the nutrient supply from the deep Atlantic to about 50%. In turn, the reduced productivity draws down CO2 absorption in the North Sea by ~ 34% at the end of the 21st century compared to the end of the 20th century implying a strong weakening of shelf carbon pumping. Sensitivity experiments with diagnostic tracers indicate that not more than 20% of the carbon absorbed in the North Sea contributes to the long-term carbon uptake of the world ocean. The rest remains within the ocean's mixed layer where it is exposed to the atmosphere. The predicted decline in biological productivity, and decrease of phytoplankton concentration (in the North Sea by averaged 25%) due to reduced nutrient imports from the deeper Atlantic will probably affect the local fish stock negatively and therefore fisheries in the North Sea.","https://doi.org/10.5194/bg-10-3767-2013","","","",""
"c718a4cc","Economic instruments that may be harmful to nature include subsidies, financial transfers, subsidized credit, tax abatements, and prices for commodities and industrial goods that hide environmental and social costs. Such instruments favour unsustainable production and, as a consequence, can promote deforestation, overfishing, urban sprawl, and wasteful uses of water. In 2015, agricultural support potentially harmful to nature amounted to $100 billion in countries belonging to the Organization for Economic Cooperation and Development, although some subsidy reforms to reduce unsustainable pesticide uses and adjust several other consequential development practices have been introduced","Forests, law and customary rights in Indonesia: Implications of a decision of the Indonesian Constitutional Court in 2012","This paper reviews the emerging effects of the 2012 decision of the Constitutional Court of Indonesia relating to the customary management of Indonesia's traditional forests. It focuses on the challenge of moving from legal to political and societal recognition of Indigenous peoples’ rights. In its advocacy of customary land rights, Aliansi Masyarakat Adat Nusantara (AMAN) successfully applied to the Constitutional Court for judicial review of the Forest Law 41 1999. It argued the law breached the constitutional rights of its members in permitting the state to permit exploitation and development rights over traditional forest without their consent. The flow‐on effect of allocating such rights included widespread deforestation and land use change without agreement from customary communities that have used and occupied these forests for centuries, thus ignoring traditional customary law that regards these forests as the property of such communities. The paper reflects critically on international experience in the interface between legal recognition of Indigenous peoples’ rights, and their translation into sustainable and meaningful societal transformation.","https://doi.org/10.1111/apv.12207","","","",""
"58050f44","Nature provides a broad diversity of nutritious foods, medicines and clean water","Successional and phenological effects on plant‐floral visitor interaction networks of a tropical dry forest","Abstract Plant‐pollinator interactions are fundamental to ecosystem functioning; however, the role that succession and phenology have on these interactions is poorly understood, particularly in endangered tropical ecosystems. In highly diverse ecosystems such as tropical dry forests (TDF), variation in water and food availability determines the life cycles of animal pollinators. Therefore, understanding patterns of flowering phenology and plant‐pollinator interactions across seasons in successional environments is key to maintaining and restoring TDF. We analysed the functional dynamics of plant‐floral visitor interactions at the community level across a successional gradient in a Mexican TDF. We evaluated changes in the diversity of blooming plant species and floral visitors, phenological patterns, interaction network metrics and beta diversity among early, intermediate and late successional stages, between dry and rainy seasons. We found a higher diversity of blooming plant species and a higher richness of animal species in the intermediate and late successional stages. Peak abundance of floral visitors overlapped with flowering peaks in the late successional stages, but this was not consistently the case in the early and intermediate stages. Plant‐floral visitors networks differed in structure according to successional stage and season, but specialisation metrics were higher in late successional stages. Interaction networks were more dissimilar between dry and rainy seasons within successional stages than within seasons between successional stages, suggesting connectivity across successional sites during each season. In addition, closely related plant species do not share the same pollination systems in any successional stage. Synthesis . Our results showed that plant‐floral visitor interactions are dynamic and vary with flowering phenology and with successional changes in plant and animal diversity. Plant‐floral visitor interactions were more diverse and specialised in the late successional stages. In the rainy season, differences in network structure among successional stages are due to interaction rewiring, while in the dry season, it is caused by species turnover. Our results demonstrate that seasonality plays a key role in community diversity and network structure and highlight the importance of conserving mature forests to ensure the maintenance of critical pollination interactions across all successional stages.","https://doi.org/10.1111/1365-2745.14072","","","",""
"ea7d3dfd","As a result, the pool of genetic variation which underpins food security has declined","Gut microbiota of an Amazonian fish in a heterogeneous riverscape: integrating genotype, environment, and parasitic infections","ABSTRACT A number of key factors can structure the gut microbiota of fish such as environment, diet, health state, and genotype. Mesonauta festivus , an Amazonian cichlid, is a relevant model organism to study the relative contribution of these factors on the community structure of fish gut microbiota. M. festivus has well-studied genetic populations and thrives in rivers with drastically divergent physicochemical characteristics. Here, we collected 167 fish from 12 study sites and used 16S and 18S rRNA metabarcoding approaches to characterize the gut microbiome structure of M. festivus . These data sets were analyzed in light of the host fish genotypes (genotyping-by-sequencing) and an extensive characterization of environmental physico-chemical parameters. We explored the relative contribution of environmental dissimilarity, the presence of parasitic taxa, and phylogenetic relatedness on structuring the gut microbiota. We documented occurrences of Nyctotherus sp. infecting a fish and linked its presence to a dysbiosis of the host gut microbiota. Moreover, we detected the presence of helminths which had a minor impact on the gut microbiota of their host. In addition, our results support a higher impact of the phylogenetic relatedness between fish rather than environmental similarity between sites of study on structuring the gut microbiota for this Amazonian cichlid. Our study in a heterogeneous riverscape integrates a wide range of factors known to structure fish gut microbiomes. It significantly improves understanding of the complex relationship between fish, their parasites, their microbiota, and the environment. IMPORTANCE The gut microbiota is known to play important roles in its host immunity, metabolism, and comportment. Its taxonomic composition is modulated by a complex interplay of factors that are hard to study simultaneously in natural systems. Mesonauta festivus , an Amazonian cichlid, is an interesting model to simultaneously study the influence of multiple variables on the gut microbiota. In this study, we explored the relative contribution of the environmental conditions, the presence of parasitic infections, and the genotype of the host on structuring the gut microbiota of M. festivus in Amazonia. Our results highlighted infections by a parasitic ciliate that caused a disruption of the gut microbiota and by parasitic worms that had a low impact on the microbiota. Finally, our results support a higher impact of the genotype than the environment on structuring the microbiota for this fish. These findings significantly improve understanding of the complex relationship among fish, their parasites, their microbiota, and the environment.","https://doi.org/10.1128/spectrum.02755-22","","","",""
"f4e147ac","Nature provides a broad diversity of nutritious foods, medicines and clean water","Wildlife Trafficking in Australian Criminal Law","Wildlife trafficking threatens the existence of many plant and animal species and accelerates the destruction of wildlife, forests, and other natural resources.It contributes to environmental degradation, destroys unique natural habitats, and deprives many countries and their populations of scarce renewable resources.The more endangered a species becomes, the greater is the commercial value that is put on the remaining specimen, thereby increasing the incentive for further illegal activities.Preventing and supressing the illegal trade in wildlife, animal parts, and plants is presently not a priority in many countries.Despite the actual and potential scale and consequences, wildlife trafficking often remains overlooked and poorly understood.Wildlife and biodiversity related policies, laws, and their enforcement have, for the most part, not kept up with the changing levels and patterns of wildlife trafficking.Poorly developed legal frameworks, weak law enforcement, prosecutorial, and judicial practices have resulted in valuable wildlife and plant resources becoming threatened.The high demand for wildlife, animal parts, plants, and plant material around the world has resulted in criminal activities on a large scale.Considerably cheaper than legally sourced material, the illegal trade in fauna and flora offers opportunities to reap significant profits.Gaps in domestic and international control regimes, difficulties in identifying illegal commodities and secondary products, along with intricate trafficking routes make it difficult to effectively curtail the trade.Although several international and non-governmental organisations have launched initiatives aimed at bringing international attention to the problem of wildlife trafficking, political commitment and operational capacity to tackle this phenomenon are not commensurate to the scale of the problem.There is, to date, no universal framework to prevent and suppress this crime type and there is a lack of critical and credible expertise and scholarship on this phenomenon.As part of their joint teaching programme on transnational organised crime, the University of Queensland, the University of Vienna, and the University of Zurich examined the topic of wildlife trafficking in a year-long research course in 2018-2019.Students from the three universities researched selected topics and presented their findings in academic papers, some of which have been compiled in this volume.The chapters included in this v edited book address causes, characteristics, and actors of wildlife trafficking, analyse detection methods, and explore different international and national legal frameworks.","https://doi.org/10.24921/2020.94115945.12","","","",""
"abbf3344","Economic instruments that may be harmful to nature include subsidies, financial transfers, subsidized credit, tax abatements, and prices for commodities and industrial goods that hide environmental and social costs. Such instruments favour unsustainable production and, as a consequence, can promote deforestation, overfishing, urban sprawl, and wasteful uses of water. In 2015, agricultural support potentially harmful to nature amounted to $100 billion in countries belonging to the Organization for Economic Cooperation and Development, although some subsidy reforms to reduce unsustainable pesticide uses and adjust several other consequential development practices have been introduced","Health workforce development in the Age of Intelligence: a tragedy of the cognitive commons?","Two people, both of whom I have met versions of many times. The first is a national programme manager at Nigeria's National Primary Health Care Development Agency (NPHCDA), or at the Ghana Health Service. She is formidable.","https://doi.org/10.59350/t0630-9wt12","","","",""
"413c793c","Furthermore, increases in the production of some of nature's contributions cause declines in others (Figure SPM.1)","Climate change adaptation in European river basins","This paper contains an assessment and standardized comparative analysis of the current water management regimes in four case-studies in three European river basins: the Hungarian part of the Upper Tisza, the Ukrainian part of the Upper Tisza (also called Zacarpathian Tisza), Alentejo Region (including the Alqueva Reservoir) in the Lower Guadiana in Portugal, and Rivierenland in the Netherlands. The analysis comprises several regime elements considered to be important in adaptive and integrated water management: agency, awareness raising and education, type of governance and cooperation structures, information management and—exchange, policy development and—implementation, risk management, and finances and cost recovery. This comparative analysis has an explorative character intended to identify general patterns in adaptive and integrated water management and to determine its role in coping with the impacts of climate change on floods and droughts. The results show that there is a strong interdependence of the elements within a water management regime, and as such this interdependence is a stabilizing factor in current management regimes. For example, this research provides evidence that a lack of joint/participative knowledge is an important obstacle for cooperation, or vice versa. We argue that there is a two-way relationship between information management and collaboration. Moreover, this research suggests that bottom-up governance is not a straightforward solution to water management problems in large-scale, complex, multiple-use systems, such as river basins. Instead, all the regimes being analyzed are in a process of finding a balance between bottom-up and top–down governance. Finally, this research shows that in a basin where one type of extreme is dominant—like droughts in the Alentejo (Portugal) and floods in Rivierenland (Netherlands)—the potential impacts of other extremes are somehow ignored or not perceived with the urgency they might deserve.","https://doi.org/10.1007/s10113-009-0108-6","","","",""
"6d724421","Climate change alone is projected to decrease ocean net primary production by between 3 and 10 per cent, and fish biomass by between 3 and 25 per cent (in low and high warming scenarios, respectively) by the end of the century","Projected expansion of the subtropical biome and contraction of the temperate and equatorial upwelling biomes in the North Pacific under global warming","Abstract Polovina, J. J., Dunne, J. P., Woodworth, P. A., and Howell, E. A. 2011. Projected expansion of the subtropical biome and contraction of the temperate and equatorial upwelling biomes in the North Pacific under global warming. – ICES Journal of Marine Science, 68: 986–995. A climate model that includes a coupled ocean biogeochemistry model is used to define large oceanic biomes in the North Pacific Ocean and describe their changes over the 21st century in response to the IPCC Special Report on Emission Scenario A2 future atmospheric CO2 emissions scenario. Driven by enhanced stratification and a northward shift in the mid-latitude westerlies under climate change, model projections demonstrated that between 2000 and 2100, the area of the subtropical biome expands by ∼30% by 2100, whereas the area of temperate and equatorial upwelling (EU) biomes decreases by ∼34 and 28%, respectively, by 2100. Over the century, the total biome primary production and fish catch is projected to increase by 26% in the subtropical biome and decrease by 38 and 15% in the temperate and the equatorial biomes, respectively. Although the primary production per unit area declines slightly in the subtropical and the temperate biomes, it increases 17% in the EU biome. Two areas where the subtropical biome boundary exhibits the greatest movement is in the northeast Pacific, where it moves northwards by as much as 1000 km per 100 years and at the equator in the central Pacific, where it moves eastwards by 2000 km per 100 years. Lastly, by the end of the century, there are projected to be more than 25 million km2 of water with a mean sea surface temperature of 31°C in the subtropical and EU biomes, representing a new thermal habitat. The projected trends in biome carrying capacity and fish catch suggest resource managers might have to address long-term trends in fishing capacity and quota levels.","https://doi.org/10.1093/icesjms/fsq198","","","",""
"c1702807","Climate change alone is projected to decrease ocean net primary production by between 3 and 10 per cent, and fish biomass by between 3 and 25 per cent (in low and high warming scenarios, respectively) by the end of the century","Analysis of Pond Fisheries in Climate Change Scenario in the Haor Region of Bangladesh","Aims: To identify the potential environmental impacts and influence of climate change on the pond fishery in haor region and impact of exotic species on the indigenous species through aquaculture. Study Design: An investigation on the influence of the pond fishery approach to determine whether the approach is successful with respect to the climate change impacts in the haor area. Place and Duration of Study: The study sites are located in five haor districts in Bangladesh for a period of one-year (May 2018 – April 2019) covering HILIP working area. Methodology: The study includes collection and analyses of both quantitative and qualitative data. For quantitative study, 92 sample households in 58 unions of 28 upazilas (sub-districts) in five project districts were randomly selected. Fish catch data, including information on species composition, production and sale were collected from perennial and seasonal ponds. The qualitative primary data obtained through in-depth interviews, key informants interviews and focus group discussions have been used in this paper. Results: Fish production was found to be better at perennial ponds, but not significantly more than that in the seasonal ponds. However, biodiversity was found to be better in seasonal ponds and greater than that in the perennial ponds. The findings clearly support the observation that pond fish culture is an attractive activity for haor people, especially those who are able to run both perennial and seasonal ponds and manage minimum feeding requirements, maintain those and market the outputs effectively. The present study fills gaps in existing knowledge of fish pond culture diffusion in haor region of Bangladesh. Conclusions: Pond fishery appears to perform better so, aquaculture production would mitigate some lost capture fisheries in the haor area of Bangladesh. Existing cultural practices could support experimentation and learning under future initiatives in the haor area. Pond fishery in the haor area mainly has an income-generating feature and less probability of being affected by climate change impacts. However, future initiatives should emphasize on culturing fish, which has the potential of balancing the haor ecosystem. Aims: To identify the potential environmental impacts and influence of climate change on the pond fishery in haor region and impact of exotic species on the indigenous species through aquaculture. Study Design: An investigation on the influence of the pond fishery approach to determine whether the approach is successful with respect to the climate change impacts in the haor area. Place and Duration of Study: The study sites are located in five haor districts in Bangladesh for a period of one-year (May 2018 – April 2019) covering HILIP working area. Methodology: The study includes collection and analyses of both quantitative and qualitative data. For quantitative study, 92 sample households in 58 unions of 28 upazilas (sub-districts) in five project districts were randomly selected. Fish catch data, including information on species composition, production and sale were collected from perennial and seasonal ponds. The qualitative primary data obtained through in-depth interviews, key informants interviews and focus group discussions have been used in this paper. Results: Fish production was found to be better at perennial ponds, but not significantly more than that in the seasonal ponds. However, biodiversity was found to be better in seasonal ponds and greater than that in the perennial ponds. The findings clearly support the observation that pond fish culture is an attractive activity for haor people, especially those who are able to run both perennial and seasonal ponds and manage minimum feeding requirements, maintain those and market the outputs effectively. The present study fills gaps in existing knowledge of fish pond culture diffusion in haor region of Bangladesh. Conclusions: Pond fishery appears to perform better so, aquaculture production would mitigate some lost capture fisheries in the haor area of Bangladesh. Existing cultural practices could support experimentation and learning under future initiatives in the haor area. Pond fishery in the haor area mainly has an income-generating feature and less probability of being affected by climate change impacts. However, future initiatives should emphasize on culturing fish, which has the potential of balancing the haor ecosystem.","https://doi.org/10.9734/air/2019/v19i630144","","","",""
"be023fd4","In contrast, substantial increases in food, feed, timber and bioenergy production are predicted in most scenarios","Phytoplankton competition during the spring bloom in four plankton functional type models","Abstract. We investigated the mechanisms of phytoplankton competition during the spring bloom, one of the most dramatic seasonal events in lower-trophic-level ecosystems, in four state-of-the-art plankton functional type (PFT) models: PISCES, NEMURO, PlankTOM5 and CCSM-BEC. In particular, we investigated the relative importance of different ecophysiological processes on the determination of the community structure, focusing both on the bottom-up and the top-down controls. The models reasonably reproduced the observed global distribution and seasonal variation of phytoplankton biomass. The fraction of diatoms with respect to the total phytoplankton biomass increases with the magnitude of the spring bloom in all models. However, the governing mechanisms differ between models, despite the fact that current PFT models represent ecophysiological processes using the same types of parameterizations. The increasing trend in the percentage of diatoms with increasing bloom magnitude is mainly caused by a stronger nutrient dependence of diatom growth compared to nanophytoplankton (bottom-up control). The difference in the maximum growth rate plays an important role in NEMURO and PlankTOM5 and determines the absolute values of the percentage of diatoms during the bloom. In CCSM-BEC, the light dependency of growth plays an important role in the North Atlantic and the Southern Ocean. The grazing pressure by zooplankton (top-down control), however, strongly contributes to the dominance of diatoms in PISCES and CCSM-BEC. The regional differences in the percentage of diatoms in PlankTOM5 are mainly determined by top-down control. These differences in the mechanisms suggest that the response of marine ecosystems to climate change could significantly differ among models, even if the present-day ecosystem is reproduced to a similar degree of confidence. For further understanding of plankton competition and for the prediction of future change in marine ecosystems, it is important to understand the relative differences in each physiological rate and life history rate in the bottom-up and the top-down controls between PFTs.","https://doi.org/10.5194/bg-10-6833-2013","","","",""
"0f41c3a5","Economic instruments that may be harmful to nature include subsidies, financial transfers, subsidized credit, tax abatements, and prices for commodities and industrial goods that hide environmental and social costs. Such instruments favour unsustainable production and, as a consequence, can promote deforestation, overfishing, urban sprawl, and wasteful uses of water. In 2015, agricultural support potentially harmful to nature amounted to $100 billion in countries belonging to the Organization for Economic Cooperation and Development, although some subsidy reforms to reduce unsustainable pesticide uses and adjust several other consequential development practices have been introduced","When Ostrom Meets Blockchain: Exploring the Potentials of Blockchain for Commons Governance","Blockchain technologies have generated enthusiasm, yet their potential to enable new forms of governance remains largely unexplored. Two confronting standpoints dominate the emergent debate around blockchain-based governance: discourses characterized by the presence of techno-determinist and market-driven values, which tend to ignore the complexity of social organization; and critical accounts of such discourses which, while contributing to identifying limitations, consider the role of traditional centralized institutions as inherently necessary to enable democratic forms of governance. In this article, we draw on Ostrom’s principles for self-governance of communities to explore the transformative potential of blockchain beyond such standpoints. We approach blockchain through the identification and conceptualization of six affordances that this technology may provide to communities: tokenization, self-enforcement and formalization of rules, autonomous automatization, decentralization of power over the infrastructure, increasing transparency, and codification of trust. For each affordance, we carry out a detailed analysis situating each in the context of Ostrom’s principles, considering both the potentials of algorithmic governance and the importance of incorporating communities’ social practices into blockchain-based tools to foster forms of self-governance. The relationships found between these affordances and Ostrom’s principles allow us to provide a perspective focused on blockchain-based commons governance.","https://doi.org/10.1177/21582440211002526","","","",""
"7dc15a8e","Economic instruments that may be harmful to nature include subsidies, financial transfers, subsidized credit, tax abatements, and prices for commodities and industrial goods that hide environmental and social costs. Such instruments favour unsustainable production and, as a consequence, can promote deforestation, overfishing, urban sprawl, and wasteful uses of water. In 2015, agricultural support potentially harmful to nature amounted to $100 billion in countries belonging to the Organization for Economic Cooperation and Development, although some subsidy reforms to reduce unsustainable pesticide uses and adjust several other consequential development practices have been introduced","The Last Mile of China’s Low-Carbon Movement: Amplifying Climate Policy Through Cadre Performance Evaluation System","Climate governance operates across multiple administrative tiers, and enhancing the vertical coherence of policies has become a critical determinant of successful climate governance. This study employs data from 1578 counties in China from 2008 to 2022 to explore the synergistic effects between the Low Carbon City Policy (LCCP) and the Cadre Performance Evaluation System Transformation (CPEST). The study reveals that the CPEST has the potential to enhance the carbon reduction effects of the LCCP, yet it has not fully realized a synergistic effect. Further analysis indicates that although the timing arrangement is beneficial, it alone is insufficient to generate a synergistic effect. A synergistic impact only materializes when the objectives of the CPEST and LCCP are aligned, resulting in a carbon reduction effect that is approximately 1.5 times greater than the simple sum of their individual impacts. Mechanism analysis indicates that the combination of the LCCP and CPEST reduces carbon emissions primarily through four pathways: environmental investment, environmental penalties, green technology innovation, and upgrading of industrial structure. The effects of this combined approach are greater than those achieved through separate implementation. Heterogeneity analysis reveals that the combination of the LCCP and CPEST has a more pronounced effect in resource-based cities, old industrial bases, and regions with strong promotion incentives. The research findings provide both theoretical support and empirical evidence for enhancing vertical coordination in climate governance.","https://doi.org/10.3390/su17125232","","","",""
"6b95f904","In contrast, substantial increases in food, feed, timber and bioenergy production are predicted in most scenarios","Opportunities for climate‐risk reduction through effective fisheries management","Risk of impact of marine fishes to fishing and climate change (including ocean acidification) depend on the species' ecological and biological characteristics, as well as their exposure to over-exploitation and climate hazards. These human-induced hazards should be considered concurrently in conservation risk assessment. In this study, we aim to examine the combined contributions of climate change and fishing to the risk of impacts of exploited fishes, and the scope for climate-risk reduction from fisheries management. We combine fuzzy logic expert system with species distribution modeling to assess the extinction risks of climate and fishing impacts of 825 exploited marine fish species across the global ocean. We compare our calculated risk index with extinction risk of marine species assessed by the International Union for Conservation of Nature (IUCN). Our results show that 60% (499 species) of the assessed species are projected to experience very high risk from both overfishing and climate change under a ""business-as-usual"" scenario (RCP 8.5 with current status of fisheries) by 2050. The risk index is significantly and positively related to level of IUCN extinction risk (ordinal logistic regression, p < 0.0001). Furthermore, the regression model predicts species with very high risk index would have at least one in five (>20%) chance of having high extinction risk in the next few decades (equivalent to the IUCN categories of vulnerable, endangered or critically endangered). Areas with more at-risk species to climate change are in tropical and subtropical oceans, while those that are at risk to fishing are distributed more broadly, with higher concentration of at-risk species in North Atlantic and South Pacific Ocean. The number of species with high extinction risk would decrease by 63% under the sustainable fisheries-low emission scenario relative to the ""business-as-usual"" scenario. This study highlights the substantial opportunities for climate-risk reduction through effective fisheries management.","https://doi.org/10.1111/gcb.14390","","","",""
"91f7d9fd","However, the consequences of changes often depend on details of the ecosystem, remain hard to predict and are still understudied.","Fishing, fast growth and climate variability increase the risk of collapse","Species around the world have suffered collapses, and a key question is why some populations are more vulnerable than others. Traditional conservation biology and evidence from terrestrial species suggest that slow-growing populations are most at risk, but interactions between climate variability and harvest dynamics may alter or even reverse this pattern. Here, we test this hypothesis globally. We use boosted regression trees to analyse the influences of harvesting, species traits and climate variability on the risk of collapse (decline below a fixed threshold) across 154 marine fish populations around the world. The most important factor explaining collapses was the magnitude of overfishing, while the duration of overfishing best explained long-term depletion. However, fast growth was the next most important risk factor. Fast-growing populations and those in variable environments were especially sensitive to overfishing, and the risk of collapse was more than tripled for fast-growing when compared with slow-growing species that experienced overfishing. We found little evidence that, in the absence of overfishing, climate variability or fast growth rates alone drove population collapse over the last six decades. Expanding efforts to rapidly adjust harvest pressure to account for climate-driven lows in productivity could help to avoid future collapses, particularly among fast-growing species.","https://doi.org/10.1098/rspb.2015.1053","","","",""
"c4d417bd","The traits of species influence whether they persist or even thrive in human-modified ecosystems","In the elephant's seed shadow: the prospects of domestic bovids as replacement dispersers of three tropical Asian trees","As populations of the world's largest animal species decline, it is unclear how ecosystems will react to their local extirpation. Due to the unique ecological characteristics of megaherbivores such as elephants, seed dispersal is one ecosystem process that may be affected as populations of large animals are decimated. In typically disturbed South Asian ecosystems, domestic bovids (cattle, Bosprimigenius, and buffalo, Bubalus bubalis) may often be the species most available to replace Asian elephants (Elephas maximus) as endozoochorous dispersers of large-fruited mammal-dispersed species. We use feeding trials, germination trials, and movement data from the tropical moist forests of Buxa Tiger Reserve (India) to examine whether domestic bovids are viable replacements for elephants in the dispersal of three large- fruited species: Dillenia indica, Artocarpus chaplasha, and Careya arborea. We find that (1) once consumed, seeds are between 2.5 (C. arborea) and 26.5 (D. indica) times more likely to pass undigested into elephant dung than domestic bovid dung; and (2) seeds from elephant dung germinated as well as or better than seeds taken from bovid dung for all plant species, with D. indica seeds from elephant dung 1.5 times more likely to germinate. Furthermore, since wild elephants have less constrained movements than even free-roaming domestic bovids, we calculate that maximum dispersal by elephants is between 9.5 and 11.2 times farther than that of domestic bovids, with about 20% of elephant-dispersed seeds being moved farther than the maximum distance seeds are moved by bovids. Our findings suggest that, while bovids are able to disperse substantial numbers of seeds over moderate distances for two of the three study species, domestic bovids will be unable to routinely emulate the reliable, long-distance dispersal of seeds executed by elephants in this tropical moist forest. Thus while domestic bovids can attenuate the effects of losing elephants as dispersers, they may not be able to prevent the decline of various mammal-dispersed fruiting species in the face of overhunting, habitat fragmentation, and climate change.","https://doi.org/10.1890/14-1543.1","","","",""
"56e069a3","Nature provides a broad diversity of nutritious foods, medicines and clean water","Hydro Geochemical Characteristics and Mineralization Process of Groundwater in the Phosphatic Basin of Gafsa, Southwestern Tunisia","The present study examines the water quality in the Quaternary Mio-Plio-Quaternary aquifer of the mining basin of Gafsa using a hydrochemical approach and multivariate statistical methods, to assess groundwater mineralization processes. Results from the analysis of groundwater quality collected during the winter (January 2020) and summer (June 2021) seasons reveal a pronounced stability in geochemical parameters, emphasizing a noteworthy consistency in water composition between the two seasons, with the dominance of the Na-Ca-Mg-SO4-Cl facies, in addition to the fact that all year round these concentrations are beyond their respective WHO limits. Despite the intensive extractive and transformation phosphate industry, the prolonged interaction of water with geological formations is the primary factor controlling their high mineralization. This results from the dissolution of carbonates (calcite, dolomite), gypsum, and halite. The results of the PCA represent two correlation classes. Class 1 comprises major elements sulfate, chloride, sodium, magnesium, and calcium strongly correlated with electrical conductivity (EC) and total dissolved solids (TDS). This correlation is indicative of the water mineralization process. Class 2 includes major elements nitrate and potassium weakly correlated with (TDS) and (EC) As regards heavy metals, their concentrations fall consistently below their respective potability standards established by the WHO across all water sampling points. Meanwhile, fluoride (F-) concentrations exhibited values ranging from (1.6 mg·L−1 to 2.9 mg·L−1) in the winter of January 2020 and (1 to 2.9 mg·L−1) in the summer of June 2021, surpassing its WHO limit (1.5 mg·L−1) in almost all water samples. These findings allow us to conclude that the high mineralization of these waters is acquired due to the dissolution of carbonates (calcite, dolomite), gypsum, and halite due to their prolonged interaction with the geological formations. The deterioration of groundwater quality in the Gafsa mining basin associated with phosphate extraction and processing activities appears to be primarily due to the intensive exploitation of deep-water resources.","https://doi.org/10.3390/hydrology11090142","","","",""
"e88ba257","In contrast, substantial increases in food, feed, timber and bioenergy production are predicted in most scenarios","No Impact of Anthropogenic Aerosols on Early 21st Century Global Temperature Trends in a Large Initial‐Condition Ensemble","Abstract Anthropogenic‐aerosol (AA) radiative forcing modulates multidecadal greenhouse radiative forcing. However, decadal climate responses to AA are poorly characterized given AA forcing uncertainty and internal climate variability. This motivates revisiting a recent claim that AA drove a negative trend in the Pacific Decadal Oscillation and an associated cooling influence in the 10–15 years following the late‐1990's El Niño. The average of a 50‐member initial condition ensemble of the second generation Canadian Earth System Model version 2 that was forced only with AA does not exhibit the negative‐Pacific Decadal Oscillation/slowdown response. However, spurious responses of this kind, that are artifacts of subsetting the large ensemble (LE) in a manner consistent with published literature, can readily be found. This illustrates the caution needed in interpreting regional‐ and decadal‐scale responses to AA and suggests that improved characterization of model uncertainty in AA over the recent period is required.","https://doi.org/10.1029/2018gl078841","","","",""
"ef240b70","Economic instruments that may be harmful to nature include subsidies, financial transfers, subsidized credit, tax abatements, and prices for commodities and industrial goods that hide environmental and social costs. Such instruments favour unsustainable production and, as a consequence, can promote deforestation, overfishing, urban sprawl, and wasteful uses of water. In 2015, agricultural support potentially harmful to nature amounted to $100 billion in countries belonging to the Organization for Economic Cooperation and Development, although some subsidy reforms to reduce unsustainable pesticide uses and adjust several other consequential development practices have been introduced","A Spatiotemporal Model of Forest Cover Dynamics and Household Land Use Decisions by Subsistence Farmers in Southern Cameroon","Christopher B. Barrett, Richard N. Boisvert, James P. Lassoie",NA,"","","",""
"57ece4bc","Economic instruments that may be harmful to nature include subsidies, financial transfers, subsidized credit, tax abatements, and prices for commodities and industrial goods that hide environmental and social costs. Such instruments favour unsustainable production and, as a consequence, can promote deforestation, overfishing, urban sprawl, and wasteful uses of water. In 2015, agricultural support potentially harmful to nature amounted to $100 billion in countries belonging to the Organization for Economic Cooperation and Development, although some subsidy reforms to reduce unsustainable pesticide uses and adjust several other consequential development practices have been introduced","Public-Private Partnerships for Sustainable Development: Exploring Their Design and Its Impact on Effectiveness","Public-private partnerships for sustainable development have been in operation for several decades from the local to the international level [...]","https://doi.org/10.3390/su11041087","","","",""
"e0c8e814","Nature provides a broad diversity of nutritious foods, medicines and clean water","Beyond Beneficial Margins: Four Mechanisms Linking Border Vegetation to Pest Dynamics","Vegetated field borders are widely promoted as tools to enhance biodiversity and strengthen biological control in agroecosystems. However, their role in pest dynamics remains conceptually fragmented and empirically inconsistent. Here, we develop a unified framework explaining how crop border vegetation influences pest populations through four interlinked ecological mechanisms. First, borders act as host reservoirs and selective filters, providing alternative hosts and overwintering habitat that enhance pest persistence across crop cycles. Second, borders modify pest colonization dynamics by shaping movement, aggregation, and host-location behavior at crop edges. Third, borders restructure multitrophic networks, simultaneously supporting natural enemies, alternative prey, vectors, and pathogens, generating nonlinear effects on pest suppression. Fourth, repeated disturbance and management function as selective filters, determining which plant functional groups dominate borders and, consequently, which pest and natural enemy communities are maintained. To ground this framework, we conduct a structured synthesis of published empirical and conceptual studies on crop-border vegetation, including weed and arthropod surveys, and classify them according to the proposed mechanisms. Our synthesis reveals a strong emphasis on multitrophic effects, whereas colonization processes and disturbance filtering are comparatively underexplored. Across mechanisms, plant identity and dominance structure consistently emerge as stronger predictors of pest outcomes than species richness alone. We argue that borders are not inherently beneficial or harmful but function as selectively structured ecological interfaces shaped by management history and species composition. By integrating temporal persistence, spatial behavior, network interactions, and anthropogenic filtering, our framework provides a predictive basis for IPM-oriented design of field borders, enabling management strategies that reduce pest carryover, disrupt colonization pathways, and enhance biological control while maintaining ecosystem services. This article is part of the theme issue “The Biology, Ecology, and Management of Plant Pests”.","https://doi.org/10.3390/biology15090697","","","",""
"1c0bda42","Climate change alone is projected to decrease ocean net primary production by between 3 and 10 per cent, and fish biomass by between 3 and 25 per cent (in low and high warming scenarios, respectively) by the end of the century","Interactions Between Ultraviolet B Radiation, Warming, and Changing Nitrogen Source May Reduce the Accumulation of Toxic Pseudo-nitzschia multiseries Biomass in Future Coastal Oceans","Understanding the environmental conditions that trigger Pseudo-nitzschia bloom formation and domoic acid (DA) production is critical as the frequency and severity of these toxic blooms increases in the face of anthropogenic change. However, predicting the formation of these harmful blooms in a future ocean remains a challenge. Previous studies have examined the effects of single environmental drivers on Pseudo-nitzschia spp. growth and toxin production, but few have considered the interactions between them. In this multiple driver study with Pseudo-nitzschia multiseries, we used a full factorial matrix experimental design to examine the simultaneous effects of temperature (20 and 25°C), nitrogen source (nitrate and urea), and irradiance (photosynthetically active radiation with and without ultraviolet B radiation; UVB). This strain of P. multiseries was unable to withstand prolonged exposures (>0.5 h) to 0.06 mw⋅cm–2 UVB light, with implications for near-surface bloom formation if future shallower mixed layers increase UVB exposure. Growth rates were inhibited by UVB, but photosynthesis and carbon fixation continued at a reduced capacity. Additionally, DA synthesis continued despite UVB-induced growth inhibition. Warming by 5°C enhanced cellular DA quotas three-fold. Within these warmer treatments, urea-grown cultures exposed to UVB had the highest amount of DA per cell, suggesting that interactive effects between UVB exposure, warming, and urea can synergistically enhance toxin production. However, overall production of toxic biomass was low, as growth-integrated DA production rates were near zero. This indicates that although Pseudo-nitzschia multiseries cell-specific toxicity could worsen in an anthropogenically-altered future ocean, bloom formation may be inhibited by increased exposure to UVB. This multi-variable experimental approach revealed previously unknown interactions that could not have been predicted based on combined effects of single-variable experiments. Although P. multiseries DA production may be enhanced in a future ocean, inherent sensitivity to prolonged UVB exposure may moderate trophic transfer of toxin to coastal food webs.","https://doi.org/10.3389/fmars.2021.664302","","","",""
"82a3b4d9","Economic instruments that may be harmful to nature include subsidies, financial transfers, subsidized credit, tax abatements, and prices for commodities and industrial goods that hide environmental and social costs. Such instruments favour unsustainable production and, as a consequence, can promote deforestation, overfishing, urban sprawl, and wasteful uses of water. In 2015, agricultural support potentially harmful to nature amounted to $100 billion in countries belonging to the Organization for Economic Cooperation and Development, although some subsidy reforms to reduce unsustainable pesticide uses and adjust several other consequential development practices have been introduced","List of Abbreviations","BBbudget balanceCDUChristian Democratic Union (Germany)DG EcfinDirectorate General of Economic and Financial AffairsECBEuropean Central BankEcofinCouncil o","https://doi.org/10.1093/oso/9780198829010.002.0009","","","",""
"d4600080","Nature provides a broad diversity of nutritious foods, medicines and clean water","Reclamation and salt leaching efficiency for tile drained saline‐sodic soil using marginal quality water for irrigating rice and wheat crops","Abstract Due to increased population and urbanization, freshwater demand for domestic purposes has increased resulting in a smaller proportion for irrigation of crops. We carried out a 3‐year field experiment in the Indus Plains of Pakistan on salt‐affected soil (ECe15·67–23·96 dS m−1, pHs8·35–8·93, SAR 70–120, infiltration rate 0·72–0·78 cm h−1,ρb1·70–1·80 Mg m−3) having tile drainage in place. The 3‐year cropping sequence consisted of rice (Oryza sativaL.) and wheat (Triticum aestivumL.) crops in rotation. These crops were irrigated with groundwater having electrical conductivity (EC) 2·7 dS m−1, sodium adsorption ratio (SAR) 8·0 (mmol L−1)1/2and residual sodium carbonate (RSC) 1·3 mmolc L−1. Treatments were: (1) irrigation with brackish water without amendment (control); (2) Sesbania (Sesbania aculeata) green manure each year before rice (SM); (3) applied gypsum at 100 per cent soil gypsum requirement (SGR) and (4) applied gypsum as in treatment 3 plus sesbania green manure each year (GSM). A decrease in soil salinity and sodicity and favourable infiltration rate and bulk density over pre‐experiment levels are recorded. GSM resulted in the largest decrease in soil salinity and sodicity. There was a positive relationship between crop yield and economic benefits and improvement in soil physical and chemical properties. On the basis of six crops, the greatest net benefit was obtained from GSM. Based on this long‐term study, combined use of gypsum at 100 per cent soil gypsum requirement along with sesbania each year is recommended for soil amelioration and crop production. Copyright © 2010 John Wiley & Sons, Ltd.","https://doi.org/10.1002/ldr.1033","","","",""
"5cdf39ad","Nature provides a broad diversity of nutritious foods, medicines and clean water","Protectors or enablers? Untangling the roles of traditional authorities and local elites in foreign land grabs in Cameroon","Abstract Motivation In Cameroon, most land earmarked for allocation to foreign investors is communally owned. The state, however, considers such land as “empty” or “underutilized”—a faulty designation that confers upon the Cameroonian state and state representatives sweeping authority to allocate lands to potential investors without full consultation with communities whose livelihoods depend on them. Purpose The article addresses the following questions: who are traditional authorities in the context of Cameroon? What is their place in the complex dynamics of neopatrimonial governance, and how does this influence their allegiance to state versus the people they ought to represent? How do they collaborate to enable state actions during land grabbing against their people? Methods and approach The study is based on interviews, group discussions, and field observations conducted as part of a larger project on land grabbing in Cameroon; and supplemented with secondary sources through critical reading of published and unpublished scholarly and technical sources, including reports from national non‐governmental organizations (NGOs) such as Nature Cameroon as well as Green Peace, the World Bank, and other bodies. Findings It argues that land grabbing in Cameroon should be understood as an outcome of the state’s strategic and/or opportunistic choice, within a neopatrimonial dispensation, to enforce its political power over land and related resources. Local traditional authorities paradoxically play the role of state facilitators in the process, rather than serving as custodians of the populations they represent. Policy implications The article concludes that such pernicious land acquisition would not have been successful without the active collaboration of traditional authorities (so‐called state enablers) who act as “brokers” and facilitators of land deals—sometimes using threats, intimidation, and force on villagers. There is a need for policies to tackle the accountability problems arising from the ambivalent role that local traditional authorities play in Cameroon’s neopatrimonial order—doubly serving as de facto representatives of local peoples, and at the same time as proxy enablers of large‐scale land acquisition.","https://doi.org/10.1111/dpr.12572","","","",""
"919cce13","Economic instruments that may be harmful to nature include subsidies, financial transfers, subsidized credit, tax abatements, and prices for commodities and industrial goods that hide environmental and social costs. Such instruments favour unsustainable production and, as a consequence, can promote deforestation, overfishing, urban sprawl, and wasteful uses of water. In 2015, agricultural support potentially harmful to nature amounted to $100 billion in countries belonging to the Organization for Economic Cooperation and Development, although some subsidy reforms to reduce unsustainable pesticide uses and adjust several other consequential development practices have been introduced","Engaging cooperative farmers in agricultural intensification: Case studies on honey, dairy and linseed value chains in Ethiopia","Contains fulltext : 127380.pdf (Publisher’s version ) (Open Access)",NA,"","","",""
"1523daab","Economic instruments that may be harmful to nature include subsidies, financial transfers, subsidized credit, tax abatements, and prices for commodities and industrial goods that hide environmental and social costs. Such instruments favour unsustainable production and, as a consequence, can promote deforestation, overfishing, urban sprawl, and wasteful uses of water. In 2015, agricultural support potentially harmful to nature amounted to $100 billion in countries belonging to the Organization for Economic Cooperation and Development, although some subsidy reforms to reduce unsustainable pesticide uses and adjust several other consequential development practices have been introduced","List of Figures","2.1DNDi as an orchestrator 392.2Building pharmaceutical knowledge commons for NTDs 553.1T. cruzi trypomastigotes in peripheral blood smear 583.2Triatoma br","https://doi.org/10.1093/9780198905325.002.0005","","","",""
"81537caa","Nature provides a broad diversity of nutritious foods, medicines and clean water","Evaluation of US State Pollinator Plans Using Three Evidence-Based Policymaking Frameworks","After the US federal government created a federal pollinator plan in 2015, there was a movement to create pollinator plans in every US state at the state level. In fall 2018, we found and downloaded every existing, publicly available US state pollinator protection plan. This project aims to compare and contrast the goals, scope, and implementation of state-level pollinator protection plans across the US, using three frameworks for evidence-based policymaking. Then we scored them using the frameworks, to assess whether the plans were using known best practices - in any framework - for evidence based policymaking. Most states did not score highly on the majority of the frameworks. We evaluated and scored all the publicly available US state pollinator plans using 3 evidence-based policymaking frameworks: US Department of Interior Adaptive Resources Management (ARM), US Environmental Protection Agency management pollinator protection plan (MP3) guidance, and Pew Trusts Pew-MacAthur Results First Project elements of evidence-based policymaking. We assessed all existing state pollinator plans (33 out of 50 states had a plan as of January 2019) using these three frameworks. A full explanation of how we evaluated and scored them is in the metadata file. In order to use these files, please read and use the metadata document to understand the scoring categories and criteria. Additionally, you would need to download / read the state pollinator plans, specifically the versions that existed online publicly at the time of our analysis (December 2018 / January 2019).","https://doi.org/10.5281/zenodo.4917595","","","",""
"5c1b2d68","The incorporation by society of the value of nature's contributions to people will entail shifts in governance even within private supply chains, for instance when civil society certifies and helps to reward desired practices, or when States block access to markets because of undesirable practices","The Translation of Transnational Voluntary Standards into Practices: Civil Society and the Forest Stewardship Council in Russia","The article analyses closely the role of civil society in the local translation and adaptation of transnational standards of responsible use of natural resources in global certification regimes. The study builds on original evidence from Russia on civil society and forest certification, based on extensive fieldwork. It argues that the local translation of global sustainability standards into on-the-ground practices is not a straightforward execution of rules imposed by powerful transnational actors—e.g. international nongovernmental organizations, multinationals, governments, or consumers. Rather, local civil society actors elaborate the ways in which transnational standards are implemented locally and thereby construct new knowledge related to standard implementation and responsible natural resource management. The paper contributes to the literature on transnational governance by examining the involvement of civil society organizations in the translation, adaptation, and learning dynamics in global certification regimes.","https://doi.org/10.1080/17448689.2013.816538","","","",""
"bf89b120","Nature provides a broad diversity of nutritious foods, medicines and clean water","Legacies of forest harvesting on plant diversity and plant community composition in temperate deciduous forest","Abstract Aims To conserve forest natural heritage, sustainable forest harvesting requires the recovery of plant diversity and ecosystem functions following management. There is a need to clarify the temporal dynamics of plant diversity following harvesting, for both even‐aged and uneven‐aged silvicultural systems. To achieve this goal, the temporal dynamics of plant diversity in the herb layer were measured in unmanaged forests (control) and along a chronosequence (<5 years, 15 years and 30 years after harvesting) for even‐aged and uneven‐aged managed forests. Location Hardwood forest of southern Quebec, Canada. Methods Plant diversity, plant community composition and ecosystem functioning were investigated using metrics exploring richness, evenness and disparity diversity components, and included two scales of diversity partitioning (alpha and beta). Shrub–canopy layer, forest tree species composition and structure, and total forest basal area were also measured. Results In both uneven‐aged and even‐aged managed forest stands, we found: (a) a substantial decrease in mean plant phylogenetic diversity compared with unmanaged forest, even 30 years after harvesting (i.e., decrease of 16% and 22%, respectively); and (b) lowest plant alpha‐diversity in the herb layer 15 years after harvesting. Modification of community composition based upon dissimilarity (beta‐diversity) metrics demonstrated more numerous effects of even‐aged management than uneven‐aged management. For forest composition and structure, plant community and plant traits, dissimilarity relative to the unmanaged control was highest 5 years after even‐aged management. Trait‐based communities were more similar to unmanaged forest at the intermediate levels of forest density (i.e., ~20 m2/ha) that were found 5 years after uneven‐aged management. Conclusions Forest management clearly affected diversity, community composition and ecosystem functions along the chronosequence, highlighting the strongest effects of more intensive management (i.e., even‐aged) and the need to improve the sustainability of forest management.","https://doi.org/10.1111/avsc.12620","","","",""
"935b8a6d","Even though human-dominated landscapes are sometimes species-rich, their species composition is markedly altered from that in natural landscapes","Invasive Plants Differentially Impact Forest Invertebrates, Providing Taxon-Specific Benefits by Enhancing Structural Complexity","Exotic plant species often negatively affect native herbivores due to the lack of palatability of the invading plant. Although often unsuitable as food, certain invasive species may provide non-nutritional ecological benefits through increased habitat structural complexity. To understand the potential for common invasive forest plant species of the eastern United States to benefit invertebrate communities, we examined the functional and taxonomic community composition of forest insects and spiders in long-term monitoring plots that contained invasive plant species. The extent of invasive plant species ground cover significantly altered spider community composition as categorized by hunting guild. Areas with higher invasive herbaceous and grass cover contained a higher abundance of space web-weaving and hunting spiders, respectively. Spider species richness and total invertebrate abundance also increased with greater invasive grass cover. Still, these trends were driven by just two invasive plant species, garlic mustard and Japanese stiltgrass, both of which have previously been shown to provide structural benefits to native invertebrate taxa. While these two species may improve the structural component of understory forest habitat, many invertebrate groups were not significantly correlated with other prevalent invasive plants and one species, mock strawberry, negatively affected the abundance of certain insect taxa. Particularly in forests with reduced native plant structure, invasive plant management must be conducted with consideration for holistic habitat quality, including both plant palatability and structure.","https://doi.org/10.3389/fevo.2021.682140","","","",""
"6eab50cb","Nature provides a broad diversity of nutritious foods, medicines and clean water","Synergy of Pollinators and Flower Strips: A Systematic Review and Bibliometric Analysis of Global Research Trends","ABSTRACT The integration of pollinators and flower strips into agricultural landscapes has emerged as a key strategy for addressing current challenges in agricultural sustainability and biodiversity conservation. This study presents a comprehensive global bibliometric analysis of research trends in this field from 2009 to 2023, offering an in‐depth overview of progress and remaining gaps. By reviewing 155 publications retrieved from the Web of Science (WoS) database, advanced tools such as VOSviewer and Tree of Science were used to analyze author networks, thematic dynamics, and citation patterns, identifying areas of significant impact and research growth. The results reveal a steady annual growth rate of 23.6% in scientific output, with Germany, the United Kingdom, and the United States leading the field, collectively accounting for 54.2% of the publications. More than 76.8% of these studies were published in the last 5 years, highlighting an increasing interest in incorporating flower strips as part of sustainable agricultural strategies. However, despite this progress, our analysis identifies a critical gap in understanding the long‐term ecological and economic impacts of flower strips, particularly regarding their effectiveness in enhancing pollinator health and agricultural productivity. Additionally, there is a dearth of research on their adaptation and implementation in diverse geographic contexts, such as tropical and arid regions, where specific environmental conditions may influence their performance and sustainability. Most of the reviewed studies are short‐term, limiting the understanding of flower strips' long‐term effects on agricultural productivity and biodiversity. Additionally, there is a significant lack of research focusing on the implementation and effectiveness of flower strips in tropical and arid regions, emphasizing the need to expand the geographical scope of future studies. To maximize the potential of flower strips, we recommend developing standardized methodologies to consistently assess pollination services and encouraging interdisciplinary collaboration to address the complex interactions between agricultural practices, pollinator conservation, and ecosystem services. Beyond providing a solid foundation for future research, this analysis offers critical recommendations for the development of agricultural policies that promote biodiversity and agroecosystem resilience, thereby helping to mitigate the effects of climate change and enhance global agricultural sustainability.","https://doi.org/10.1002/ldr.5436","","","",""
"9e86d83c","As a result of human-caused changes in community composition, naturally occurring species in local terrestrial ecosystems worldwide are estimated to have lost at least 20 per cent of their original abundance on average, with hotspots of endemic species tending to have lost even more","The Ecology of Rural Roads: Effects, Management, and Research","Road networks form the basic transportation system for most of the world's inhabitants, stimulating local and regional economies.Scientific advances in recent years have revealed that this vast, growing, planetary construction boom has been occurring mostly in non-urban environments, and most aggressively in developing frontiers of tropical regions.However, even in highly urbanized countries, road networks consist mostly of roads outside of urban areas.To produce a reliable, comprehensive picture of the global road network, scientists have taken advantage of improvements in mapping technologies, including automated detection from satellite imagery and real-time mapping on the ground.Because the extent of the global road network is increasing at a rapid, unprecedented pace, the pervasive and sometimes dramatic impacts on ecosystems and their services in rural areas will continue.The science of road ecology has emerged to quantify these effects and propose solutions to mitigate the detrimental effects of roads and their traffic.This report explains these effects and examines implications of road ecology research for decisions and actions, including some management practices to help mitigate the negative ecological effects of rural roads.Some of the major ecological effects of roads in rural landscapes include:• Destruction of habitat, including fragmentation of plant and animal populations.• Traffic disturbance, including animal-vehicle collisions that reduce populations and/or habitat quality to the point of causing local extinctions.in cooperation with land managers and decision makers, committed to identifying the problems and evaluating potential solutions to better manage road-related ecological impacts in rural landscapes.",NA,"","","",""
"75446f7a","Global fish catches have been sustained by expanding fishing geographically and penetrating into deeper waters","Rapid declines across Australian fishery stocks indicate global sustainability targets will not be achieved without an expanded network of ‘no‐fishing’ reserves","Abstract A continuing debate between environmental scientists and fisheries biologists on the sustainability of fisheries management practices, and the extent of fishing impacts on marine ecosystems, is unlikely to be resolved without fishery‐independent data spanning large geographic and temporal scales. Here, we compare continental‐ and decadal‐scale trends in fisheries catches with underwater reef monitoring data for 533 sites around Australia, and find matching evidence of rapid fish‐stock declines. Regardless of a high global ranking for fisheries sustainability, catches from Australian wild fisheries decreased by 31% over the past decade. The biomass of large fishes observed on underwater transects decreased significantly over the same period on fished reefs (36% decline) and in marine park zones that allow limited fishing (18% decline), but with a negligible overall change in no‐fishing marine reserves. Populations of exploited fishes generally rose within marine reserves and declined outside the reserves, whereas unexploited species showed little difference in population trends within or outside reserves. Although changing climate and more precautionary fisheries management contribute to declining fish catches, fisheries‐independent transect data suggest that excessive fishing also plays a major role. The large number of fishery stocks that remain unmanaged or have poor data, coupled with continuing declines in the stock biomass of managed fish species, indicate that Aichi Target 6 of the Convention on Biological Diversity (i.e. ‘by 2020, all fish and invertebrate stocks and aquatic plants are managed and harvested sustainably’) will not be achieved in Australia, or elsewhere. In order to maintain some naturally functioning food webs supported by large predators and associated ecosystem services in this era of changing climate, a greatly expanded network of effective, fully protected marine protected areas is needed that encompasses global marine biodiversity. The present globally unbalanced situation, with >98% of seas open to some form of fishing, deserves immediate multinational attention.","https://doi.org/10.1002/aqc.2934","","","",""
"959101bd","Economic instruments that may be harmful to nature include subsidies, financial transfers, subsidized credit, tax abatements, and prices for commodities and industrial goods that hide environmental and social costs. Such instruments favour unsustainable production and, as a consequence, can promote deforestation, overfishing, urban sprawl, and wasteful uses of water. In 2015, agricultural support potentially harmful to nature amounted to $100 billion in countries belonging to the Organization for Economic Cooperation and Development, although some subsidy reforms to reduce unsustainable pesticide uses and adjust several other consequential development practices have been introduced","Business Concept as a Relational Message: Supermarket vs Independent Grocery as Competitors for Sustainability","The paper deals with competition for sustainability between two business concepts, the supermarket and the independent grocery, both selling local and organic food. The paper is based on Finnish case evidence with very oligopolistic retail structure and its empirical and the theoretical interest focuses on the nature of economic exchange relations of these business concepts. The study shows how the supermarket is driven by market and hierarchic as well as power relations, regarding both suppliers and consumers. The business concept includes weak choice editing and indicates ‘consumer versus producer via retailer’ set-up. The independent grocery is at its core a social and partnership based endeavour, entailing strong choice editing for sustainability through the ‘consumer cum producer via retailer’ set-up. However, the supermarket may include more local and organic food in its product range on market conditions, in need of customer management, while the grocery can expand by decentralized multiplication of its business concept. The grocery also adds a new market channel for family farmers enabling better use of local resources, thereby renewing the market. This study shows the importance of the business concept as a condition and limitation for further growth, and explains the business concept as a relational message for sustainability","https://doi.org/10.18461/ijfsd.v6i4.642","","","",""
