"id","claim","title","abstract","doi","verdict","note","reviewer","date"
"551e28e8","The proportion of species currently threatened with extinction according to the International Union for the Conservation of Nature's Red List criteria averages around 25 per cent across the many terrestrial, freshwater and marine vertebrate, invertebrate and plant groups that have been studied in sufficient detail to support a robust overall estimate","Population collapse dynamics in Acropora downingi, an Arabian/Persian Gulf ecosystem‐engineering coral, linked to rising temperature","As in the tropical Atlantic, Acropora populations in the southern Persian/Arabian Gulf plummeted within two decades after having been ecosystem engineers on most wave-exposed reefs since the Pleistocene. Since 1996/1998 live coral cover in the Gulf declined by over 90% in many areas, primarily due to bleaching and diseases caused by rising temperatures. In the formerly dominant table-coral species A. downingi, population dynamics corresponding to disturbance regimes was quantified in three transition matrices (lower disturbance pre-1996; moderate disturbance from 1998 to 2010 and 2013 to 2017, disturbed in 1996/1998, 2010/11/12, 2017). Increased disturbance frequency and severity caused progressive reduction in coral size, cover, and population fecundity. Small size-classes were bolstered more by partial colony mortality than sexual recruitment. Some large corals had a size refuge and resisted die-back but were also lost with increasing disturbance. Matrix and biophysical larval flow models suggested one metapopulation. Southern, Arabian, populations could be connected to northern, Iranian, populations but this connectivity was lost under assumptions of pelagic larval duration at rising temperatures shortened to a third. Then, the metapopulation disintegrated into isolated populations. Connectivity required to avoid extinctions increased exponentially with disturbance frequency and correlation of disturbances across the metapopulation. Populations became unsustainable at eight disturbances in 15 years, when even highest theoretical recruitment no longer compensated mortality. This lethal disturbance frequency was 3-fold that of the moderately disturbed monitoring period and 4-fold of the preceding low-disturbance period-suggesting ongoing shortening of the disturbance-free period. Observed population collapse and environmental changes in the Gulf suggest that A. downingi is heading toward at least functional extinction mainly due to increasingly frequent temperature-induced mortality events, clearly linked to climate change.","https://doi.org/10.1111/gcb.14114",,,,
"6e0724a3","At the international level, options for reacting to the challenges generated by the displacement of the impacts of unsustainable consumption and production on nature include both rethinking established instruments and developing new instruments to account for long-distance impacts. Trade agreements and derivatives markets could be reformed to promote equity and prevent the deterioration of nature, although there are uncertainties associated with implementation","Farming for Walmart: the politics of corporate control and responsibility in the global South","To analyse corporate social responsibility (CSR) as a business tool and as a way to promote food security in the global South, this article draws on 65 interviews with supply chain personnel and a 2013 survey of 250 smallholder farmers in Nicaragua. Contrary to private governance literature, Walmart's efforts to control supply chains in Nicaragua are not advancing rural sustainability; feelings of mistrust and unfairness persist among farmers, and many are returning to local markets to regain independence. This analysis extends our understanding of why CSR is failing to help agrarian societies and confirms CSR as principally a business strategy.","https://doi.org/10.1080/03066150.2015.1043275",,,,
"a89c864a","The threat of extinction is also accelerating: in the best-studied taxonomic groups, most of the total extinction risk to species is estimated to have arisen in the past 40 years","No biotic homogenisation across decades but consistent effects of landscape position and pH on macrophyte communities in boreal lakes","It has been predicted that spatial beta diversity shows a decreasing trend in the Anthropocene due to increasing human impact, causing biotic homogenisation. We aimed to discover if vascular aquatic macrophyte communities show different spatial patterns in beta diversity in relation to land use and environmental characteristics in different decades from 1940s to 2010s. We aimed to discover if spatial structures differ between species‐, phylogeny‐ and functional‐based beta diversity. We used presence–absence data of aquatic macrophytes from five decades from small boreal lakes. We utilized generalised dissimilarity modelling to analyse spatial patterns in beta diversity in relation to environmental gradients. We found that lake elevation and pH were the most important variables in each decade, while land use was not particularly important in shaping beta diversity patterns. We did not find signs of a decreasing trend in spatial beta diversity in our study area during the past 70 yr. We did not find signs of either biotic homogenisation or biotic differentiation (taxonomic, phylogenetic or functional). Vascular aquatic macrophyte communities showed only slightly different beta diversity patterns in relation to human impact across decades. The patterns of different facets of beta diversity diverged only slightly from each other. Lake position in the landscape, reflecting both natural connectivity and lake characteristics, explained the patterns found in beta diversity, probably because our study area has faced only modest changes in land use from 1940s to 2010s when compared globally. Our study highlights the fact that biotic homogenisation is not an unambiguous process acting similarly at all spatial and temporal scales or in different environments and different organism groups.","https://doi.org/10.1111/ecog.04757",,,,
"91a4c268","Those proportions suggest that, of an estimated 8 million animal and plant species (75 per cent of which are insects), around 1 million are threatened with extinction","Exploring the emergence of a tipping point for conservation with increased recognition of social considerations","Despite a common understanding of the harmful impacts of Western conservation models that separate people from nature, widespread progress toward incorporating socioeconomic, political, cultural, and spiritual considerations in conservation practice is lacking. For some, the concept of nature-based solutions (NbS) is seen as an interdisciplinary and holistic pathway to better integrate human well-being in conservation. We examined how conservation practitioners in the United States view NbS and how social considerations are or are not incorporated in conservation adaptation projects. We interviewed 28 individuals working on 15 different such projects associated with the Wildlife Conservation Society's Climate Adaptation Fund. We completed 2 rounds of iterative coding in NVivo 12.6.1 to identify in the full text of all interview responses an a priori set of themes related to our research questions and emergent themes. Many respondents saw this moment as a tipping point for the field (one in which the perceived values of social considerations are increasing in conservation practice) (76%) and that social justice concerns and the need to overcome racist and colonial roots of Western conservation have risen to the forefront. Respondents also tentatively agreed that NbS in conservation could support social and ecological outcomes for conservation, but that it was far from guaranteed. Despite individual intention and awareness among practitioners to incorporate social considerations in conservation practice, structural barriers, including limited funding and inflexible grant structures, continue to constrain systemic change. Ultimately, systemic changes that address power and justice in policy and practice are required to leverage this moment to more fully address social considerations in conservation.","https://doi.org/10.1111/cobi.14086",,,,
"373b1de3","The widespread internalization of environmental impacts, including externalities associated with long-distance trade, is considered both an outcome and a component of national and global sustainable economies","Off-stage ecosystem service burdens: A blind spot for global sustainability","The connected nature of social-ecological systems has never been more apparent than in today's globalized world. The ecosystem service framework and associated ecosystem assessments aim to better inform the science–policy response to sustainability challenges. Such assessments, however, often overlook distant, diffuse and delayed impacts that are critical for global sustainability. Ecosystem-services science must better recognise the off-stage impacts on biodiversity and ecosystem services of place-based ecosystem management, which we term 'ecosystem service burdens'. These are particularly important since they are often negative, and have a potentially significant effect on ecosystem management decisions. Ecosystem-services research can better recognise these off-stage burdens through integration with other analytical approaches, such as life cycle analysis and risk-based approaches that better account for the uncertainties involved. We argue that off-stage ecosystem service burdens should be incorporated in ecosystem assessments such as those led by the Intergovernmental Platform on Biodiversity and Ecosystem Services and the Intergovernmental Panel on Climate Change. Taking better account of these off-stage burdens is essential to achieve a more comprehensive understanding of cross-scale interactions, a pre-requisite for any sustainability transition.","https://doi.org/10.1088/1748-9326/aa7392",,,,
"f85d36ea","Although such market-based policy instruments as payments for ecosystem services, voluntary certification and biodiversity offsetting have increased in use, their effectiveness is mixed, and they are often contested; thus, they should be carefully designed and applied to avoid perverse effects in context","Evaluating the effects of forest certification schemes in Australia: a synthesis and proposed framework for future research","Forest certification schemes such as the Forest Stewardship Council (FSC) and the Programme for the Endorsement of Forest Certification (PEFC) are widely promoted as tools to improve environmental, social and economic outcomes in timber production forestry. While international research on certification effects is substantial, evidence from Australia remains limited and fragmented. This study synthesises peer-reviewed and grey literature published since 1993 to assess certification effects with a focus on Australian contexts, while situating findings within the broader international evidence base. Four research questions guided the review: (1) What methods have been used to assess the effects of implementing certification by forest managers?; (2) What types of environmental, social and economic outcomes have been empirically attributed to forest certification and to what extent do these represent observable differences in management practices or forest conditions?; (3) Where along forest product value chains have effects been observed?; and (4) What types of impacts (e.g. market access, reporting, chain-of-custody integrity) have been documented beyond the forest gate? Searches were conducted in Google Scholar and Scopus in May 2025, limited to the first 50 results per query, and supplemented by targeted snowballing. Eligible studies included those that evaluated actual or perceived certification effects in forestry. Forest certification effect assessments vary across environmental, social and economic dimensions. Few international studies establish a credible causal link between certification and on-ground environmental effects using explicit counterfactuals and the findings have been mixed. Australian studies generally point to procedural improvements rather than demonstrated environmental outcomes, although the counterfactual with no certification has not been investigated. Social outcomes have been investigated using qualitative methods, revealing context-dependent effects, including strengthening of tenure rights internationally and improved stakeholder engagement in Australia, but potential burdens on smallholders. Economic effects were investigated using interviews, questionnaires and surveys and reveal mixed outcomes. While there is limited evidence of price premiums in both international and Australian contexts, certification improves access to certain forest product markets and provides assurance to investors. Key barriers to certification include high compliance costs; key enablers include reputational benefits, access to markets, and alignment with existing regulations.","https://doi.org/10.1080/00049158.2026.2667002",,,,
"1ff143da","Those proportions suggest that, of an estimated 8 million animal and plant species (75 per cent of which are insects), around 1 million are threatened with extinction","KEBANGKITAN LADANG BERPINDAH DI NAGARI SILAYANG KECAMATAN MAPATTUNGGUL SELATAN KABUPATEN PASAMAN PROVINSI SUMATERA BARAT","Infrastructure development and ProRLK (deforested Land Rehabilitation Project) a Government of Indonesia collaboration prpject with The German Technical Coorperation Agency (GTZ) in 1992, has shifted the pattern of shifting cultivation to rubber farming in Nagari Silayang. Households engaged in shifting cultivation for food needs, stopped this entrenched practice, and focused on rubber plantations for food needs and financial means. But in recent years, the practice of shifting cultivation has been rife in Nagari Silayang. This phenomenon refutes the theory of agricultural transformastion in many previous studies, which concluded that shifting agricultural patterns lead to patterns that increasingly leave shifting cultivation. The purpose of this study, is to find the factors that cause farm households in Nagari Silayang to return to shifting cultivation, and find ways or strategies to stop forest clearing for swidden land. The research method used is descriptive qualitative and quantitative. Data collection uses observation, key informant interviews and household surveys. the results showed that the revival of shifting cultivation in Nagari Silayang was caused by the decline in global rubber prices, maintaining food security, and efforts to increase household income. This will have an impact on biodiversity damage and even natural disasters, because old forests are converted to agricultural land. This leads to negative impacts on biodiversity and can result in natural disasters, as old forests are converted to agricultural land.","https://doi.org/10.24843/soca.2020.v14.i01.p01",,,,
"742b7651","Nature provides among other contributions.","The social, economic, and environmental importance of inland fish and fisheries","Though reported capture fisheries are dominated by marine production, inland fish and fisheries make substantial contributions to meeting the challenges faced by individuals, society, and the environment in a changing global landscape. Inland capture fisheries and aquaculture contribute over 40% to the world’s reported finfish production from less than 0.01% of the total volume of water on earth. These fisheries provide food for billions and livelihoods for millions of people worldwide. Herein, using supporting evidence from the literature, we review 10 reasons why inland fish and fisheries are important to the individual (food security, economic security, empowerment), to society (cultural services, recreational services, human health and well-being, knowledge transfer and capacity building), and to the environment (ecosystem function and biodiversity, as aquatic “canaries”, the “green food” movement). However, the current limitations to valuing the services provided by inland fish and fisheries make comparison with other water resource users extremely difficult. This list can serve to demonstrate the importance of inland fish and fisheries, a necessary first step to better incorporating them into agriculture, land-use, and water resource planning, where they are currently often underappreciated or ignored.","https://doi.org/10.1139/er-2015-0064",,,,
"40cec447","The adverse impacts of climate change on biodiversity are projected to increase with increasing warming, so limiting global warming to well below 2°C would have multiple co-benefits for nature and nature’s contributions to people and quality of life; however, it is projected that some large-scale land-based mitigation measures to achieve that objective will have significant impacts on biodiversity","Global consequences of afforestation and bioenergy cultivation on ecosystem service indicators","Abstract. Land management for carbon storage is discussed as being indispensable for climate change mitigation because of its large potential to remove carbon dioxide from the atmosphere, and to avoid further emissions from deforestation. However, land-based mitigation's prospect of success depends on potential side-effects on important ecosystem services. Here, we use projections of future land use and land cover for different land-based mitigation options from two land-use models (IMAGE and MAgPIE) and evaluate their effects with a global dynamic vegetation model (LPJ-GUESS). In the land-use models, a cumulative carbon removal target of 130 GtC by the end of the 21st century was set to be achieved either via growth of bioenergy crops combined with carbon capture and storage, via avoided deforestation and afforestation, or via a combination of both. We compare these scenarios to a reference scenario without land-based mitigation and analyse the LPJ-GUESS simulations with the aim to assess synergies and trade-offs across a range of ecosystem service indicators: carbon sequestration, surface albedo, evapotranspiration, water runoff, crop production, nitrogen loss, and emissions of biogenic volatile organic compounds. In our mitigation simulations carbon removal by year 2099 ranged between 55 and 89 GtC, and thus lower than the removal simulated by the land-use models. Other ecosystem service indicators were influenced heterogeneously both positively and negatively, with large variability across regions and land-use scenarios. Avoided deforestation and afforestation led to an increase in evapotranspiration and enhanced emissions of biogenic volatile organic compounds, and to a decrease in albedo, runoff, and nitrogen loss. Also crop production decreased in the afforestation scenario as a result of reduced crop area, especially for MAgPIE land-use patterns. Bioenergy-based climate change mitigation was projected to affect less area globally than in the forest expansion scenarios, and resulted in less pronounced changes in most ecosystem service indicators than forest-based mitigation, but included a decrease in crop production, nitrogen loss and biogenic volatile organic compounds emissions.","https://doi.org/10.5194/bg-2017-160",,,,
"0b68f1fa","A similar picture also emerges from an entirely separate line of evidence. Habitat loss and deterioration, largely caused by human actions, have reduced global terrestrial habitat integrity by 30 per cent relative to an unimpacted baseline; combining that with the longstanding relationship between habitat area and species numbers suggests that around 9 per cent of the world's estimated 5.9 million terrestrial species – more than 500,000 species – have insufficient habitat for long-term survival, and are committed to extinction, many within decades, unless their habitats are restored","Peer Review #2 of ""A review of the opportunities to support pollinator populations in South African cities (v0.1)""","Globally insects are declining, but some guilds of pollinators are finding refuge in urban landscapes.The body of knowledge on urban pollinators is relatively mature, which means it is now possible to begin to make generalization.Unfortunately, studies do not represent climatic regions evenly and there is a gap in research from the African continent and a bias towards Hymenoptera.This study aimed to address some of the gaps on urban pollination knowledge in South Africa and to identify opportunities to improve urban habitats for pollinators.We reviewed the international literature on urban pollinators and the South African literature on pollinators with a landscape ecology focus, drawing on literature with an emphasis on agricultural and ecosystem services.The findings show that some taxa (e.g.large-bodied, cavity nesting bees) will exploit urban environments increasing in abundance with urban intensity.Moderately sensitive taxa (such as smallbodied, ground-nesting bees) take advantage of urban environments only if local habitats are supportive of their needs for resource provision and habitat connectivity.The South African urban poor rely on pollination services for subsistence agriculture and the reproduction of wild-foraged medicines and food.Potential interventions to improve habitat quality include strategic mowing practices, conversion of turf-grass to floral rich habitats, scientific confirmation of lists of highly attractive flowers, and inclusion of smallscale flower patches throughout the urban matrix.Further research is needed to fill the Africa gap for both specialized and generalized pollinators (Diptera, Halictids, Lepidoptera and Hopliini) in urban areas where ornamental and indigenous flowering plants are valued.","https://doi.org/10.7287/peerj.12788v0.1/reviews/2",,,,
"9066dfe5","In spite of efforts at all levels, although nature on indigenous lands is declining less rapidly than elsewhere, biodiversity and the knowledge associated with its management are still deteriorating.","An indigenous community-based monitoring system for assessing forest health in New Zealand","The underlying ethos of ‘nature’s benefits’ contributing to human wellbeing provides a common platform for understanding the function and value of biodiversity for stakeholders. Diverse societal worldviews however create differences in the way cultures relate to and understand the environment. The objective of this study was to identify community-based indicators and metrics used by Māori in New Zealand to monitor forest health and community wellbeing. Eighty semi-directed interviews were conducted with 55 forest users within the Tuawhenua tribal group to identify forest health indicators and associated gradient of metrics to assess each indicator. Indicators were grouped within nine culturally-relevant themes: (1) food procurement (mahinga kai), (2) natural productivity (hua o te whenua), (3) nature of water (āhua o te wai), (4) nature of the land (āhua o te whenua), (5) nature of the forest (āhua o te ngahere), (6) perpetual occupation of land and place (ahikaaroa), (7) spiritual dimension (taha wairua), (8) physical health (taha kikokiko), and (9) mental health (taha hinengaro). Within these themes, indicators and associated metrics were aligned within two monitoring approaches: field survey and interview-based. Community members (n = 35 individuals) were asked to prioritise field survey indicators using a seven point Likert Scale of importance. A second survey was also conducted with Tuawhenua elders (n = 43 individuals) to determine changes in the frequency of forest use by the community. A decline in the proportion of the community venturing into the forest over the last 60 years for activities such as hunting, fishing, camping, and collecting plant resources was reported. This decline in regular forest use suggests a field survey approach would be an effective method for applying community-based indicators and to gain an understanding of forest health. Forest indicators that are evaluated over a longer timeframe (months, seasons or even years), or those indicators aligned with community wellbeing, would be better evaluated using an interview-based approach. The alignment of some community-based indicators with scientific-based measures would enrich and deepen knowledge about the state of biodiversity, broaden the relevance of monitoring and reporting within indigenous communities, and help to mitigate issues of ‘shifting baselines’.","https://doi.org/10.1007/s10531-016-1142-6",,,,
"478f203d","Population declines often give warning that a species' risk of extinction is increasing. The Living Planet Index, which synthesises trends in vertebrate populations, shows that species have declined rapidly since 1970, with reductions of 40 per cent for terrestrial species, 84 per cent for freshwater species and 35 per cent for marine species","The Diversity-Weighted Living Planet Index: Controlling for Taxonomic Bias in a Global Biodiversity Indicator","As threats to species continue to increase, precise and unbiased measures of the impact these pressures are having on global biodiversity are urgently needed. Some existing indicators of the status and trends of biodiversity largely rely on publicly available data from the scientific and grey literature, and are therefore prone to biases introduced through over-representation of well-studied groups and regions in monitoring schemes. This can give misleading estimates of biodiversity trends. Here, we report on an approach to tackle taxonomic and geographic bias in one such indicator (Living Planet Index) by accounting for the estimated number of species within biogeographical realms, and the relative diversity of species within them. Based on a proportionally weighted index, we estimate a global population decline in vertebrate species between 1970 and 2012 of 58% rather than 20% from an index with no proportional weighting. From this data set, comprising 14,152 populations of 3,706 species from 3,095 data sources, we also find that freshwater populations have declined by 81%, marine populations by 36%, and terrestrial populations by 38% when using proportional weighting (compared to trends of -46%, +12% and +15% respectively). These results not only show starker declines than previously estimated, but suggests that those species for which there is poorer data coverage may be declining more rapidly.","https://doi.org/10.1371/journal.pone.0169156",,,,
"9db32b24","Local declines of insect populations such as wild bees and butterflies have often been reported, and insect abundance has declined very rapidly in some places even without large-scale land-use change, but the global extent of such declines is not known","Estimating local biodiversity change: a critique of papers claiming no net loss of local diversity","Global species extinction rates are orders of magnitude above the background rate documented in the fossil record. However, recent data syntheses have found mixed evidence for patterns of net species loss at local spatial scales. For example, two recent data meta-analyses have found that species richness is decreasing in some locations and is increasing in others. When these trends are combined, these papers argued there has been no net change in species richness, and suggested this pattern is globally representative of biodiversity change at local scales. Here we reanalyze results of these data syntheses and outline why this conclusion is unfounded. First, we show the datasets collated for these syntheses are spatially biased and not representative of the spatial distribution of species richness or the distribution of many primary drivers of biodiversity change. This casts doubt that their results are representative of global patterns. Second, we argue that detecting the trend in local species richness is very difficult with short time series and can lead to biased estimates of change. Reanalyses of the data detected a signal of study duration on biodiversity change, indicating net biodiversity loss is most apparent in studies of longer duration. Third, estimates of species richness change can be biased if species gains during post-disturbance recovery are included without also including species losses that occurred during the disturbance. Net species gains or losses should be assessed with respect to common baselines or reference communities. Ultimately, we need a globally coordinated effort to monitor biodiversity so that we can estimate and attribute human impacts as causes of biodiversity change. A combination of technologies will be needed to produce regularly updated global datasets of local biodiversity change to guide future policy. At this time the conclusion that there is no net change in local species richness is not the consensus state of knowledge.","https://doi.org/10.1890/15-1759.1",,,,
"e4bae379","At the international level, options for reacting to the challenges generated by the displacement of the impacts of unsustainable consumption and production on nature include both rethinking established instruments and developing new instruments to account for long-distance impacts. Trade agreements and derivatives markets could be reformed to promote equity and prevent the deterioration of nature, although there are uncertainties associated with implementation","The world at a crossroads: Financial scenarios for sustainability","The global financial system is a major component of our global society. The available analyses of sustainability, however, have poorly assessed the role of the financial system in scenarios of future global change. Here we contrast current global flows in the financial system with the future economic costs of a worldwide transition to renewable energies under the baseline and 450 ppm scenarios for emissions of greenhouse gases proposed by the IPCC. We show that annual global financial flows are three orders of magnitude greater than the annual economic costs of policies for global sustainability. A small global tax on financial transactions of 0.05% could thus provide the required funds for the deployment of renewable energies. To assess the roles of the financial sector in future policies for sustainability, we identified 14 key international actors and enumerated 16 key policies for sustainability that should be implemented to achieve effective global ecological and financial sustainability. We conclude that the proposed structural reforms to the financial system are essential steps urgently required for financing a global transition to a sustainable economy. Consequently, we suggest that the international scientific community should urgently pursue an academic consensus on policy recommendations for the financial sector.","https://doi.org/10.1016/j.enpol.2012.05.065",,,,
"8d19cd47","Achieving a sustainable economy involves making fundamental reforms to economic and financial systems and tackling poverty and inequality as vital parts of sustainability","Green Growth: paradigm shift or business-as-usual?","""This dissertation seeks to clarify the appropriate economic development paradigm that can be applied to solve diverse challenges and crises bedeviling modern global society. These crises include climate change, environmental degradation, resource depletion, stagnation in growth, widening inequality gap between the rich and the poor leading to social polarization, and the deterioration in quality of life, among others. Global society including leading international agencies and inter-governmental groups embraced Green Growth as a new economic paradigm to address these challenges without harming its economic development. The economic blueprint was premised on developing a new economic architecture that would make material expansion possible without sacrificing the environment. In this regard, the developed world could obtain a new growth engine utilizing its advanced green technologies while developing countries could find a means to decouple their economic development from the deterioration of the ecosystem. At the time of its launch, the paradigm was accepted as revolutionary, both for its ethics and its efficiency. For this reason, Green Growth has been regarded as a paradigm shift. However, doubts have emerged as to whether Green Growth is indeed this paradigm shift. Does it resolve the current conflict between economic growth and the environment; does it reintroduce an ethical perspective in addressing the relationships between peoples and their governments or between humanity and the natural world as would be necessary of any true paradigm shift? In this dissertation, I analyze Green Growth in terms of a logical conceptual paradigm shift from the currently prevalent exemplar that resulted in the modern anomalies discussed above. The theoretical framework is based on Thomas Kuhn’s ‘paradigm shift’ theory. According to Kuhn, the closing of a crisis happens in three ways. The first option is when normal science ultimately proves able to deal with the crisis-provoking problem. A second path occurs when the crises resists even the most radical measures and scientists conclude that no solution will be forthcoming in the present state of their field and so defer the problem to a future generation who have more advanced skills and tools. The last possibility is that the crises bring forth a new paradigm and the battle over its acceptance then begins (Kuhn, 1996). A review of the diverse literature on the subject shows that a paradigm shift occurs when there is a transformation in society’s belief system and power structure (Hollinger, 1973; McDonagh, 1976; Dolfsma & Welch, 2009). In order to verify this shift, I use a number of diverse methodologies. The core methodologies provide a characterization of the current Progress Paradigm and Green Growth, and analyze a case study of South Korea’s Green Growth Initiative. This study seeks to assess the claim that Green Growth constitutes a paradigm change. It determines whether any change has occurred in the values and power structure of society having political, economic, and ethical criteria. Positivist science, which has been the predominant influence on social thought throughout the modern era, maintains that rational outcomes can only be obtained through value neutrality. However, this study’s understanding of political economy and ethics borrows from an alternative academic tradition of what some have called “value rationality” or “phronesis”. To this end, Flyvbjerg (2001) suggests that social science ask four key questions: Where we are going? Who gains and who loses by this choice? Is this desirable? And what is to be done?. This study uses three questions of phronesis analysis as the basis of its investigation into the validity of the so-called paradigm shift represented by Green Growth policy and institutional development. It comments on but does not address at length the question of what is to be done. A core task of this study is to establish criteria for comparing two paradigms. To this end, five core characteristics of the current Progress Paradigm are identified. In the current Progress Paradigm: (1) material growth is seen as progress per se, (2) technological optimism reigns, (3) government functions must meet market demands, (4) there is a predominant belief in human mastery over nature, and (5) power and authority are possessed by experts and bureaucrats. The study also discusses the characteristics of Green Growth, which was proposed as a new paradigm by its proponents. On the basis of the characterization of the Progress Paradigm and Green Growth as a paradigm candidate, the study attempts to verify whether a paradigm shift is likely at the theoretical and policy levels. The Korean case is a good model for the Green Growth study regarding a possible policy shift since its green principles were embedded in every sector of the economy. The government mobilized political, economic, social, and administrative resources to ensure successful implementation of the Green Growth initiative. The motivation for the full implementation of the economic blueprint stems from a desire for the country to emerge as a strong global economic leader. Of the major countries that sought to implement the Green Growth strategy, the Korea Green Growth Initiative (KGGI) was outstanding, principally due to the country’s tradition of government-led economic development (though market-led growth has expanded its scope after the IMF bailouts in 1997 and 1998). For this case study, I conducted in-depth interviewees with Korean senior government officials who were deeply involved in the implementation of the KGGI. In addition, I analyzed a myriad of documents including official government papers and press releases, business proposals, reports by the civil society, publications by national research institutes, press reports, memoirs or books of key persons, etc. The study consists of two parts. The first part is a theoretical analysis that covers chapters 2 to 6. This part encompasses the study’s theoretical framework, the characterization of the current Progress Paradigm, and the characterization of the candidate paradigm Green Growth. The second part consists of a policy analysis that contributes to verifying whether Green Growth has resulted in a paradigm shift and policy change by analyzing actual policy programs introduced in the KGGI, such as the Korean permit trading system, the new energy regime of the KGGI, the 4 Rivers Restoration Project, the governance of the KGGI, and R&D directives. Chapter 7 to 11, which form the second part of the study, parallel each section of chapter 4. For example, section 4.1 describes the first component of the PP (the belief in material growth as progress per se) and chapter 7 analyzes actual KGGI programs to determine if they are overcoming this ideology. The paradigm change analysis presented in these chapters focuses especially on whether the KGGI has altered the prevailing ideology and power structure, i.e., the core values and the winner/loser structure of society. The analysis of the KGGI in chapters 7 to 11 leads to the conclusion that Green Growth has inherited the core elements of the PP. For this reason, it is difficult to view Green Growth as a paradigm that could solve the crises of modernity. The analysis of the KGGI conducted in chapters 7 to 11 reveals that Green Growth reinforces key modern ideologies, such as an unwavering belief in material progress, technological optimism, and human mastery over nature. In addition, the governance through which Green Growth programs are administered does not differ meaningfully from the PP. Traditional power elites represented by bureaucrats and professionals still control decision-making processes and their decisions serve to further the interests of vested rights, specifically, businesses. In this way, Green Growth strengthens the coalition between the government and the market. In the programs designed to foster Green Growth, the main beneficiaries are always large businesses, who continue to be seen as the leading contributors to GDP growth, and therefore progress. Ordinary citizens remain the passive recipients of policies. Under this situation, the status of existing winners is hardly undermined and losers remain losers. Material growth is the prime objective of Green Growth, just as it was for the PP. There has been no change in priorities. One of the most powerful ideologies of modern society that equates material growth with progress per se still overwhelms other values. Newly emergent, largely non-economic values that promote, among other things, coexistence, diversity, civil engagement, and a better quality of life are not pursued for their own sake, but rather utilized to create new sources of material growth. Moreover, the policy analysis conducted in chapters 7 to 11 revealed that the KGGI failed to create significant policy change. A representative example was the Korean government’s failure to normalize the price of electricity despite it being a key tool for solving the Korean energy crisis. Lastly, this study finds the possibility of paradigm change in a polycentric approach (Taminiau & Byrne, 2015) that focuses on promoting a more bottom-up system of governance and diversifying the agents that lead change.""","https://doi.org/10.58088/ma0s-r474",,,,
"b2c7db3f","Likewise, large bioenergy crop or afforested areas are expected to compete with areas set aside for conservation, including restoration, or agriculture","Integrating biodiversity, ecosystem services and socio-economic data to identify priority areas and landowners for conservation actions at the national scale","Gaps in research exist for country-wide analyses to identify areas of particular importance for biodiversity and ecosystem services to help reach Aichi Target 11 in developing countries. Here we provide a spatial conservation prioritization approach that ranks landowners for maximizing the representation of biodiversity features and ecosystem services, while exploring the trade-offs with agricultural and commercial forestry production and land cost, using Uruguay as a case study. Specifically, we explored four policy scenarios, ranging from a business as usual scenario where only biodiversity and ecosystem services were included in the analysis to a potentially unsustainable scenario where expansion of alternative land uses and economic development would be given higher priority over biodiversity and ecosystem services. At the 17% land target proposed for conservation, the representation levels for biodiversity and ecosystem services were, on average, higher under the business as usual scenario. However, a small addition to the proposed target (from 17 to 20%) allowed to meet same representation levels for biodiversity and ecosystem services, while decreasing conflict with agricultural and commercial forestry production and opportunity costs to local landowners. Under the unsustainable scenario, a striking 41% addition to the conservation target (from 17 to 58%) was needed to meet same representation levels for threatened ecosystems and ecosystem services, which are crucial to sustain human well-being. Our results highlight that more realistic and potentially higher conservation targets, than politically set targets, can be achieved at the country level when sustainable development needs are also accounted for.","https://doi.org/10.1016/j.biocon.2016.11.037",,,,
"e1b1706d","The global rate of species extinction is already at least tens to hundreds of times higher than the average rate over the past 10 million years and is accelerating.","A globally-distributed alien invasive species poses risks to United States imperiled species","In the midst of Earth's sixth mass extinction event, non-native species are a driving factor in many imperiled species' declines. One of the most widespread and destructive alien invasive species in the world, wild pigs (Sus scrofa) threaten native species through predation, habitat destruction, competition, and disease transmission. We show that wild pigs co-occur with up to 87.2% of imperiled species in the contiguous U.S. identified as susceptible to their direct impacts, and we project increases in both the number of species at risk and the geographic extent of risks by 2025. Wild pigs may therefore present a severe threat to U.S. imperiled species, with serious implications for management of at-risk species throughout wild pigs' global distribution. We offer guidance for efficient allocation of research effort and conservation resources across species and regions using a simple approach that can be applied to wild pigs and other alien invasive species globally.","https://doi.org/10.1038/s41598-018-23657-z",,,,
"af0b6a14","Consequently, large-scale land-based mitigation measures may jeopardize the achievement of other Sustainable Development Goals that depend on land resources.","Global consequences of afforestation and bioenergy cultivation on ecosystem service indicators","Abstract. Land management for carbon storage is discussed as being indispensable for climate change mitigation because of its large potential to remove carbon dioxide from the atmosphere, and to avoid further emissions from deforestation. However, land-based mitigation's prospect of success depends on potential side-effects on important ecosystem services. Here, we use projections of future land use and land cover for different land-based mitigation options from two land-use models (IMAGE and MAgPIE) and evaluate their effects with a global dynamic vegetation model (LPJ-GUESS). In the land-use models, a cumulative carbon removal target of 130 GtC by the end of the 21st century was set to be achieved either via growth of bioenergy crops combined with carbon capture and storage, via avoided deforestation and afforestation, or via a combination of both. We compare these scenarios to a reference scenario without land-based mitigation and analyse the LPJ-GUESS simulations with the aim to assess synergies and trade-offs across a range of ecosystem service indicators: carbon sequestration, surface albedo, evapotranspiration, water runoff, crop production, nitrogen loss, and emissions of biogenic volatile organic compounds. In our mitigation simulations carbon removal by year 2099 ranged between 55 and 89 GtC, and thus lower than the removal simulated by the land-use models. Other ecosystem service indicators were influenced heterogeneously both positively and negatively, with large variability across regions and land-use scenarios. Avoided deforestation and afforestation led to an increase in evapotranspiration and enhanced emissions of biogenic volatile organic compounds, and to a decrease in albedo, runoff, and nitrogen loss. Also crop production decreased in the afforestation scenario as a result of reduced crop area, especially for MAgPIE land-use patterns. Bioenergy-based climate change mitigation was projected to affect less area globally than in the forest expansion scenarios, and resulted in less pronounced changes in most ecosystem service indicators than forest-based mitigation, but included a decrease in crop production, nitrogen loss and biogenic volatile organic compounds emissions.","https://doi.org/10.5194/bg-2017-160",,,,
"688762f5","Although such market-based policy instruments as payments for ecosystem services, voluntary certification and biodiversity offsetting have increased in use, their effectiveness is mixed, and they are often contested; thus, they should be carefully designed and applied to avoid perverse effects in context","Examining outcomes of REDD+ through community forestry in rural Nepal","The policy mechanism for reducing emissions from deforestation and forest degradation, as well as increasing carbon stock by the sustainable management of forests – more commonly known as REDD+ – seeks to pay forest managers for verifiable emissions reductions. Despite growing consensus internationally that REDD+ could be an effective way to reduce carbon emissions from the forestry sector, and enhance native bio-diversity and local livelihoods, a range of unresolved issues remain about the impacts of REDD+ on local livelihoods. Nepal is one among several countries in the tropics actively involved in the development of REDD+, and has implemented several pilot projects via community forestry. Aiming to analyse potential implications of REDD+ scheme in community forestry and its dependent livelihoods in rural areas, this research investigated the nature and impacts of the REDD+ pilot project implemented in communities involved in forest management in the Ludhikhola watershed in Nepal. This research was grounded in the experiences of three Community Forestry User Groups (CFUGs), two of which were part of the REDD+ pilot project, and one immediately neighbouring the watershed and not involved in the pilot project. The research explored the variables contributing to the success, or otherwise, of the delivery of REDD+ via community forestry in different settings. The three CFUGs selected for this research shared similarities in socioeconomic and biophysical conditions. The research applied a pragmatic approach to social science, which involved the collection of both qualitative (dominant data source) and quantitative data. The qualitative datawere obtained through 38 in-depth interviews, six focus group discussions, review of secondary data and direct observations. The quantitative demographic data were collected from 91 households (at least 30 from each CFUG) through household surveys combining both structured and semi-structured questioning. Despite optimism that REDD+ may be effective in enhancing forest quality and local livelihoods, results from this research indicate that it did not achieve its potential. The implementation of REDD+ pilot appeared to re-centralise decision making, and tended to overlook the rights of customary users. However, this research also revealed some positive outcomes at community level, including better forest protection, additional income and capacity enhancement. This research shows that the improved forest condition is likely to be resulting from a number of livelihood trade-offs, suggesting REDD+ may be performing well at a collective level, but not so well at the household level. The REDD+ pilot influenced households differentially, mainly due to elite domination and masking tendency in contemporary rural communities in Nepal. More restrictive access to forests and forest resources put poor and marginalised households, who lacked access to alternative resources, under greater stress than wealthier households. One likely implication is that poorer and marginalised people may be working harder, or travelling further to access resources illegally. This research shows that REDD+ payments are unlikely to address the diverse and competing interests of forest dependent people, and compensate them adequately and equitably. Insufficient payment may not only be ineffective, it may also be counterproductive. This research shows that contextual factors are important when designing REDD+, and suggests small scale (i.e. local level) projects are more feasible in a highly diverse and fragmented landscape like Nepal. Harmonising forest protection with local biophysical contexts, like upstream-downstream linkages, use and protection of water sources, and development of ecotourism, might contribute to optimising REDD+ outcomes. Local context in the case study sites suggests that addressing poverty is essential, but may not be enough for REDD+ to be effective. This research found that ‘medium’ wellbeing and bordering households consumed the highest amount of forest resources, when compared to other wellbeing categories in rural Nepal. Addressing the concerns of the highest resource consumers (not necessarily the poorest) also appears important in the Nepal context, and the promotion of agro-forestry might be a way to address some of these concerns. Ensuring good governance, including decentralisation, respect for customary rights, capacity building and equitable participation, is the key not only for enhancing positive effects, but also for minimising negative effects at community level. More needs to be done at household level, including diversifying income strategies, changing inefficient practices of resources consumption, and ensuring equity and fairness are maintained.",,,,,
"8796d45a","In many regions, however, the lands of indigenous peoples are becoming islands of biological and cultural diversity surrounded by areas in which nature has further deteriorated.","Rangeland degradation assessment: a new strategy based on the ecological knowledge of indigenous pastoralists","Abstract. In a changing world, the prevalence of land degradation is becoming a serious problem, especially in countries with arid and semi-arid rangelands. There are many techniques to assess rangeland degradation that rely on scientific knowledge but ignore indigenous people. Indigenous people have accumulated precious knowledge about land management through generations of experience. Therefore, a study was conducted to find out how indigenous people assess rangeland degradation and how their ecological knowledge can be used for rangeland degradation assessment. Interviews were conducted with the pastoralists of two sites (Dasht and Mirza Baylu), where part of both areas is located in Golestan National Park (north-eastern Iran). A structured questionnaire was designed based on 17 indicators taken from literature and also primary discussions with pastoralists in order to evaluate land degradation. A qualitative Likert five-point scale was used for scoring rangeland degradation indicators. The results revealed that pastoralists pay more attention to edaphic indicators than to vegetative and other indicators. There were significant differences between the inside and outside of the park in terms of rangeland degradation indicators for both sites. The results show that the rangelands outside of the park in both sites were degraded compared to those inside of the park, especially in the areas close to villages. It can be concluded that pastoralists have a wealth of knowledge about the vegetation and grazing animal habits that can be used in rangeland degradation assessment. It is therefore necessary to document their ecological indigenous knowledge and involve them in the process of rangeland-degradation assessment.","https://doi.org/10.5194/se-7-611-2016",,,,
"116984d7","However, management strategies typically assume that evolutionary changes occur only over much longer time periods and thus ignore rapid evolution. These policy considerations span many spheres in which management actions designed to slow or speed evolution can dramatically change outcomes, as the following examples indicate. Insects, weeds and pathogens evolve resistance to insecticides, herbicides and other control agents, yet management strategies such as refuges, crop rotation, and crop diversity can dramatically slow that undesirable evolution","Evolutionary ecology of insect adaptation to Bt crops","Transgenic crops producing Bacillus thuringiensis (Bt) toxins are used worldwide to control major pests of corn and cotton. Development of strategies to delay the evolution of pest resistance to Bt crops requires an understanding of factors affecting responses to natural selection, which include variation in survival on Bt crops, heritability of resistance, and fitness advantages associated with resistance mutations. The two main strategies adopted for delaying resistance are the refuge and pyramid strategies. Both can reduce heritability of resistance, but pyramids can also delay resistance by reducing genetic variation for resistance. Seasonal declines in the concentration of Bt toxins in transgenic cultivars, however, can increase the heritability of resistance. The fitness advantages associated with resistance mutations can be reduced by agronomic practices, including increasing refuge size, manipulating refuges to increase fitness costs, and manipulating Bt cultivars to reduce fitness of resistant individuals. Manipulating costs and fitness of resistant individuals on transgenic insecticidal crops may be especially important for thwarting evolution of resistance in haplodiploid and parthenogenetic pests. Field-evolved resistance to Bt crops in only five pests during the last 14 years suggests that the refuge strategy has successfully delayed resistance, but the accumulation of resistant pests could accelerate.","https://doi.org/10.1111/j.1752-4571.2010.00129.x",,,,
"aaf78ae5","Nature is the origin of most infectious diseases (negative impact), but also the source of medicines and antibiotics for treatment (positive contribution)","Analyzing the Diversity of Microbial Communities Residing in Marine Ecosystems","Marine biotechnology is a scientifically escalating enterprise, which is poised to harness the huge but unexplored marine life with its innovative and extensive array of bioanalytical and biosynthetic capabilities. Marine biotechnology involves establishment of products and processes from marine organisms. In the past few decades it has contributed immensely in the consistent supply of products for various sectors like food, feed, energy, nutrition, medicine, bioremediation, and nanomaterials, etc. The marine ecosystem encompasses huge genetic diversity with the potential of forming newer products and processes. This genetic diversity also ensures the stability and fidelity of the marine ecosystem by providing biological insurance against environmental change. Coupled with the discovery of a huge microbial diversity, there has been a growing recognition of the eco-value (both ecological as well as economic) of microbes. However, only a small fraction of the earth's vast oceanic environment has been scientifically investigated. Additionally, rather sparse information is available to link up biodiversity with the environmental and other challenging issues. Presently, the marine ecosystem has been acknowledged as a perpetual source of marine biological resources that need to be unraveled. Keeping these issues in mind, the present review provides an insight into the investigations carried out after exploring the microbial diversity of the marine world using traditional as well as modern methods. It aims to enhance the understanding of microbial diversity, interactions and processes that occur in the marine ecosystem.","https://doi.org/10.1002/9781119143802.ch23",,,,
"a5aa3537","Nature can reduce levels of certain air pollutants","Anthropogenic air pollutants reduce insect-mediated pollination services","Common air pollutants, such as nitrogen oxides (NOx), emitted in diesel exhaust, and ozone (O3), have been implicated in the decline of pollinating insects. Reductionist laboratory assays, focused upon interactions between a narrow range of flowering plant and pollinator species, in combination with atmospheric chemistry models, indicate that such pollutants can chemically alter floral odors, disrupting the cues that foraging insects use to find and pollinate flowers. However, odor environments in nature are highly complex and pollination services are commonly provided by suites of insect species, each exhibiting different sensitivities to different floral odors. Therefore, the potential impacts of pollution-induced foraging disruption on both insect ecology, and the pollination services that insects provide, are currently unknown. We conducted in-situ field studies to investigate whether such pollutants could reduce pollinator foraging and as a result the pollination ecosystem service that those insects provide. Using free-air fumigation, we show that elevating diesel exhaust and O3, individually and in combination, to levels lower than is considered safe under current air quality standards, significantly reduced counts of locally-occurring wild and managed insect pollinators by 62–70% and their flower visits by 83–90%. These reductions were driven by changes in specific pollinator groups, including bees, flies, moths and butterflies, and coincided with significant reductions (14–31%) in three different metrics of pollination and yield of a self-fertile test plant. Quantifying such effects provides new insights into the impacts of human-induced air pollution on the natural ecosystem services upon which we depend.","https://doi.org/10.1016/j.envpol.2022.118847",,,,
"4cf319a9","A similar picture also emerges from an entirely separate line of evidence. Habitat loss and deterioration, largely caused by human actions, have reduced global terrestrial habitat integrity by 30 per cent relative to an unimpacted baseline; combining that with the longstanding relationship between habitat area and species numbers suggests that around 9 per cent of the world's estimated 5.9 million terrestrial species – more than 500,000 species – have insufficient habitat for long-term survival, and are committed to extinction, many within decades, unless their habitats are restored","Low contribution of internal metabolism to carbon dioxide emissions along lotic and lentic environments of a Mediterranean fluvial network","Abstract Inland waters are significant sources of carbon dioxide (CO2) to the atmosphere. CO2 supersaturation and subsequent CO2 emissions from inland waters can be driven by internal metabolism, external inputs of dissolved inorganic carbon (DIC) derived from the catchment, and other processes (e.g., internal geochemical reactions of calcite precipitation or photochemical mineralization of organic solutes). However, the sensitivity of the magnitude and sources of CO2 emissions to fluvial network hydromorphological alterations is still poorly understood. Here we investigated both the magnitude and sources of CO2 emissions from lotic (i.e., running waters) and lentic (i.e., stagnant waters associated to small dams) waterbodies of a Mediterranean fluvial network by computing segment‐scale mass balances of CO2. Our results showed that sources other than internal metabolism sustained most (82%) of the CO2 emissions from the studied fluvial network. The magnitude and sources of CO2 emissions in lotic waterbodies were highly dependent on hydrology, with higher emissions dominated by DIC inputs derived from the catchment during high flows and lower emissions partially fueled by CO2 produced biologically within the river during low flows. In contrast, CO2 emissions in lentic waterbodies were low, relatively stable over the time and the space, and dominated by DIC inputs from the catchment regardless of the different hydrological situations. Overall, our results stress the sensitivity of fluvial networks to human activities and climate change and particularly highlight the role of hydromorphological conditions on modulating the magnitude and sources of CO2 emissions from fluvial networks.","https://doi.org/10.1002/2016jg003549",,,,
"78bddfce","This human-driven contemporary evolution is now being observed in some species within all major taxonomic groups (animals, plants, fungi and microorganisms). Such changes are known to occur in response to human activities or drivers, such as hunting, fishing, harvesting, climate change, ocean acidification, soil and water pollution, invasive species, pathogens, pesticides and urbanization.","Genetic shift in photoperiodic response correlated with global warming","To date, all altered patterns of seasonal interactions observed in insects, birds, amphibians, and plants associated with global warming during the latter half of the 20th century are explicable as variable expressions of plastic phenotypes. Over the last 30 years, the genetically controlled photoperiodic response of the pitcher-plant mosquito, Wyeomyia smithii, has shifted toward shorter, more southern daylengths as growing seasons have become longer. This shift is detectable over a time interval as short as 5 years. Faster evolutionary response has occurred in northern populations where selection is stronger and genetic variation is greater than in southern populations. W. smithii represents an example of actual genetic differentiation of a seasonality trait that is consistent with an adaptive evolutionary response to recent global warming.","https://doi.org/10.1073/pnas.241391498",,,,
"0a8bda1a","Zoonotic diseases are significant threats to human health, with vector-borne diseases accounting for approximately 17 per cent of all infectious diseases and causing an estimated 700,000 deaths globally per annum","The political ecology of human-elephant relations: comparing local perceptions of elephants around Chyulu Hills and Mount Kasigau in southern Kenya","Although African elephants have a global appeal and donors especially in the global North significantly support their protection, rural African's attitudes towards elephant conservation are complex, and discouraging in certain locations. A proper understanding of the attitudes of people living around protected areas towards elephants is important for designing successful elephant conservation programs. Using a political ecology framework, this study assessed attitudes towards elephant among two communities living near protected areas in the Tsavo region of Kenya; the Kamba who live around Chyulu Hills National Park and the Kasigau Taita who live around Mt. Kasigau Forest, Kenya. I conducted in depth interviews with local residents, to examine the link between local attitudes towards elephants with the political-ecological history of extra-local effects especially the establishment and management of protected areas. The results show that residents around Mt. Kasigau had more favorable attitudes towards elephants than those around the Chyulu Hills National Park. This article concludes that local perceptions about elephants in the Tsavo region are political, they are embedded in issues of rights to livelihood, and access to and control over lands and resources. I argue that local meanings and concerns about elephants need to be integrated in the management plans of protected areas.","https://doi.org/10.2458/v24i1.20968",,,,
"d4531b6e","Sustainability scenarios that explore moderate and equitable consumption result in substantially lower negative impacts on biodiversity and ecosystems due to food, feed and timber production","Nitrogen use in the global food system: past trends and future trajectories of agronomic performance, pollution, trade, and dietary demand","Nitrogen (N) limits crop and grass production, and it is an essential component of dietary proteins. However, N is mobile in the soil-plant system and can be lost to the environment. Estimates of N flows provide a critical tool for understanding and improving the sustainability and equity of the global food system. This letter describes an integrated analysis of changes in N in human diets, N use efficiency (NUE) of cropping and livestock systems, N pollution and N in traded food and feed products for 12 world regions for the period 1960–2050. The largest absolute change in consumption of animal proteins during the period 1960–2009 is seen in China, while the largest share of animal protein per capita is currently observed in North America, Europe and Oceania. Due to the substantial growth of the livestock sector, about three quarters of contemporary global crop production (expressed in protein and including fodder crops and bioenergy byproducts) is allocated to livestock. Trends and levels of NUE and N surpluses in crop production are also diverse, as some regions show soil N depletion (developing regions, e.g. Africa), improving efficiency (industrialized regions, e.g. USA and Europe) and excessive N use (e.g. China, India). Global trade between the 12 regions has increased by a factor of 7.5 for vegetable proteins and by a factor of 10 for animal proteins. The scenarios for 2050 demonstrate that it would be possible to feed the global population in 2050 with moderate animal protein consumption but with much less N pollution, and less international trade than today. In such a scenario, optimal allocation of N inputs among regions to maximize NUE would further decrease pollution, but would require increased levels of N trade comparable to those in a BAU scenario.","https://doi.org/10.1088/1748-9326/11/9/095007",,,,
"c2664f26","A similar picture also emerges from an entirely separate line of evidence. Habitat loss and deterioration, largely caused by human actions, have reduced global terrestrial habitat integrity by 30 per cent relative to an unimpacted baseline; combining that with the longstanding relationship between habitat area and species numbers suggests that around 9 per cent of the world's estimated 5.9 million terrestrial species – more than 500,000 species – have insufficient habitat for long-term survival, and are committed to extinction, many within decades, unless their habitats are restored","Impact of Anthropogenic Pollution on the Plant Species Diversity and Composition Along the Riparian Ecotones of Goa's Sal and Zuari Rivers","Anthropogenic pressures are increasingly constraining the health of riparian ecosystems by exposing their remnant vegetation to edge effects. Despite being at the land-water interface, conservation efforts have often overlooked how water pollution may indirectly exacerbate the broader impacts of anthropogenic pressures on riparian vegetation along riparian ecotones. This study therefore examined the impacts of anthropogenic pollution on plant species diversity and composition in riparian ecosystems. Transect and Quadrat methods were used to collect vegetation data. We also measured the physicochemical properties of the water samples. We used partial redundancy analysis (RDA), generalized linear models (GLMs), analysis of variance (ANOVA), and Tukey's HSD test for data analysis using R software version 4.3.2. The study identified 126 plant species from 45 families, with the Shannon-Wiener diversity index ranging from 2.06 to 3.10. Anthropogenic disturbances were generally at the alpha eu-hemerobic level, characterized by strong human impacts. Redundancy analysis showed that the nature of human activities, hemeroby, and turbidity were the dominant explanatory factors affecting plant species composition. GLM regression revealed that anthropogenic disturbances (hemeroby) had a significant negative impact on riparian plant species diversity mediated by water pollution. The findings indicate that anthropogenic disturbances coupled with their detrimental effects on water quality lead to a decrease in plant species richness and the dominance of a select few plant species. This will ultimately lead to a decline in the overall plant species diversity. Our findings show that anthropogenic disturbances negatively impact plant species diversity and composition through altering the water quality and habitat degradation. The findings therefore highlight the critical need for stakeholders to prioritize sustainable practices that mitigate water pollution and reduce direct human disturbances. This will safeguard biodiversity and ecosystem functionality in riparian zones, thus ensuring the long-term stability of environmental services that benefit both nature and human communities.","https://doi.org/10.1002/pei3.70037",,,,
"99a3734d","The biodiversity and environmental impact of large-scale afforestation and reforestation depends to a large degree on where these occur (prior vegetation cover, state of degradation), and the tree species planted","Balancing the environmental benefits of reforestation in agricultural regions","Reforestation is an important tool for reducing or reversing biodiversity loss and mitigating climate change. However, there are many potential compromises between the structural (biodiversity) and functional (carbon sequestration and water yield) effects of reforestation, which can be affected by decisions on spatial design and establishment of plantings. We review the environmental responses to reforestation and show that manipulating the configuration of plantings (location, size, species mix and tree density) increases a range of environmental benefits. More extensive tree plantings (>10 ha) provide more habitat, and greater improvements to carbon and water cycling. Planting a mixture of native trees and shrubs is best for biodiversity, while traditional plantation species, generally non-native species, sequester C faster. Tree density can be manipulated at planting or during early development to accelerate structural maturity and to manage water yields. A diversity of habitats will be created by planting in a variety of landscape positions and by emulating the patchy distribution of forest types, which characterized many regions prior to extensive landscape transformation. Areas with shallow aquifers can be planted to reduce water pollution or avoided to maintain water yields. Reforestation should be used to build forest networks that are surrounded by low-intensity land use and that provide links within regions and between biomes. While there are adequate models for C sequestration and changes in water yields after reforestation, the quantitative understanding of changes in habitat resources and species composition is more limited. Development of spatial and temporal modelling platforms based on empirical models of structural and functional outcomes of reforestation is essential for deciding how to reconfigure agricultural regions. To build such platforms, we must quantify: (a) the influence of previous land uses, establishment methods, species mixes and interactions with adjacent land uses on environmental (particularly biodiversity) outcomes of reforestation and (b) the ways in which responses measured at the level of individual plantings scale up to watersheds and regions. Models based on this information will help widespread reforestation for carbon sequestration to improve native biodiversity, nutrient cycling and water balance at regional scales.","https://doi.org/10.1016/j.ppees.2015.06.001",,,,
"7ae62ebe","In spite of efforts at all levels, although nature on indigenous lands is declining less rapidly than elsewhere, biodiversity and the knowledge associated with its management are still deteriorating.","Bending the curve of terrestrial biodiversity needs an integrated strategy","Increased efforts are required to prevent further losses to terrestrial biodiversity and the ecosystem services that it provides1,2. Ambitious targets have been proposed, such as reversing the declining trends in biodiversity3; however, just feeding the growing human population will make this a challenge4. Here we use an ensemble of land-use and biodiversity models to assess whether—and how—humanity can reverse the declines in terrestrial biodiversity caused by habitat conversion, which is a major threat to biodiversity5. We show that immediate efforts, consistent with the broader sustainability agenda but of unprecedented ambition and coordination, could enable the provision of food for the growing human population while reversing the global terrestrial biodiversity trends caused by habitat conversion. If we decide to increase the extent of land under conservation management, restore degraded land and generalize landscape-level conservation planning, biodiversity trends from habitat conversion could become positive by the mid-twenty-first century on average across models (confidence interval, 2042–2061), but this was not the case for all models. Food prices could increase and, on average across models, almost half (confidence interval, 34–50%) of the future biodiversity losses could not be avoided. However, additionally tackling the drivers of land-use change could avoid conflict with affordable food provision and reduces the environmental effects of the food-provision system. Through further sustainable intensification and trade, reduced food waste and more plant-based human diets, more than two thirds of future biodiversity losses are avoided and the biodiversity trends from habitat conversion are reversed by 2050 for almost all of the models. Although limiting further loss will remain challenging in several biodiversity-rich regions, and other threats—such as climate change—must be addressed to truly reverse the declines in biodiversity, our results show that ambitious conservation efforts and food system transformation are central to an effective post-2020 biodiversity strategy. To promote the recovery of the currently declining global trends in terrestrial biodiversity, increases in both the extent of land under conservation management and the sustainability of the global food system from farm to fork are required.","https://doi.org/10.1038/s41586-020-2705-y",,,,
"d233521c","Local declines of insect populations such as wild bees and butterflies have often been reported, and insect abundance has declined very rapidly in some places even without large-scale land-use change, but the global extent of such declines is not known","Metabolism and chemical diversity evolve in response to pollinator availability","Abstract Phytochemistry is a core player in shaping plant-pollinator networks and pollination services. Yet, little is known about the dynamic evolution of phytochemical traits in response to limited pollinator access, especially concerning chemical diversity. We combined an evolutionary experiment manipulating pollinator access with predictive metabolomics to uncover evolutionary changes in phytochemical traits of Brassica rapa . Our results unveiled chemical changes in both leaf and flower chemistry. Moreover, plants under selection by limited pollinator access showed a decreased chemical richness and diversity and a modulated primary and specialised metabolism, which could be used to predict pollinator access with 88% accuracy. Chemical indices and metabolites responding to pollinator access were associated with variation in flowering time and performance of outcrossing flowers. Our findings provide key insights into the influence of pollinator access on plant chemistry and indicate a risk of pollinator decline and losses of chemical diversity for plant-pollinator network structure and ecosystem dynamics.","https://doi.org/10.64898/2026.02.13.702789",,,,
"9cdaf07a","This human-driven contemporary evolution is now being observed in some species within all major taxonomic groups (animals, plants, fungi and microorganisms). Such changes are known to occur in response to human activities or drivers, such as hunting, fishing, harvesting, climate change, ocean acidification, soil and water pollution, invasive species, pathogens, pesticides and urbanization.","Determinants of loss of mammal species during the Late Quaternary ‘megafauna’ extinctions: life history and ecology, but not body size","Extinctions of megafauna species during the Late Quaternary dramatically reduced the global diversity of mammals. There is intense debate over the causes of these extinctions, especially regarding the extent to which humans were involved. Most previous analyses of this question have focused on chronologies of extinction and on the archaeological evidence for human-megafauna interaction. Here, I take an alternative approach: comparison of the biological traits of extinct species with those of survivors. I use this to demonstrate two general features of the selectivity of Late Quaternary mammal extinctions in Australia, Eurasia, the Americas and Madagascar. First, large size was not directly related to risk of extinction; rather, species with slow reproductive rates were at high risk regardless of their body size. This finding rejects the 'blitzkrieg' model of overkill, in which extinctions were completed during brief intervals of selective hunting of large-bodied prey. Second, species that survived despite having low reproductive rates typically occurred in closed habitats and many were arboreal or nocturnal. Such traits would have reduced their exposure to direct interaction with people. Therefore, although this analysis rejects blitzkrieg as a general scenario for the mammal megafauna extinctions, it is consistent with extinctions being due to interaction with human populations.","https://doi.org/10.1098/rspb.2002.2130",,,,
"efd39376","The deterioration of nature and consequent disruption of benefits to people has both direct and indirect implications for public health","Mapping of nutrient regulating ecosystem service supply and demand on different scales in Schleswig-Holstein, Germany","This study deals with one of the regulating ecosystem services, nutrient regulation. In order to guarantee sustainable land management, it is of great relevance to gain spatial information on this ecosystem service. Unsustainable land management with regard to nutrient regulation may, for example, result in eutrophication which has been identified as a major threat for the environmental state of our water bodies. In the first step of research, the potential supplies and demands of/for nutrient regulation were assessed and mapped at two different spatial scales: The German federal state of Schleswig-Holstein (regional scale) and the Bornhöved Lakes District (local scale). The assessment was undertaken for nitrogen, as an exemplary nutrient. Subsequently, potential supply and demand, combined with the nitrate leaching potential and the groundwater nitrate concentration, were incorporated into a correlation analysis. The data was statistically analysed with varying pre-processing and spatial resolutions. The statistical analysis reveals that large scale data with low resolution leads to more uncertain results. Decreasing the spatial scale and increasing the resolution of the data through a spatially more explicit assessment, leads to more explicit results. It is striking that the study reveals a spatial mismatch between the potential supply and demand for the ecosystem service nutrient regulation, which denotes unsustainable land management in the study areas.","https://doi.org/10.3897/oneeco.3.e22509",,,,
"bb368db0","Coastal habitats, including estuaries and deltas critical for marine biota and regional economies, have been severely affected by sea-use changes (coastal development, offshore aquaculture, mariculture and bottom trawling) and land-use changes (onshore land clearance and urban sprawl along coastlines, plus pollution of rivers). Pollution from land sources is already a major driver of negative environmental change. Ocean mining, while relatively small, has expanded since 1981 to ~ 6,500 offshore oil and gas installations worldwide in 53 countries (60 per cent in the Gulf of Mexico by 2003) and likely will expand into the Arctic and Antarctic regions as the ice melts.","Microplastic Accumulation in Solen dactylus Cosel, 1989 (Bivalvia: Solenidae) along the Indus Delta, Pakistan","Abstract This study provides the data about the microplastics contamination in commercially important Solen dactylus collected from the Waddi Khuddi Creek, Indus Delta, Pakistan, from December 2023 to February 2024. A total of 251 specimens of Solen dactylus were collected. Upon shell removal, examination of their dissolved meat uncovered the presence of 1602 microplastic particles, predominantly composed of fibers (33%). This suggested that fibers were possibly originated from clothing that were dumped into the environment, finally discharged with domestic sewage, and found its way in the Indus Delta. The average length of fibers in the present study was 1.2 ± 0.03 mm, having predominantly pink color (34%). An analysis carried out through Fourier Transform Infrared (FTIR) spectroscopy revealed that polystyrene (PS) was the most abundant polymer (43%).","https://doi.org/10.1134/s1063074025700270",,,,
"e1793ea3","The proportion of species currently threatened with extinction according to the International Union for the Conservation of Nature's Red List criteria averages around 25 per cent across the many terrestrial, freshwater and marine vertebrate, invertebrate and plant groups that have been studied in sufficient detail to support a robust overall estimate","Global extinction risk for seahorses, pipefishes and their near relatives (Syngnathiformes)","Abstract Few marine taxa have been comprehensively assessed for their conservation status, despite heavy pressures from fishing, habitat degradation and climate change. Here we report on the first global assessment of extinction risk for 300 species of syngnathiform fishes known as of 2017, using the IUCN Red List criteria. This order of bony teleosts is dominated by seahorses, pipefishes and seadragons (family Syngnathidae). It also includes trumpetfishes (Aulostomidae), shrimpfishes (Centriscidae), cornetfishes (Fistulariidae) and ghost pipefishes (Solenostomidae). At least 6% are threatened, but data suggest a mid-point estimate of 7.9% and an upper bound of 38%. Most of the threatened species are seahorses (Hippocampus spp.: 14/42 species, with an additional 17 that are Data Deficient) or freshwater pipefishes of the genus Microphis (2/18 species, with seven additional that are Data Deficient). Two species are Near Threatened. Nearly one-third of syngnathiformes (97 species) are Data Deficient and could potentially be threatened, requiring further field research and evaluation. Most species (61%) were, however, evaluated as Least Concern. Primary threats to syngnathids are (1) overexploitation, primarily by non-selective fisheries, for which most assessments were determined by criterion A (Hippocampus) and/or (2) habitat loss and degradation, for which assessments were determined by criterion B (Microphis and some Hippocampus). Threatened species occurred in most regions but more are found in East and South-east Asia and in South African estuaries. Vital conservation action for syngnathids, including constraining fisheries, particularly non-selective extraction, and habitat protection and rehabilitation, will benefit many other aquatic species.","https://doi.org/10.1017/s0030605320000782",,,,
"dc85f45f","Population declines often give warning that a species' risk of extinction is increasing. The Living Planet Index, which synthesises trends in vertebrate populations, shows that species have declined rapidly since 1970, with reductions of 40 per cent for terrestrial species, 84 per cent for freshwater species and 35 per cent for marine species","A Retrospective Evaluation of the Global Decline of Carnivores and Ungulates","Assessing temporal changes in species extinction risk is necessary for measuring conservation success or failure and for directing conservation resources toward species or regions that would benefit most. Yet, there is no long-term picture of genuine change that allows one to associate species extinction risk trends with drivers of change or conservation actions. Through a review of 40 years of IUCN-related literature sources on species conservation status (e.g., action plans, red-data books), we assigned retrospective red-list categories to the world's carnivores and ungulates (2 groups with relatively long generation times) to examine how their extinction risk has changed since the 1970s. We then aggregated species' categories to calculate a global trend in their extinction risk over time. A decline in the conservation status of carnivores and ungulates was underway 40 years ago and has since accelerated. One quarter of all species (n = 498) moved one or more categories closer to extinction globally, while almost half of the species moved closer to extinction in Southeast Asia. The conservation status of some species improved (toward less threatened categories), but for each species that improved in status 8 deteriorated. The status of large-bodied species, particularly those above 100 kg (including many iconic taxa), deteriorated significantly more than small-bodied species (below 10 kg). The trends we found are likely related to geopolitical events (such as the collapse of Soviet Union), international regulations (such as CITES), shifting cultural values, and natural resource exploitation (e.g., in Southeast Asia). Retrospective assessments of global species extinction risk reduce the risk of a shifting baseline syndrome, which can affect decisions on the desirable conservation status of species. Such assessments can help conservationists identify which conservation policies and strategies are or are not helping safeguard biodiversity and thus can improve future strategies.","https://doi.org/10.1111/cobi.12249",,,,
"fe0d60c0","The threat of extinction is also accelerating: in the best-studied taxonomic groups, most of the total extinction risk to species is estimated to have arisen in the past 40 years","Conflicts of Interest in the Assessment of Chemicals, Waste, and Pollution","Pollution by chemicals and waste impacts human and ecosystem health on regional, national, and global scales, resulting, together with climate change and biodiversity loss, in a triple planetary crisis. Consequently, in 2022, countries agreed to establish an intergovernmental science-policy panel (SPP) on chemicals, waste, and pollution prevention, complementary to the existing intergovernmental science-policy bodies on climate change and biodiversity. To ensure the SPP's success, it is imperative to protect it from conflicts of interest (COI). Here, we (i) define and review the implications of COI, and its relevance for the management of chemicals, waste, and pollution; (ii) summarize established tactics to manufacture doubt in favor of vested interests, i.e., to counter scientific evidence and/or to promote misleading narratives favorable to financial interests; and (iii) illustrate these with selected examples. This analysis leads to a review of arguments for and against chemical industry representation in the SPP's work. We further (iv) rebut an assertion voiced by some that the chemical industry should be directly involved in the panel's work because it possesses data on chemicals essential for the panel's activities. Finally, (v) we present steps that should be taken to prevent the detrimental impacts of COI in the work of the SPP. In particular, we propose to include an independent auditor's role in the SPP to ensure that participation and processes follow clear COI rules. Among others, the auditor should evaluate the content of the assessments produced to ensure unbiased representation of information that underpins the SPP's activities.","https://doi.org/10.1021/acs.est.3c04213",,,,
"626be228","Achieving a sustainable economy involves making fundamental reforms to economic and financial systems and tackling poverty and inequality as vital parts of sustainability","Economic valuation and the commodification of ecosystem services","In the last decade a growing number of environmental scientists have advocated economic valuation of ecosystem services as a pragmatic short-term strategy to communicate the value of biodiversity in a language that reflects dominant political and economic views. This paper revisits the controversy on economic valuation of ecosystem services in the light of two aspects that are often neglected in ongoing debates. First, the role of the particular institutional setup in which environmental policy and governance is currently embedded in shaping valuation outcomes. Second, the broader economic and sociopolitical processes that have governed the expansion of pricing into previously non-marketed areas of the environment. Our analysis suggests that within the institutional setup and broader sociopolitical processes that have become prominent since the late 1980s economic valuation is likely to pave the way for the commodification of ecosystem services with potentially counterproductive effects in the long term for biodiversity conservation and equity of access to ecosystem services benefits.","https://doi.org/10.1177/0309133311421708",,,,
"42520f5a","Decision makers have a range of options and tools for improving the sustainability of economic and financial systems.","Trade and environment issues in APEC","The central argument of this article is that regional economic integration must be complemented by the creation of regional frameworks for environmental management. Beyond working to expand market access, Asia-Pacific Economic Cooperation Mechanism (APEC) countries must cooperate to create conditions which provide incentives for sustainable resource and ecosystem use. In this way, trade and environmental policies can mutually reinforce each other. In one way or another, it is likely that environmental issues will be on the agenda. The crucial issue is how deep and broad will be the integration of trade and environmental concerns. This article suggests some guiding principles and innovative strategies.","https://doi.org/10.1016/j.soscij.2006.08.007",,,,
"b2ca8351","The proportion of species currently threatened with extinction according to the International Union for the Conservation of Nature's Red List criteria averages around 25 per cent across the many terrestrial, freshwater and marine vertebrate, invertebrate and plant groups that have been studied in sufficient detail to support a robust overall estimate","Author comment: Marine conservation palaeobiology: What does the late Quaternary fossil record tell us about modern-day extinctions and biodiversity threats? — R1/PR6","Near-time conservation palaeobiology uses palaeontological, archaeological and other geohistorical records to study the late Quaternary transition of the biosphere from its pristine past to its present-day, human-altered state. Given the scarcity of data on recent extinctions in the oceans, geohistorical records are critical for documenting human-driven extinctions and extinction threats in the marine realm. The historical perspective can provide two key insights. First, geohistorical records archive the state of pre-industrial oceans at local, regional and global scales, thus enabling the detection of recent extinctions and extirpations as well as shifts in species distribution, abundance, body size and ecosystem function. Second, we can untangle the contributions of natural and anthropogenic processes by documenting centennial-to-millennial changes in the composition and diversity of marine ecosystems before and after the onset of major human impacts. This long-term perspective identifies recently emerging patterns and processes that are unprecedented, thus allowing us to better assess human threats to marine biodiversity. Although global-scale extinctions are not well documented for brackish and marine invertebrates, geohistorical studies point to numerous extirpations, declines in ecosystem functions, increases in range fragmentation and dwindling abundance of previously widespread species, indicating that marine ecosystems are accumulating a human-driven extinction debt.","https://doi.org/10.1017/ext.2023.22.pr6",,,,
"d78f3442","The threat of extinction is also accelerating: in the best-studied taxonomic groups, most of the total extinction risk to species is estimated to have arisen in the past 40 years","Nitrogen deposition alters plant–fungal relationships: linking belowground dynamics to aboveground vegetation change","Nitrogen (N) deposition rates are increasing globally due to anthropogenic activities. Plant community responses to N are often attributed to altered competitive interactions between plants, but may also be a result of microbial responses to N, particularly root-associated fungi (RAF), which are known to affect plant fitness. In response to N, Deschampsia cespitosa, a codominant plant in the alpine tundra at Niwot Ridge (CO), increases in abundance, while Geum rossii, its principal competitor, declines. Importantly, G. rossii declines with N even in the absence of its competitor. We examined whether contrasting host responses to N are associated with altered plant-fungal symbioses, and whether the effects of N are distinct from effects of altered plant competition on RAF, using 454 pyrosequencing. Host RAF communities were distinct (only 9.4% of OTUs overlapped). N increased RAF diversity in G. rossii, but decreased it in D. cespitosa. D. cespitosa RAF communities were more responsive to N than G. rossii RAF communities, perhaps indicating a flexible microbial community aids host adaptation to nutrient enrichment. Effects of removing D. cespitosa were distinct from effects of N on G. rossii RAF, and D. cespitosa presence reversed RAF diversity response to N. The most dominant G. rossii RAF order, Helotiales, was the most affected by N, declining from 83% to 60% of sequences, perhaps indicating a loss of mutualists under N enrichment. These results highlight the potential importance of belowground microbial dynamics in plant responses to N deposition.","https://doi.org/10.1111/mec.12541",,,,
"9d32b3d9","Those proportions suggest that, of an estimated 8 million animal and plant species (75 per cent of which are insects), around 1 million are threatened with extinction","Do Big Unstructured Biodiversity Data Mean More Knowledge?","Conserving species biodiversity demands decisive and effective action. Effective action requires an understanding of species population dynamics. Therefore, robust measures which track temporal changes in species populations are needed. This need, however, must be balanced against the scale at which population change is being assessed. Advances in citizen science and remote sensing technology have heralded an era of “big unstructured data” for biodiversity conservation. However, the value of big unstructured data for assessing changes in species populations, and effectively guiding conservation management has not been rigorously assessed. This can be achieved only by benchmarking big unstructured data against high-quality structured datasets, and ensuring the latter are not lost through an over-emphasis on “big data”. Here, we illustrate the current trend to disproportionately prioritise data quantity over data quality and highlight the discrepancy in global availability between both data types. We propose a research agenda to test whether this trend will result in a net decrease of useful knowledge for biodiversity conservation. We exemplify this by examining the availability of big unstructured data vs standardised data using data from global repositories on birds as an example. We share experiences from the data collation exercise needed to develop the Australian Threatened Species Index. We argue there is an urgent need to validate and enhance the utility of big unstructured data by: 1) maintaining existing well-designed, standardised long-term species population studies; 2) strengthening data quality control, management, and curation of any type of dataset; and 3) developing purpose-specific rankings to assess data quality.","https://doi.org/10.3389/fevo.2018.00239",,,,
"a95a8e4e","A similar picture also emerges from an entirely separate line of evidence. Habitat loss and deterioration, largely caused by human actions, have reduced global terrestrial habitat integrity by 30 per cent relative to an unimpacted baseline; combining that with the longstanding relationship between habitat area and species numbers suggests that around 9 per cent of the world's estimated 5.9 million terrestrial species – more than 500,000 species – have insufficient habitat for long-term survival, and are committed to extinction, many within decades, unless their habitats are restored","Decision − support framework for translating strategic vulnerability assessment of freshwater wetlands: From theoretical concept to operational application","Wetlands are dynamic ecosystems shaped by hydrology, climate, soil, and biogeochemical processes, supporting diverse and specialized biodiversity. However, they are highly vulnerable to climate change and human-induced stressors such as landuse change, pollution, and sedimentation, which threaten their stability and resilience. Given these challenges, there is an urgent need for translational research that connects scientific understanding with practical decision-making to guide effective wetland management and policy responses. To bridge the gap between scientific understanding and policy implementation, this study introduces the Wetland − Vulnerability Assessment Conceptual Model using Indicators selected by the System’s Thinking Approach (WET-VISTA) framework, grounded in the DPSIR (Drivers-Pressures-State-Impact-Response) approach and IPCC (Intergovernmental Panel on Climate Change) guidelines considering Loktak lake as a case study. The framework employs a three-phase methodology: (1) translating theoretical concepts into a structured knowledge base, (2) collecting and integrating qualitative and quantitative data including rainfall, land cover change and flood inundation on stressors and ecosystem responses towards framework development and 3) development of a novel framework to translate theoretical concept into decision-support tools and to derive recommendations for sustainable management of wetland ecosystems. The study shows that the inappropriate Ithai barrage operation and erratic precipitation has caused the Phumdi proliferation to raise up to 239.56 sq.km (80.8%) during 2019 monsoon season. Flood assessment results shows that croplands are more vulnerable to the floods compared to the built-up lands. The highest percentage of submergence has been occurred in Heirok- Sekmai sub-basin during 2020 monsoon season, submerging more than 16% of the crop lands.","https://doi.org/10.1016/j.ecolind.2025.114274",,,,
"3a7a54b4","More generally, human-made replacements often do not provide the full range of benefits provided by nature","Three-North Shelter Forest Program contribution to long-term increasing trends of biogenic isoprene emissions in northern China","Abstract. To assess the long-term trends of isoprene emissions in northern China and the impact of the Three-North Shelter Forest Program (TNRSF) on these trends, a database of historical biogenic isoprene emissions from 1982 to 2010 was developed for this region using a biogenic emission model for gases and aerosols. The total amount of the biogenic isoprene emissions during the 3 decades was 4.4 Tg in northern China and 1.6 Tg in the TNRSF, with annual emissions ranging from 132 000 to 176 000 t yr−1 and from 45 000 to 70 000 t yr−1, respectively, in the two regions. Isoprene emission fluxes have increased substantially in many areas of the TNRSF over the last 3 decades due to the growing trees and vegetation coverage, especially in the central north China region where the highest emission incline reached to 58 % from 1982 to 2010. Biogenic isoprene emissions produced from anthropogenic forests tended to surpass those produced from natural forests, such as boreal forests in northeastern China. The estimated isoprene emissions suggest that the TNRSF has altered the long-term emission trend in north China from a decreasing trend during 1982 to 2010 (slope = −0.533, R2 = 0.05) to an increasing trend for the same period of time (slope = 0.347, R2 = 0.014), providing strong evidence for the change in the emissions of biogenic volatile organic compounds (BVOCs) induced by the human activities on decadal or longer timescales.","https://doi.org/10.5194/acp-16-6949-2016",,,,
"7df71cf6","A similar picture also emerges from an entirely separate line of evidence. Habitat loss and deterioration, largely caused by human actions, have reduced global terrestrial habitat integrity by 30 per cent relative to an unimpacted baseline; combining that with the longstanding relationship between habitat area and species numbers suggests that around 9 per cent of the world's estimated 5.9 million terrestrial species – more than 500,000 species – have insufficient habitat for long-term survival, and are committed to extinction, many within decades, unless their habitats are restored","Working toward sustainable agricultural intensification in the Red River Delta of Vietnam","D ense networks of rivers, canals, ditches, dikes, sluice gates, and compartmented fields have enabled the farms of the Red River Delta to produce 18% of Vietnam's rice ( Oryza sativa ) crop (figure 1), 26% of the country's vegetable crops, and 20% of capture and farmed aquaculture (Redfern et al. 2012). Agriculture in this fertile delta was transformed in the 11th and 13th century AD by large-scale hydraulic projects to protect the delta from flooding and saltwater intrusion, and provide field drainage during the wet season and crop irrigation in the dry season (Tinh 1999). The 20th century brought advancements in agricultural science globally—new crops and livestock genetics, inorganic fertilizers, mechanization, and pesticides that could double and triple food production per unit of land. It was the diesel pump combined with post-Vietnam War agricultural collectivization from 1975 to 1988 that brought the Green Revolution to the Red River Delta.

Yet the very success of this agricultural revolution capable of feeding more people brought unintended harm to the waters, soil, coastal mangrove forests, and delta ecosystems that made it all possible. Intensification of fish production destroyed wetland habitats; polluted waterways; and led to eutrophication, biotic depletion, and increased disease (Nguyen 2017; Ahmed and Thompson 2019). Exponential increases in shrimp ( Penaeus monodon ) farming devastated mangrove forests that protected against coastal erosion and mitigated the impacts of sea level rise (Joffre et al. 2015; Ahmed and Thompson 2019). Pesticide concentrations in soil and sediments were found to be high and persistent in rice fields (Braun et al. 2018).

The need to take the Green Revolution to the next level using innovation and technologies to create sustainable agricultural systems has …","https://doi.org/10.2489/jswc.2020.0304a",,,,
"d74557c8","Zoonotic diseases are significant threats to human health, with vector-borne diseases accounting for approximately 17 per cent of all infectious diseases and causing an estimated 700,000 deaths globally per annum","Inapparent virus infections differentially affect honey bee flight","Honey bee colony deaths are associated with viruses, which frequently do not cause morphological symptoms in adult bees. To assess the impact of these inapparent infections, we measured flight performance as a proxy for honey bee health. We hypothesized that deformed wing virus (DWV) and/or sacbrood virus (SBV) would reduce flight performance and that coinfections would have compounding, negative impacts. We identified virus-specific effects; bees with DWV flew shorter distances at slower speeds, whereas bees with SBV flew greater distances at higher speeds. Bees with high virus loads expressed more heat shock protein 90 , and SBV-infected bees expressed more octopamine β -2 receptor ( O β -2R ). O β -2R binds octopamine, a “fight or flight” molecule, stimulating metabolic activity, neuromuscular transmission, and movement. To examine relationships between virus infection, octopamine, and flight, we compared the flight performance of DWV-infected bees with octopamine treatment and demonstrated that octopamine negated DWV-associated flight impairment. These findings have organismal-, colony-, and ecosystem-level implications.","https://doi.org/10.1126/sciadv.adw8382",,,,
"d03fa21f","Population declines often give warning that a species' risk of extinction is increasing. The Living Planet Index, which synthesises trends in vertebrate populations, shows that species have declined rapidly since 1970, with reductions of 40 per cent for terrestrial species, 84 per cent for freshwater species and 35 per cent for marine species","Human impacts on the rates of recent, present, and future bird extinctions","Unqualified, the statement that approximately 1.3% of the approximately 10,000 presently known bird species have become extinct since A.D. 1500 yields an estimate of approximately 26 extinctions per million species per year (or 26 E/MSY). This is higher than the benchmark rate of approximately 1 E/MSY before human impacts, but is a serious underestimate. First, Polynesian expansion across the Pacific also exterminated many species well before European explorations. Second, three factors increase the rate: (i) The number of known extinctions before 1800 is increasing as taxonomists describe new species from skeletal remains. (ii) One should calculate extinction rates over the years since taxonomists described the species. Most bird species were described only after 1850. (iii) Some species are probably extinct; there is reluctance to declare them so prematurely. Thus corrected, recent extinction rates are approximately 100 E/MSY. In the last decades, the rate is <50 E/MSY, but would be 150 E/MSY were it not for conservation efforts. Increasing numbers of extinctions are on continents, whereas previously most were on islands. We predict a 21st century rate of approximately 1,000 E/MSY. Extinction threatens 12% of bird species; another 12% have small geographical ranges and live where human actions rapidly destroy their habitats. If present forest losses continue, extinction rates will reach 1,500 E/MSY by the century's end. Invasive species, expanding human technologies, and global change will harm additional species. Birds are poor models for predicting extinction rates for other taxa. Human actions threaten higher fractions of other well known taxa than they do birds. Moreover, people take special efforts to protect birds.","https://doi.org/10.1073/pnas.0604181103",,,,
"affcba68","The global rate of species extinction is already at least tens to hundreds of times higher than the average rate over the past 10 million years and is accelerating.","Megafauna biomass tradeoff as a driver of Quaternary and future extinctions","Earth's most recent major extinction episode, the Quaternary Megafauna Extinction, claimed two-thirds of mammal genera and one-half of species that weighed >44 kg between approximately 50,000 and 3,000 years ago. Estimates of megafauna biomass (including humans as a megafauna species) for before, during, and after the extinction episode suggest that growth of human biomass largely matched the loss of non-human megafauna biomass until approximately 12,000 years ago. Then, total megafauna biomass crashed, because many non-human megafauna species suddenly disappeared, whereas human biomass continued to rise. After the crash, the global ecosystem gradually recovered into a new state where megafauna biomass was concentrated around one species, humans, instead of being distributed across many species. Precrash biomass levels were finally reached just before the Industrial Revolution began, then skyrocketed above the precrash baseline as humans augmented the energy available to the global ecosystem by mining fossil fuels. Implications include (i) an increase in human biomass (with attendant hunting and other impacts) intersected with climate change to cause the Quaternary Megafauna Extinction and an ecological threshold event, after which humans became dominant in the global ecosystem; (ii) with continued growth of human biomass and today's unprecedented global warming, only extraordinary and stepped-up conservation efforts will prevent a new round of extinctions in most body-size and taxonomic spectra; and (iii) a near-future biomass crash that will unfavorably impact humans and their domesticates and other species is unavoidable unless alternative energy sources are developed to replace dwindling supplies of fossil fuels.","https://doi.org/10.1073/pnas.0801918105",,,,
"e25966bb","Governments could reform subsidies and taxes to support nature and its contributions to people, removing perverse incentives and instead promoting diverse instruments such as payments linked to social and environmental metrics, as appropriate","Payment schemes for hydrological ecosystem services as a political instrument for the sustainable management of natural resources and poverty reduction – a case study from Belén, Nicaragua","Abstract. The importance of intact ecosystems for human-wellbeing as well as the dependence on functions and services they provide is undoubted. But still neither the costs of ecosystem degradation nor the benefits from ecosystem functions and services appear on socio-economic balance sheets when development takes place. Consequently overuse of natural resources is socio-economically promoted by conventional resource management policies and external effects (externalities), equally positives and negatives, remain unregarded. In this context the potential of payments for hydrological ecosystem services as a political instrument to foster sustainable natural resource use, and rural development shall be investigated. This paper introduces the principle concept of such payments, presents a case study from Nicaragua and highlights preliminary effects of the application of this instrument on natural resource use and development.","https://doi.org/10.5194/adgeo-27-21-2010",,,,
"c2e5076c","In spite of efforts at all levels, although nature on indigenous lands is declining less rapidly than elsewhere, biodiversity and the knowledge associated with its management are still deteriorating.","Tracking Change: Traditional Knowledge and Monitoring of Wildlife Health in Northern Canada","Traditional Knowledge (TK) is increasingly valued in long-term monitoring of wildlife health, particularly in northern Canada where Chronic Wasting Disease (CWD) may represent a threat to valued caribou and moose populations. This article presents comparative research results (1998–2002 and 2010) about caribou and moose health based on research with Łutsël K’é First Nation, Northwest Territories (Canada). Elders’ knowledge, harvester observations, harvest data and consumption data indicate a decline in the availability of barren ground caribou and range shifts of both caribou and moose during the study period. An anomalous sighting of a white tailed deer near the community, coupled with moderate community concerns about CWD would suggest the need for greater monitoring of wildlife health. As resources for scientific monitoring become limited, the article suggests how northern Indigenous communities can use their own knowledge (TK) to monitor changes in arctic ecosystems.","https://doi.org/10.1080/10871209.2013.825823",,,,
"494d38da","Major trends include declining availability of resources – due in part to legal and illegal territory reductions, despite expanding indigenous populations – as well as declining health and populations of culturally important species; new pests and invasive alien species as climate changes; losses in both natural forest habitats and grazing lands; and declining productivity in remnant ecosystems. A more detailed global synthesis of trends in nature observed by indigenous peoples and local communities is hindered by the lack of institutions that gather data for these locations and then synthesize them within regional and global summaries.","Tracking Change: Traditional Knowledge and Monitoring of Wildlife Health in Northern Canada","Traditional Knowledge (TK) is increasingly valued in long-term monitoring of wildlife health, particularly in northern Canada where Chronic Wasting Disease (CWD) may represent a threat to valued caribou and moose populations. This article presents comparative research results (1998–2002 and 2010) about caribou and moose health based on research with Łutsël K’é First Nation, Northwest Territories (Canada). Elders’ knowledge, harvester observations, harvest data and consumption data indicate a decline in the availability of barren ground caribou and range shifts of both caribou and moose during the study period. An anomalous sighting of a white tailed deer near the community, coupled with moderate community concerns about CWD would suggest the need for greater monitoring of wildlife health. As resources for scientific monitoring become limited, the article suggests how northern Indigenous communities can use their own knowledge (TK) to monitor changes in arctic ecosystems.","https://doi.org/10.1080/10871209.2013.825823",,,,
"883f6c29","Local declines of insect populations such as wild bees and butterflies have often been reported, and insect abundance has declined very rapidly in some places even without large-scale land-use change, but the global extent of such declines is not known","KEBANGKITAN LADANG BERPINDAH DI NAGARI SILAYANG KECAMATAN MAPATTUNGGUL SELATAN KABUPATEN PASAMAN PROVINSI SUMATERA BARAT","Infrastructure development and ProRLK (deforested Land Rehabilitation Project) a Government of Indonesia collaboration prpject with The German Technical Coorperation Agency (GTZ) in 1992, has shifted the pattern of shifting cultivation to rubber farming in Nagari Silayang. Households engaged in shifting cultivation for food needs, stopped this entrenched practice, and focused on rubber plantations for food needs and financial means. But in recent years, the practice of shifting cultivation has been rife in Nagari Silayang. This phenomenon refutes the theory of agricultural transformastion in many previous studies, which concluded that shifting agricultural patterns lead to patterns that increasingly leave shifting cultivation. The purpose of this study, is to find the factors that cause farm households in Nagari Silayang to return to shifting cultivation, and find ways or strategies to stop forest clearing for swidden land. The research method used is descriptive qualitative and quantitative. Data collection uses observation, key informant interviews and household surveys. the results showed that the revival of shifting cultivation in Nagari Silayang was caused by the decline in global rubber prices, maintaining food security, and efforts to increase household income. This will have an impact on biodiversity damage and even natural disasters, because old forests are converted to agricultural land. This leads to negative impacts on biodiversity and can result in natural disasters, as old forests are converted to agricultural land.","https://doi.org/10.24843/soca.2020.v14.i01.p01",,,,
"86593d6e","Although such market-based policy instruments as payments for ecosystem services, voluntary certification and biodiversity offsetting have increased in use, their effectiveness is mixed, and they are often contested; thus, they should be carefully designed and applied to avoid perverse effects in context","Redeeming REDD","It is now well accepted that deforestation is a key source of greenhouse gas emissions and of climate change, with forests representing major sinks for carbon. As a result, public and private initiatives for reducing emissions from deforestation and forest degradation (REDD) have been widely endorsed by policy-makers. A key issue is the feasibility of carbon trading or other incentives to encourage land-owners and indigenous people, particularly in developing tropical countries, to conserve forests, rather than to cut them down for agricultural or other development purposes. This book presents a major critique of the aims and policies of REDD as currently structured, particularly in terms of their social feasibility. It is shown how the claims to be able to reduce greenhouse gas emissions as well as enhance people's livelihoods and biodiversity conservation are unrealistic. There is a naive assumption that technical or economic fixes are sufficient for success. However, the social and governance aspects of REDD, and its enhanced version known as REDD+, are shown to be implausible. Instead to enhance REDD's prospects, the author provides a roadmap for developing a new social contract that puts people first.","https://doi.org/10.4324/9780203123652",,,,
"bafa455a","Population declines often give warning that a species' risk of extinction is increasing. The Living Planet Index, which synthesises trends in vertebrate populations, shows that species have declined rapidly since 1970, with reductions of 40 per cent for terrestrial species, 84 per cent for freshwater species and 35 per cent for marine species","Biosafety: Problems and Prospects *","Advances in modern biotechnology arc being in creasingly applied to product development for improved hcalthcarc. agricultural outputs and environ ment. The biotechnology industry has become a multi-bi lli on dollar industry. The extensive usc of recombinant DNA (rONA ) tec hnology in industry, oft en enta il s relea se of genetically mod ified organisms (GMOs) int o th e environment. There is a global concern that un controlled release of GMOs may bring about adverse effects on environment. and hea lth of humans and animals. There is a strong support among nations that internationally binding biosafcty regulations arc needed for orderly app lication of biotechnology that ensu re s sa fety to health and env iro nment. The nati onal and international initi atives towards th is goa l have been ou tlin ed, discussed and th e ne ed for capacity strengt hen in g of developing countries. in this are a. arc emphasized.",,,,,
"fe865bc2","The biodiversity and environmental impact of large-scale afforestation and reforestation depends to a large degree on where these occur (prior vegetation cover, state of degradation), and the tree species planted","Afforestation to mitigate climate change: impacts on food prices under consideration of albedo effects","Ambitious climate targets, such as the 2 °C target, are likely to require the removal of carbon dioxide from the atmosphere. Afforestation is one such mitigation option but could, through the competition for land, also lead to food prices hikes. In addition, afforestation often decreases land-surface albedo and the amount of short-wave radiation reflected back to space, which results in a warming effect. In particular in the boreal zone, such biophysical warming effects following from afforestation are estimated to offset the cooling effect from carbon sequestration. We assessed the food price response of afforestation, and considered the albedo effect with scenarios in which afforestation was restricted to certain latitudinal zones. In our study, afforestation was incentivized by a globally uniform reward for carbon uptake in the terrestrial biosphere. This resulted in large-scale afforestation (2580 Mha globally) and substantial carbon sequestration (860 GtCO 2 ) up to the end of the century. However, it was also associated with an increase in food prices of about 80% by 2050 and a more than fourfold increase by 2100. When afforestation was restricted to the tropics the food price response was substantially reduced, while still almost 60% cumulative carbon sequestration was achieved. In the medium term, the increase in prices was then lower than the increase in income underlying our scenario projections. Moreover, our results indicate that more liberalised trade in agricultural commodities could buffer the food price increases following from afforestation in tropical regions.","https://doi.org/10.1088/1748-9326/11/8/085001",,,,
"a54693c4","Nature can improve mental and physical health through exposure to natural areas.","Reply on RC1","Abstract. The atmospheric lifetimes of pollutants determine their impacts on human health, ecosystems and climate, and yet, pollutant lifetimes due to dry deposition over large regions have not been determined from measurements. Here, a new methodology based on aircraft observations is used to determine the lifetimes of oxidized sulfur and nitrogen due to dry deposition over (3-6)×103 km2 of boreal forest in Canada. Dry deposition fluxes decreased exponentially with distance from the Athabasca oil sands sources, located in northern Alberta, resulting in lifetimes of 2.2–26 h. Fluxes were 2–14 and 1–18 times higher than model estimates for oxidized sulfur and nitrogen, respectively, indicating dry deposition velocities which were 1.2–5.4 times higher than those computed for models. A Monte Carlo analysis with five commonly used inferential dry deposition algorithms indicates that such model underestimates of dry deposition velocity are typical. These findings indicate that deposition to vegetation surfaces is likely underestimated in regional and global chemical transport models regardless of the model algorithm used. The model–observation gaps may be reduced if surface pH and quasi-laminar and aerodynamic resistances in algorithms are optimized as shown in the Monte Carlo analysis. Assessing the air quality and climate impacts of atmospheric pollutants on regional and global scales requires improved measurement-based understanding of atmospheric lifetimes of these pollutants.","https://doi.org/10.5194/acp-2020-1315-ac1",,,,
"4afe67d9","Structural changes to economies are also key to shifting action over long timescales. Such changes include technological and social innovation regimes and investment frameworks that internalize environmental impacts, such as the externalities of economic activities, including by addressing environmental impacts in socially just and appropriate ways","Redeeming REDD","It is now well accepted that deforestation is a key source of greenhouse gas emissions and of climate change, with forests representing major sinks for carbon. As a result, public and private initiatives for reducing emissions from deforestation and forest degradation (REDD) have been widely endorsed by policy-makers. A key issue is the feasibility of carbon trading or other incentives to encourage land-owners and indigenous people, particularly in developing tropical countries, to conserve forests, rather than to cut them down for agricultural or other development purposes. This book presents a major critique of the aims and policies of REDD as currently structured, particularly in terms of their social feasibility. It is shown how the claims to be able to reduce greenhouse gas emissions as well as enhance people's livelihoods and biodiversity conservation are unrealistic. There is a naive assumption that technical or economic fixes are sufficient for success. However, the social and governance aspects of REDD, and its enhanced version known as REDD+, are shown to be implausible. Instead to enhance REDD's prospects, the author provides a roadmap for developing a new social contract that puts people first.","https://doi.org/10.4324/9780203123652",,,,
"8fc55ea8","More generally, human-made replacements often do not provide the full range of benefits provided by nature","Benefits of Investing in Ecosystem Restoration","Measures aimed at conservation or restoration of ecosystems are often seen as net-cost projects by governments and businesses because they are based on incomplete and often faulty cost-benefit analyses. After screening over 200 studies, we examined the costs (94 studies) and benefits (225 studies) of ecosystem restoration projects that had sufficient reliable data in 9 different biomes ranging from coral reefs to tropical forests. Costs included capital investment and maintenance of the restoration project, and benefits were based on the monetary value of the total bundle of ecosystem services provided by the restored ecosystem. Assuming restoration is always imperfect and benefits attain only 75% of the maximum value of the reference systems over 20 years, we calculated the net present value at the social discount rates of 2% and 8%. We also conducted 2 threshold cum sensitivity analyses. Benefit-cost ratios ranged from about 0.05:1 (coral reefs and coastal systems, worst-case scenario) to as much as 35:1 (grasslands, best-case scenario). Our results provide only partial estimates of benefits at one point in time and reflect the lower limit of the welfare benefits of ecosystem restoration because both scarcity of and demand for ecosystem services is increasing and new benefits of natural ecosystems and biological diversity are being discovered. Nonetheless, when accounting for even the incomplete range of known benefits through the use of static estimates that fail to capture rising values, the majority of the restoration projects we analyzed provided net benefits and should be considered not only as profitable but also as high-yielding investments. Beneficios de Invertir en la Restauración de Ecosistemas.","https://doi.org/10.1111/cobi.12158",,,,
"669e847c","Population declines often give warning that a species' risk of extinction is increasing. The Living Planet Index, which synthesises trends in vertebrate populations, shows that species have declined rapidly since 1970, with reductions of 40 per cent for terrestrial species, 84 per cent for freshwater species and 35 per cent for marine species","Sand addition promotes gharial nesting in a regulated river‐reservoir habitat","Abstract The gharial ( Gavialis gangeticus ) is a critically endangered, long‐snouted crocodilian, endemic to the Indian sub‐continent. Today, the species' distribution and numbers have reduced by more than 95% in all the large rivers where it was formerly abundant. Living upstream in a reservoir dammed in 1976, the Katerniaghat gharial population has continued to nest along the Girwa River, subject to seasonal flooding in recent decades. In 2010, a natural flood upstream in Nepal resulted in a permanent reduction in the mainstream river flow. As a consequence of reduced flow, the formerly open sand banks and mid‐river islands have converted gradually to riverbanks with woody vegetation. Coincident with the increased vegetation growth, gharial nesting sites and nest numbers declined by more than 40% by 2018. In an attempt to reverse the observed decline in nesting, we intervened with vegetation removal (VR) in 2019 and sand addition (SA) in 2020, to augment available nesting opportunities at previous and potential nesting locations. The number of nests increased with SA ( n = 36 in 2020) but decreased with VR ( n = 19 in 2019), relative to the prior year without intervention ( n = 25 in 2018). Furthermore, hatching success increased significantly to 93% with SA, compared to 63% in VR. Creating an artificial sand bank required approximately one‐third work hours and cost much less than removing vegetation. Substrate temperatures in and around nests approximated the viable incubation range (29–33.5°C) when vegetation is absent, but were lower in sites covered with woody vegetation and/or dense, high grass. Our study indicates that gharial will respond favourably to newly created sand banks that provide open, sandy riverside nesting areas, in contrast to cut‐over sites with dense vegetation removed. Finally, we note that this strategy of augmenting nesting sites is only an interim attempt to solve the ‘nesting site’ dilemma for the river‐adapted gharial. Landscape‐level solutions related to resumption of seasonal flooding, and particularly natural flow regimes that are dynamic, rather than steady, will likely be needed to avoid local extirpation of gharial in river‐reservoir habitats.","https://doi.org/10.1002/2688-8319.12068",,,,
"d88d2ff0","Major trends include declining availability of resources – due in part to legal and illegal territory reductions, despite expanding indigenous populations – as well as declining health and populations of culturally important species; new pests and invasive alien species as climate changes; losses in both natural forest habitats and grazing lands; and declining productivity in remnant ecosystems. A more detailed global synthesis of trends in nature observed by indigenous peoples and local communities is hindered by the lack of institutions that gather data for these locations and then synthesize them within regional and global summaries.","Elasmobranch fisheries in Tunisia: Characterization, fishermen’s insights and conservation options","Elasmobranchs in Tunisia are facing an increased fishing pressure due to the decline of traditional fishery resources. This study aims to characterize the artisanal elasmobranch fisheries in Tunisia, assess their impact on species populations and recommend future management strategies. The method was based on inspections and 161 interviews with local fishermen targeting sharks and batoids during 2022 and 2023. Results showed that elasmobranch fisheries are practiced only in the Gulf of Gabès. Specific gillnets are used to target Carcharhinus plumbeus , Mustelus mustelus , Mustelus punctulatus , Glaucostegus cemiculus and Aetomylaeus bovinus , and the former species is also targeted with pelagic longlines, primarily during spring and summer. Furthermore, fishermen adapt their fishing gear and grounds in response to the appearance of species in the area when they move to shallow waters for reproduction. More than 90 % of fishermen stated that catch composition varies by month and target species, with most captures consisting of adult specimens of both sexes, particularly pregnant females, suggesting that these fisheries exploit species in their essential habitats. Most respondents reported declines in both catches and sizes of target species over the past 10 years, mainly due to overfishing. This exploitation, combined with the absence of management strategies, could jeopardize elasmobranch populations in the area. Conservation measures were deemed urgent to ensure the sustainable management of elasmobranch fisheries in Tunisia. Actions such as controlling fishing effort and closing critical habitats could yield significant benefits for the long-term sustainability of these fisheries. • Documented the full extent of elasmobranch-specific fisheries in Tunisia. • Revealed new target zones and gear types for vulnerable elasmobranch species. • Identified fishing during reproductive peaks as major threat to populations. • Detected sharp declines in catch and size, confirmed by 94 % of fishermen. • Recommended spatial-temporal closures based on critical habitat usage.","https://doi.org/10.1016/j.rsma.2025.104465",,,,
"6561749e","Most of nature’s contributions are not fully replaceable, yet some contributions of nature are irreplaceable","VESTUÁRIO DE MODA E OS IMPACTOS NA NATUREZA, UM EXEMPLO DE SOLUÇÃO","RESUMO: Para compreender a dinâmica de uma floresta é necessário conhecer a composição e a estrutura do estrato, o que auxilia no planejamento e fomento de atividades que promovam o uso","https://doi.org/10.22533/at.ed.1182125065",,,,
"ec3e158c","Human actions have already driven at least 680 vertebrate species to extinction since 1500, including the Pinta Giant Tortoise in the Galapagos in 2012, even though successful conservation efforts have saved from extinction at least 26 bird species and 6 ungulate species, including the Arabian Oryx and Przewalski's Horse.","Human impacts on the rates of recent, present, and future bird extinctions","Unqualified, the statement that approximately 1.3% of the approximately 10,000 presently known bird species have become extinct since A.D. 1500 yields an estimate of approximately 26 extinctions per million species per year (or 26 E/MSY). This is higher than the benchmark rate of approximately 1 E/MSY before human impacts, but is a serious underestimate. First, Polynesian expansion across the Pacific also exterminated many species well before European explorations. Second, three factors increase the rate: (i) The number of known extinctions before 1800 is increasing as taxonomists describe new species from skeletal remains. (ii) One should calculate extinction rates over the years since taxonomists described the species. Most bird species were described only after 1850. (iii) Some species are probably extinct; there is reluctance to declare them so prematurely. Thus corrected, recent extinction rates are approximately 100 E/MSY. In the last decades, the rate is <50 E/MSY, but would be 150 E/MSY were it not for conservation efforts. Increasing numbers of extinctions are on continents, whereas previously most were on islands. We predict a 21st century rate of approximately 1,000 E/MSY. Extinction threatens 12% of bird species; another 12% have small geographical ranges and live where human actions rapidly destroy their habitats. If present forest losses continue, extinction rates will reach 1,500 E/MSY by the century's end. Invasive species, expanding human technologies, and global change will harm additional species. Birds are poor models for predicting extinction rates for other taxa. Human actions threaten higher fractions of other well known taxa than they do birds. Moreover, people take special efforts to protect birds.","https://doi.org/10.1073/pnas.0604181103",,,,
"f327fe19","Likewise, large bioenergy crop or afforested areas are expected to compete with areas set aside for conservation, including restoration, or agriculture","Global consequences of afforestation and bioenergy cultivation on ecosystem service indicators","Abstract. Land management for carbon storage is discussed as being indispensable for climate change mitigation because of its large potential to remove carbon dioxide from the atmosphere, and to avoid further emissions from deforestation. However, land-based mitigation's prospect of success depends on potential side-effects on important ecosystem services. Here, we use projections of future land use and land cover for different land-based mitigation options from two land-use models (IMAGE and MAgPIE) and evaluate their effects with a global dynamic vegetation model (LPJ-GUESS). In the land-use models, a cumulative carbon removal target of 130 GtC by the end of the 21st century was set to be achieved either via growth of bioenergy crops combined with carbon capture and storage, via avoided deforestation and afforestation, or via a combination of both. We compare these scenarios to a reference scenario without land-based mitigation and analyse the LPJ-GUESS simulations with the aim to assess synergies and trade-offs across a range of ecosystem service indicators: carbon sequestration, surface albedo, evapotranspiration, water runoff, crop production, nitrogen loss, and emissions of biogenic volatile organic compounds. In our mitigation simulations carbon removal by year 2099 ranged between 55 and 89 GtC, and thus lower than the removal simulated by the land-use models. Other ecosystem service indicators were influenced heterogeneously both positively and negatively, with large variability across regions and land-use scenarios. Avoided deforestation and afforestation led to an increase in evapotranspiration and enhanced emissions of biogenic volatile organic compounds, and to a decrease in albedo, runoff, and nitrogen loss. Also crop production decreased in the afforestation scenario as a result of reduced crop area, especially for MAgPIE land-use patterns. Bioenergy-based climate change mitigation was projected to affect less area globally than in the forest expansion scenarios, and resulted in less pronounced changes in most ecosystem service indicators than forest-based mitigation, but included a decrease in crop production, nitrogen loss and biogenic volatile organic compounds emissions.","https://doi.org/10.5194/bg-2017-160",,,,
"9451d5c2","Decision makers have a range of options and tools for improving the sustainability of economic and financial systems.","Working time reduction policy in a sustainable economy: Criteria and options for its design","Reducing per capita consumption, particularly amongst high income groups, is often deemed necessary to reduce the environmental impacts of the global economy. Far from implying a necessary reduction in wellbeing, some research suggests this could actually improve it: as reduced expenditure means a reduced need for income, and hence paid work, then there is the possibility for average working hours to fall, providing increased leisure time in which to pursue happiness through less consumption-intensive, but more time consuming, ways. To date, however, there has been little critical discussion of the details of what policy might need to cover to allow and encourage substantial working time reduction in a way that successfully reconciles these environmental and wellbeing goals. This article addresses this gap in the literature. It begins by reviewing the conditions under which working time reduction could bring environmental and wellbeing benefits. It then presents examples of innovative voluntary working time policies from the Netherlands and Belgium. Drawing these elements together, the article presents a new “green life course approach” for working time policy design. It argues that, as a complement to more conventional working time policies, this could be a valuable tool to combine environmental and wellbeing goals.","https://doi.org/10.1016/j.ecolecon.2014.04.009",,,,
"66f10266","Human actions have already driven at least 680 vertebrate species to extinction since 1500, including the Pinta Giant Tortoise in the Galapagos in 2012, even though successful conservation efforts have saved from extinction at least 26 bird species and 6 ungulate species, including the Arabian Oryx and Przewalski's Horse.","Historic and prehistoric human-driven extinctions have reshaped global mammal diversity patterns","Aim To assess the extent to which humans have reshaped Earth's biodiversity, by estimating natural ranges of all late Quaternary mammalian species, and to compare diversity patterns based on these with diversity patterns based on current distributions. Location Globally. Methods We estimated species, functional and phylogenetic diversity patterns based on natural ranges of all mammalian species (n = 5747 species) as they could have been today in the complete absence of human influence through time. Following this, we compared macroecological analyses of current and natural diversity patterns to assess whether human-induced range changes bias evolutionary and ecological analyses based on current diversity patterns. Results We find that current diversity patterns have been drastically modified by humans, mostly due to global extinctions and regional to local extirpations. Current and natural diversities exhibit marked deviations virtually everywhere outside sub-Saharan Africa. These differences are strongest for terrestrial megafauna, but also important for all mammals combined. The human-induced changes led to biases in estimates of environmental diversity drivers, especially for terrestrial megafauna, but also for all mammals combined. Main conclusions Our results show that fundamental diversity patterns have been reshaped by human-driven extinctions and extirpations, highlighting humans as a major force in the Earth system. We thereby emphasize that estimating natural distributions and diversities is important to improve our understanding of the evolutionary and ecological drivers of diversity as well as for providing a benchmark for conservation.","https://doi.org/10.1111/ddi.12369",,,,
"e4efe6f2","In contrast, the benefits of avoiding and reducing deforestation and promoting restoration can be significant for biodiversity","Food, Agriculture & the Environment: Can We Feed the World & Save the Earth?","Secure and nutritious food supplies are the foundation of human health and development, and of stable societies. Yet food production also poses significant threats to the environment through greenhouse gas emissions, pollution from fertilizers and pesticides, and the loss of biodiversity and ecosystem services from the conversion of vast amounts of natural ecosystems into croplands and pastures. Global agricultural production is on a trajectory to double by 2050 because of both increases in the global population and the dietary changes associated with growing incomes. Here we examine the environmental problems that would result from these dietary shifts toward greater meat and calorie consumption and from the increase in agricultural production needed to provide this food. Several solutions, all of which are possible with current knowledge and technology, could substantially reduce agriculture's environmental impacts on greenhouse gas emissions, land clearing, and threats to biodiversity. In particular, the adoption of healthier diets and investment in increasing crop yields in developing nations would greatly reduce the environmental impacts of agriculture, lead to greater global health, and provide a path toward a secure and nutritious food supply for developing nations.","https://doi.org/10.1162/daed_a_00350",,,,
"9878acd3","The biodiversity and environmental impact of large-scale afforestation and reforestation depends to a large degree on where these occur (prior vegetation cover, state of degradation), and the tree species planted","Global change synergies and trade‐offs between renewable energy and biodiversity","Abstract Reliance on fossil fuels is causing unprecedented climate change and is accelerating environmental degradation and global biodiversity loss. Together, climate change and biodiversity loss, if not averted urgently, may inflict severe damage on ecosystem processes, functions and services that support the welfare of modern societies. Increasing renewable energy deployment and expanding the current protected area network represent key solutions to these challenges, but conflicts may arise over the use of limited land for energy production as opposed to biodiversity conservation. Here, we compare recently identified core areas for the expansion of the global protected area network with the renewable energy potential available from land‐based solar photovoltaic, wind energy and bioenergy (in the form of Miscanthus × giganteus ). We show that these energy sources have very different biodiversity impacts and net energy contributions. The extent of risks and opportunities deriving from renewable energy development is highly dependent on the type of renewable source harvested, the restrictions imposed on energy harvest and the region considered, with Central America appearing at particularly high potential risk from renewable energy expansion. Without restrictions on power generation due to factors such as production and transport costs, we show that bioenergy production is a major potential threat to biodiversity, while the potential impact of wind and solar appears smaller than that of bioenergy. However, these differences become reduced when energy potential is restricted by external factors including local energy demand. Overall, we found that areas of opportunity for developing solar and wind energy with little harm to biodiversity could exist in several regions of the world, with the magnitude of potential impact being particularly dependent on restrictions imposed by local energy demand. The evidence provided here helps guide sustainable development of renewable energy and contributes to the targeting of global efforts in climate mitigation and biodiversity conservation.","https://doi.org/10.1111/gcbb.12299",,,,
"9a275fbe","Climate change favours the evolution of seasonally earlier reproduction in many organisms, which can in principle be facilitated through the introduction of individuals from populations already adapted to such conditions","Selection on Heritable Phenotypic Plasticity in a Wild Bird Population","Theoretical and laboratory research suggests that phenotypic plasticity can evolve under selection. However, evidence for its evolutionary potential from the wild is lacking. We present evidence from a Dutch population of great tits (Parus major) for variation in individual plasticity in the timing of reproduction, and we show that this variation is heritable. Selection favoring highly plastic individuals has intensified over a 32-year period. This temporal trend is concurrent with climate change causing a mismatch between the breeding times of the birds and their caterpillar prey. Continued selection on plasticity can act to alleviate this mismatch.","https://doi.org/10.1126/science.1117004",,,,
"e4f9f794","However, management strategies typically assume that evolutionary changes occur only over much longer time periods and thus ignore rapid evolution. These policy considerations span many spheres in which management actions designed to slow or speed evolution can dramatically change outcomes, as the following examples indicate. Insects, weeds and pathogens evolve resistance to insecticides, herbicides and other control agents, yet management strategies such as refuges, crop rotation, and crop diversity can dramatically slow that undesirable evolution","Genetic shift in photoperiodic response correlated with global warming","To date, all altered patterns of seasonal interactions observed in insects, birds, amphibians, and plants associated with global warming during the latter half of the 20th century are explicable as variable expressions of plastic phenotypes. Over the last 30 years, the genetically controlled photoperiodic response of the pitcher-plant mosquito, Wyeomyia smithii, has shifted toward shorter, more southern daylengths as growing seasons have become longer. This shift is detectable over a time interval as short as 5 years. Faster evolutionary response has occurred in northern populations where selection is stronger and genetic variation is greater than in southern populations. W. smithii represents an example of actual genetic differentiation of a seasonality trait that is consistent with an adaptive evolutionary response to recent global warming.","https://doi.org/10.1073/pnas.241391498",,,,
"ec860ee0","Although such market-based policy instruments as payments for ecosystem services, voluntary certification and biodiversity offsetting have increased in use, their effectiveness is mixed, and they are often contested; thus, they should be carefully designed and applied to avoid perverse effects in context","Investments in Liberalized Electricity Markets and the Low-Carbon Energy Transition: A Mixed-method Analysis of the German Case","Aufgrund der günstigen Vermeidungsoptionen spielt der Stromsektor im Kampf gegen den globalen Klimawandel eine wichtige Rolle. In Anbetracht der weltweit stattfindenden Liberalisierungen besteht die Hauptaufgabe darin, Anreize für Investitionen in kohlenstoffarme Technologien zu schaffen. Diese Arbeit untersucht die miteinander verbundenen Fragen, wie Investitionen in liberalisierten Strommärkten erfolgen, und wie klimapolitische Instrumente eine „saubere“ Technologiewahl induzieren können. Als Fallbeispiel dient Deutschland, wo innerhalb der letzten Jahre eine große Zahl neuer Kohlekraftwerke in Bau gegangen sind. Dieser ""Dash for Coal"", der offensichtlich im Widerspruch zu aktuellen politischen Bemühungen hinsichtlich des Umbaus des Energiesystems steht, dient dafür als Ausgangspunkt. Die erste Untersuchung erkundet die Treiber und Entscheidungsfaktoren, die vermutlich zum ""Dash for Coal"" geführt haben. In einem ersten Schritt wird dazu eine Liste möglicher ökonomischer, technologischer und soziopolitischer Einflussfaktoren zusammen gestellt. In einem zweiten Schritt werden diese Faktoren genauer betrachtet und insgesamt sechs Gründen für die umfangreichen Neubauten identifiziert. Diese sind: (1) Der Ersatzbedarf an Kapazitäten aufgrund des Kernenergieausstiegs. (2) Der Beginn eines neuen Investitionszyklus im Strommarkt. (3) Die im Vergleich zu Erdgas vorteilhaften ökonomischen und technologischen Bedingungen für Kohle auf längere Sicht. (4) Eine gewisse Zögerlichkeit gegenüber erneuerbaren Energien seitens der Investoren. (5) Explizite politische Unterstützung für Kohle. (6) Mangelnder Erfolg öffentlicher Proteste gegen Bauvorhaben. Zwei dieser Gründe werden im Folgenden genauer untersucht. Die zweite Untersuchung beschäftigt sich mit der Frage, wie die Allokation von Emissionszertifikaten Investitionen in fossile Technologien zugunsten von Kohle verzerrt hat. Der seit 2005 existierende EU Emissionshandel (EU ETS) wurde ins Leben gerufen, um Anreize für klimafreundlichere Investitionen mithilfe eines Preises auf CO2 Emissionen zu schaffen. Allerdings wurden in der ersten Phase in Deutschland Zertifikate für neue Kraftwerke nach technologiespezifischen Maßgaben verteilt, was zu einer insgesamt deutlich höheren Zuweisung an Kohlekraftwerke im Vergleich zu Gaskraftwerken führte. Weil Investoren zusätzliche Profite (windfall profits) durch die Einpreisung der Opportunitätskosten der Zertifikate erzielen konnten war zu erwarten, dass Kohlekraftwerke deutlich höhere zusätzliche Einnahmen erzielen könnten. Die Modellergebnisse der Untersuchung zeigen, dass ungleiche windfall profits ungefähr die Hälfte der Kapitalkosten eines neuen Kohlekraftwerks gedeckt hätten. Nur eine Auktionierung der Zertifikate oder eine Zuweisung nach einem Benchmark der bestmöglichen Technologie hätten Gas zur bevorzugten Technologie werden lassen. Das unterstreicht, dass die Details der Implementierung des Instruments in diesem Fall einen großen Einfluss auf die Investitionsanreize hatten, und konträr zur Zielstellung dem Neubau von Kohlekraftwerken förderlich waren. Die dritte Untersuchung abstrahiert von der Perspektive eines einzelnen Investor und beschäftigt sich damit, wie der Markt als Ganzes auf einen Preis auf CO2 Emissionen reagiert, wenn durch den Kernenergieausstieg ein erheblicher Bedarf an Ersatzinvestitionen besteht. Im Detail werden sowohl die Technologiewahl als auch der optimale Preis von CO2 unter Gesichtspunkten der Wohlfahrt betrachtet. Bedingt durch die Struktur des deutschen Markts wird dabei unvollständiger Wettbewerb mit strategischem Verhalten dieser Erzeuger angenommen. Die Modellergebnisse zeigen, dass bei diesen Annahmen Investitionen in Gaskraftwerke schon bei niedrigeren CO2 Preisen und insgesamt schrittweiser getätigt werden als bei perfektem Wettbewerb. Dies ist der Fall, weil die strategische Reduzierung der erzeugten Strommenge zu höheren Preisen führt, wodurch Gaskraftwerke auch bei geringeren komparativen Kostenvorteilen bezüglich der Emissionen schon profitabel sind. Im Gegensatz dazu erfolgt bei perfektem Wettbewerb ein strikter Bruch in der Technologiewahl. Bei einem Preis von 36 EUR/t oder weniger wird ausschließlich in Kohle investiert, ab einem Preis von 37 EUR/t oder höher ausschließlich in Gas. Unter Gesichtspunkten der Wohlfahrt allerdings spielt dieses deutlich unterschiedliche Verhalten kaum eine Rolle, denn die Verluste durch Marktmacht sind kleiner als 1% wenn der CO2 Preis optimal gesetzt wird. Das unterstreicht, dass ein Preis auf CO2 Emissionen in der Tat ein effektives Instrument sein kann, um Anreize für Investitionen in klimafreundliche Technologien – insbesondere Erdgas – zu schaffen. Allerdings bleibt abzuwarten, ob die für einen fundamentalen Umbau benötigten hohen Preise in der Zukunft auch tatsächlich verwirklicht werden.","https://doi.org/10.14279/depositonce-2878",,,,
"0edc1c74","A similar picture also emerges from an entirely separate line of evidence. Habitat loss and deterioration, largely caused by human actions, have reduced global terrestrial habitat integrity by 30 per cent relative to an unimpacted baseline; combining that with the longstanding relationship between habitat area and species numbers suggests that around 9 per cent of the world's estimated 5.9 million terrestrial species – more than 500,000 species – have insufficient habitat for long-term survival, and are committed to extinction, many within decades, unless their habitats are restored","Trait‐Dependent Time Lags Amid Global Change in Marine Observed and Dark Diversity on the Dogger Bank (North Sea)","Understanding delayed biodiversity responses to global changes is crucial for anticipating future ecosystem dynamics and informing conservation. Here, we analysed a 32-year time series of benthic megafauna from the North Sea (Dogger Bank) to assess extinction debt and immigration credit using a probabilistic species pool framework. Within this framework, we generated suitability estimates for both observed diversity (i.e., species locally present) and dark diversity-set of suitable but locally absent species. We defined extinction debt as species persisting locally under declining suitability and immigration credit as suitable species remaining in dark diversity over time. We evaluated these dynamics across 101 epibenthic species (from demersal fishes to macroinvertebrates) and tested their association with sea warming and species traits such as body size and motility. Despite no net change in species number, the suitability of observed diversity decreased over time, indicating extinction debt. At the species level, 72% of species exhibited time-lagged responses, with large-bodied and motile species being more often in extinction debt, whereas smaller and less motile species more often in immigration credit. Consequently, in relation to temperature change, the North Sea's species pool is slowly shifting toward smaller-bodied and less motile taxa, with several cold-adapted and commercially important species in extinction debt. These delayed responses and potential compositional shifts may weaken trophic interactions and affect ecosystem resilience. As marine systems experience increased warming, integrating trait-based approaches and time-lag responses within the species pool framework can offer early warnings of biodiversity reorganization and therefore windows of opportunity for conservation.","https://doi.org/10.1111/gcb.70862",,,,
"83b29360","Although such market-based policy instruments as payments for ecosystem services, voluntary certification and biodiversity offsetting have increased in use, their effectiveness is mixed, and they are often contested; thus, they should be carefully designed and applied to avoid perverse effects in context","Environmental compensation in Swedish road planning","Abstract Environmental compensation has been discussed in Europe for a long time and in the Swedish context for almost a decade, but it was not until the latest environmental legislation came into force in 1999 that it became easier to formally require compensation for loss of environmental value. The use of compensation can be one method in trying to reach a more sustainable development. The work with EIA for roads ensures that avoidance of damage to nature is given serious attention. Still, impacts that could require compensation measures will remain. This paper examines 15 planned Swedish state road projects in order to investigate the intended use of environmental compensation. The analysis serves to point out problems and opportunities for improvement to facilitate the use of compensation. The results show that while environmental compensation is proposed in several projects, measures are seldom explicitly documented or interpreted as compensation measures. The planning process also needs to be better coordinated. The most explicitly described environmental compensation in the Swedish projects is connected to water issues, while compensation for impacts in small biotopes is rare. The proposed measures are almost never in sufficient proportion to the damage that is caused. Copyright © 2006 John Wiley & Sons, Ltd and ERP Environment.","https://doi.org/10.1002/eet.429",,,,
"670499ff","The global rate of species extinction is already at least tens to hundreds of times higher than the average rate over the past 10 million years and is accelerating.","Current extinction rates of reptiles and amphibians","There is broad concern that a mass extinction of amphibians and reptiles is now underway. Here I apply an extremely conservative Bayesian method to estimate the number of recent amphibian and squamate extinctions in nine important tropical and subtropical regions. The data stem from a combination of museum collection databases and published site surveys. The method computes an extinction probability for each species by considering its sighting frequency and last sighting date. It infers hardly any extinction when collection dates are randomized and it provides underestimates when artificial extinction events are imposed. The method also appears to be insensitive to trends in sampling; therefore, the counts it provides are absolute minimums. Extinctions or severe population crashes have accumulated steadily since the 1970s and 1980s, and at least 3.1% of frog species have already disappeared. Based on these data and this conservative method, the best estimate of the global grand total is roughly 200 extinctions. Consistent with previous results, frog losses are heavy in Latin America, which has been greatly affected by the pathogenic chytrid fungus Batrachochytrium dendrobatidis. Extinction rates are now four orders-of-magnitude higher than background, and at least another 6.9% of all frog species may be lost within the next century, even if there is no acceleration in the growth of environmental threats.","https://doi.org/10.1073/pnas.1508681112",,,,
"90e1d850","However, management strategies typically assume that evolutionary changes occur only over much longer time periods and thus ignore rapid evolution. These policy considerations span many spheres in which management actions designed to slow or speed evolution can dramatically change outcomes, as the following examples indicate. Insects, weeds and pathogens evolve resistance to insecticides, herbicides and other control agents, yet management strategies such as refuges, crop rotation, and crop diversity can dramatically slow that undesirable evolution","Protecting the larger fish: an ecological, economical and evolutionary analysis using a demographic model","Many marine fish stocks are reported as overfished on a global scale. This overfishing not only removes fish biomass, but also causes dramatic changes in the age and size structure of fish stocks. In particular, targeting of the larger individuals truncates the age and size structure of stocks. Recently, there is increasing evidence that this size-selective fishing reduces the chances of maintaining populations at levels sufficient to produce maximum sustainable yields, the chances of recovery/rebuilding populations that have been depleted/collapsed and may causes rapid evolutionary changes in life-history traits of exploited fish stocks. The main purpose of the present PhD thesis is to gain an understanding of the role of the larger fish in a population , from three different areas of science specifically, ecology, economics and evolution. An extended classical single species age and sizestructured model is used and the whole analysis is focussed on two theoretical stocks with life history traits typical of a large and long-lived species (W¥=20 kg) and of a small and short-lived species (W¥=0.5 kg). Several fish stock-specific studies, both field observations and experimental studies, indicate that not only do the larger and older females spawn more eggs in each spawning event than smaller-younger females, but their eggs are larger and of higher quality in terms of survival than the eggs from smaller-younger females, a phenomenon known as maternal effects. However, most traditional management models assume that all female fish contribute equally per unit biomass to future recruitment. The second chapter of the thesis considers the influence of maternal effects on recruitment and on the commonly used reference points: the fishing mortality rate corresponding to the maximum sustainable yield (FMSY) and the fishing mortality where the population collapses (Fcrash). Our results demonstrate that the incorporation of maternal effects into the recruitment equation will not result in better scientific advice for a stock being managed to achieve maximum sustainable yield (MSY). It may however be important to account properly for maternal effects for collapsing populations. The third chapter develops an ecological-economic evaluation tool to explore the impact of the choice of a recovery scenario on the time needed to recover the stock and on the net benefit generated by the fishery during the recovery period and beyond. This is achieved by merging a classical age-structured model for a single-species population with an economic cost-evaluation framework. One of the recovery scenarios pay particular attention to the larger individuals. Our results suggest that the larger fish does not matter much neither from an economic nor from an ecological perspective. Only if there is a high fishing pressure during the recovery period can a preservation of the larger individuals reduce recovery time significantly. The fourth and last chapter is focused on fisheries induced evolution and the consequent changes in yield. We attempt to evaluate the capability of the larger fish to mitigate the evolutionary change on life-history traits caused by fishing, while also maintaining a sustainable annual yield. This is achieved by calculating the expected selection response on three life-history traits: size at maturation, growth rate, and reproductive investment under two different fishing scenarios, with and without a maximum-size limit. We find that each life-history trait responds differently to the introduction of size-selective fishing regulations, and that only a reduction in fishing mortality will reduce the magnitude of the selection response on all traits. The consequent changes in fisheries yields are less than 10 % per decade. We conclude that size-based management regulations alone are unable to mitigate fisheries induced evolution on all evolving traits. The main conclusion of this thesis is that in most cases protecting the larger fish does not matter much for the population. High fishing pressure is the primary concern about the sustainability of the fisheries, population recovery and the evolutionary changes in life-history traits",,,,,
"603158ba","Population declines often give warning that a species' risk of extinction is increasing. The Living Planet Index, which synthesises trends in vertebrate populations, shows that species have declined rapidly since 1970, with reductions of 40 per cent for terrestrial species, 84 per cent for freshwater species and 35 per cent for marine species","Evaluating the effectiveness of conservation measures for European grassland‐breeding waders","Farmland birds are among the most threatened bird species in Europe, largely as a result of agricultural intensification which has driven widespread biodiversity losses. Breeding waders associated with grassland and arable habitats are particularly vulnerable and a frequent focus of agri-environment schemes (AES) designed to halt and reverse population declines. We review existing literature, providing a quantitative assessment of the effectiveness of policy and management interventions used throughout Europe to improve population and demographic metrics of grassland-breeding waders. Targeted AES and site protection measures were more likely to be effective than less targeted AES and were ten times more likely to be effective than would be expected by chance, particularly for population trend and productivity metrics. Positive effects of AES and site protection did not appear synergistic. Management interventions which had the greatest chance of increasing population growth or productivity included modification of mowing regimes, increasing wet conditions, and the use of nest protection. Success rates varied according to the species and metric being evaluated. None of the policy or management interventions we evaluated were associated with a significant risk of negative impacts on breeding waders. Our findings support the use of agri-environment schemes, site protection, and management measures for grassland-breeding wader conservation in Europe. Due to publication bias, our findings are most applicable to intensively managed agricultural landscapes. More studies are needed to identify measures that increase chick survival. Despite broadly effective conservation measures already in use, grassland-breeding waders in Europe continue to decline. More research is needed to improve the likelihood and magnitude of positive outcomes, coupled with wider implementation of effective measures to substantially increase favorable land management for these species.","https://doi.org/10.1002/ece3.4532",,,,
"af079e21","Coastal waters hold the highest levels of metals and persistent organic pollutants from industrial discharge and agricultural run-off, poisoning coastal fish harvests. Severe effects from excess nutrient concentrations in certain locations include damage to fish and seabed biota. The dynamics of ocean and airborne transport of pollutants mean that the harm from inputs of plastics, persistent organic pollutants, heavy metals and ocean acidification is felt worldwide, including with consequences for human health.","Plastic in Marine Litter","Anthropogenic litter is found in marine environments from the beach, beach sediment and surface water to the seafloor. Plastic can persist and accumulate in the marine environment for a long period because of its light weight and degradation-resistant properties. The global production of plastic increased from 230 million tonnes in 2005 to 322 million tonnes in 2015. It has been estimated that plastic production will increase to 330 million tonnes in 2017. Mismanaged plastic waste can enter the marine environment via both land-based sources and oceanic-based sources. Ocean gyres, oceanic convergence zones and even polar regions are regarded as plastic waste accumulation hotspots. Over 690 species including seabirds, turtles, and fish have been reported to ingest plastic debris. Additionally, large plastic debris, especially derelict fishing gear and packing bags, pose a plastic entanglement risk to marine organisms. Plastic debris can act as vectors for the accumulation of hydrophobic organic pollutants and heavy metals or metalloids, and thus potentially cause harmful effects to marine organisms, such as endocrine system disruption, liver and kidney failure, hormone alterations and teratogenicity. This chapter summarizes the sources, distributions and fates of plastic debris in the marine environment, as well as the physical and chemical effects induced by plastic debris. Finally, recommendations including legislation reinforcement, better management of waste collection systems and landfills, raising the awareness of different stakeholders and the application of advanced technology are suggested to reduce the amount of plastics in the marine environment.","https://doi.org/10.1039/9781788013314-00021",,,,
"c2755dec","On land, wild species that are endemic (narrowly distributed) have typically seen larger-than-average changes to their habitats and shown faster-than-average declines","KEBANGKITAN LADANG BERPINDAH DI NAGARI SILAYANG KECAMATAN MAPATTUNGGUL SELATAN KABUPATEN PASAMAN PROVINSI SUMATERA BARAT","Infrastructure development and ProRLK (deforested Land Rehabilitation Project) a Government of Indonesia collaboration prpject with The German Technical Coorperation Agency (GTZ) in 1992, has shifted the pattern of shifting cultivation to rubber farming in Nagari Silayang. Households engaged in shifting cultivation for food needs, stopped this entrenched practice, and focused on rubber plantations for food needs and financial means. But in recent years, the practice of shifting cultivation has been rife in Nagari Silayang. This phenomenon refutes the theory of agricultural transformastion in many previous studies, which concluded that shifting agricultural patterns lead to patterns that increasingly leave shifting cultivation. The purpose of this study, is to find the factors that cause farm households in Nagari Silayang to return to shifting cultivation, and find ways or strategies to stop forest clearing for swidden land. The research method used is descriptive qualitative and quantitative. Data collection uses observation, key informant interviews and household surveys. the results showed that the revival of shifting cultivation in Nagari Silayang was caused by the decline in global rubber prices, maintaining food security, and efforts to increase household income. This will have an impact on biodiversity damage and even natural disasters, because old forests are converted to agricultural land. This leads to negative impacts on biodiversity and can result in natural disasters, as old forests are converted to agricultural land.","https://doi.org/10.24843/soca.2020.v14.i01.p01",,,,
"81fd528f","The threat of extinction is also accelerating: in the best-studied taxonomic groups, most of the total extinction risk to species is estimated to have arisen in the past 40 years","Current extinction rates of reptiles and amphibians","There is broad concern that a mass extinction of amphibians and reptiles is now underway. Here I apply an extremely conservative Bayesian method to estimate the number of recent amphibian and squamate extinctions in nine important tropical and subtropical regions. The data stem from a combination of museum collection databases and published site surveys. The method computes an extinction probability for each species by considering its sighting frequency and last sighting date. It infers hardly any extinction when collection dates are randomized and it provides underestimates when artificial extinction events are imposed. The method also appears to be insensitive to trends in sampling; therefore, the counts it provides are absolute minimums. Extinctions or severe population crashes have accumulated steadily since the 1970s and 1980s, and at least 3.1% of frog species have already disappeared. Based on these data and this conservative method, the best estimate of the global grand total is roughly 200 extinctions. Consistent with previous results, frog losses are heavy in Latin America, which has been greatly affected by the pathogenic chytrid fungus Batrachochytrium dendrobatidis. Extinction rates are now four orders-of-magnitude higher than background, and at least another 6.9% of all frog species may be lost within the next century, even if there is no acceleration in the growth of environmental threats.","https://doi.org/10.1073/pnas.1508681112",,,,
"a94172fe","Although such market-based policy instruments as payments for ecosystem services, voluntary certification and biodiversity offsetting have increased in use, their effectiveness is mixed, and they are often contested; thus, they should be carefully designed and applied to avoid perverse effects in context","The Dasgupta Review deconstructed: an exposé of biodiversity economics","The Dasgupta Review is the latest attempt at justifying financialisation of Nature, but also much more. It represents a high point in applying concepts of capital and wealth accumulation comprehensively to all aspects of human and non-human existence. Unravelling the flaws in the arguments, contradictions and underlying motives requires both understand of and cutting through the specialist language, neoclassical economic models, mathematics and rhetoric. We offer a critical guide to and deconstruction of Dasgupta’s biodiversity economics and reveal its real aim. Framing critical biodiversity loss as an issue of asset management and population size is a blind to avoid questioning economic growth, which remains unchallenged and depoliticized despite apparently recognizing natural limits. Dasgupta ignores long-standing problems with capital theory and social cost–benefit analysis. Rather than a scientific review of biodiversity economics he offers impossible to achieve valuation, based on old flawed theories and methods, embedded in an unsavoury political economy.","https://doi.org/10.1080/14747731.2021.1929007",,,,
"39108ba9","The threat of extinction is also accelerating: in the best-studied taxonomic groups, most of the total extinction risk to species is estimated to have arisen in the past 40 years","Interactions of climate change with biological invasions and land use in the Hawaiian Islands: Modeling the fate of endemic birds using a geographic information system","The Hawaiian honeycreepers (Drepanidae) represent a superb illustration of evolutionary radiation, with a single colonization event giving rise to 19 extant and at least 10 extinct species [Curnutt, J. & Pimm, S. (2001) Stud. Avian Biol. 22, 15-30]. They also represent a dramatic example of anthropogenic extinction. Crop and pasture land has replaced their forest habitat, and human introductions of predators and diseases, particularly of mosquitoes and avian malaria, has eliminated them from the remaining low- and mid-elevation forests. Landscape analyses of three high-elevation forest refuges show that anthropogenic climate change is likely to combine with past land-use changes and biological invasions to drive several of the remaining species to extinction, especially on the islands of Kauai and Hawaii.","https://doi.org/10.1073/pnas.162372399",,,,
"b4218e9f","More than 40 per cent of amphibian species, almost a third of reef-forming corals, sharks and shark relatives and over a third of marine mammals are currently threatened","Marine mammal conservation: over the horizon","Marine mammals can play important ecological roles in aquatic ecosystems, and their presence can be key to community structure and function. Consequently, marine mammals are often considered indicators of ecosystem health and flagship species. Yet, historical population declines caused by exploitation, and additional current threats, such as climate change, fisheries bycatch, pollution and maritime development, continue to impact many marine mammal species, and at least 25% are classified as threatened (Critically Endangered, Endangered or Vulnerable) on the IUCN Red List. Conversely, some species have experienced population increases/recoveries in recent decades, reflecting management interventions, and are heralded as conservation successes. To continue these successes and reverse the downward trajectories of at-risk species, it is necessary to evaluate the threats faced by marine mammals and the conservation mechanisms available to address them. Additionally, there is a need to identify evidence-based priorities of both research and conservation needs across a range of settings and taxa. To that effect we: (1) outline the key threats to marine mammals and their impacts, identify the associated knowledge gaps and recommend actions needed; (2) discuss the merits and downfalls of established and emerging conservation mechanisms; (3) outline the application of research and monitoring techniques; and (4) highlight particular taxa/populations that are in urgent need of focus.","https://doi.org/10.3354/esr01115",,,,
"923f17d7","Coastal habitats, including estuaries and deltas critical for marine biota and regional economies, have been severely affected by sea-use changes (coastal development, offshore aquaculture, mariculture and bottom trawling) and land-use changes (onshore land clearance and urban sprawl along coastlines, plus pollution of rivers). Pollution from land sources is already a major driver of negative environmental change. Ocean mining, while relatively small, has expanded since 1981 to ~ 6,500 offshore oil and gas installations worldwide in 53 countries (60 per cent in the Gulf of Mexico by 2003) and likely will expand into the Arctic and Antarctic regions as the ice melts.","Microplastic leachates impair behavioural vigilance and predator avoidance in a temperate intertidal gastropod","Microplastics are a ubiquitous source of contaminations in marine ecosystems, and have major implications for marine life. Much effort has been devoted to assessing the various effects of microplastics on marine life. No evidence exists, however, on the effects of microplastic leachates on chemically mediated predator–prey interactions and the ability of prey to detect and avoid its predator. This study shows that microplastic leachates have direct biological effects by disturbing the behavioural response of the intertidal gastropod Littorina littorea to the presence of Carcinus maenas chemical cues, hence increasing their vulnerability to predation. Leachates from virgin and beached pellets respectively impaired and inhibited L. littorea vigilance and antipredator behaviours. These results suggest that the biological effects from microplastic leachates may have major implications for marine ecosystems on taxa that rely on chemosensory cues to escape predation.","https://doi.org/10.1098/rsbl.2018.0453",,,,
"72d629b5","Although such market-based policy instruments as payments for ecosystem services, voluntary certification and biodiversity offsetting have increased in use, their effectiveness is mixed, and they are often contested; thus, they should be carefully designed and applied to avoid perverse effects in context","The evolution of Brazilian forest concessions","Abstract In 2006 Brazil passed legislation allowing concessions for industrial timber harvest in public forests. This decision was part of a broader effort to control deforestation, which had spiked to its second highest level, of about 25,000 km2, in 2004. Specifically, concessions were implemented as a means to control a rampaging timber industry while providing a source of accessible timber for sustainable harvest. Timber concessions, however, are not without their critics worldwide. Here we review the process undertaken to address international concerns over concessions in the policy design, we discuss the process of implementation in Brazil from 2007 to 2014 and then attempt to provide insight into the challenges that lie ahead. Our findings suggest that even though Brazil’s policy designers had the full knowledge of the difficulties with timber concessions, and attempted to design a concession framework to address those concerns, deeper structural problems within the industry and within government itself have prevented the successful scaling up of the concession model. Key hurdles include: government overlap and duplication causing unbearable transaction costs and risks to investors; an industry ill prepared and unwilling to adapt to the stringent requirements set in the policy; and little success in curtailing illegal logging beyond concession borders. While concessions remain a potentially important tool for the management of public forests, additional resources and time will need to be invested to overcome these barriers.","https://doi.org/10.12952/journal.elementa.000048",,,,
"ec839a29","Zoonotic diseases are significant threats to human health, with vector-borne diseases accounting for approximately 17 per cent of all infectious diseases and causing an estimated 700,000 deaths globally per annum","Biodiversity and human health: mechanisms and evidence of the positive health effects of diversity in nature and green spaces","Introduction: Natural environments and green spaces provide ecosystem services that enhance human health and well-being. They improve mental health, mitigate allergies and reduce all-cause, respiratory, cardiovascular and cancer mortality. The presence, accessibility, proximity and greenness of green spaces determine the magnitude of their positive health effects, but the role of biodiversity (including species and ecosystem diversity) within green spaces remains underexplored. This review describes mechanisms and evidence of effects of biodiversity in nature and green spaces on human health. Sources of data: We identified studies listed in PubMed and Web of Science using combinations of keywords including 'biodiversity', 'diversity', 'species richness', 'human health', 'mental health' and 'well-being' with no restrictions on the year of publication. Papers were considered for detailed evaluation if they were written in English and reported data on levels of biodiversity and health outcomes. Areas of agreement: There is evidence for positive associations between species diversity and well-being (psychological and physical) and between ecosystem diversity and immune system regulation. Areas of concern: There is a very limited number of studies that relate measured biodiversity to human health. There is more evidence for self-reported psychological well-being than for well-defined clinical outcomes. High species diversity has been associated with both reduced and increased vector-borne disease risk. Growing points: Biodiversity supports ecosystem services mitigating heat, noise and air pollution, which all mediate the positive health effects of green spaces, but direct and long-term health outcomes of species diversity have been insufficiently studied so far. Areas timely for research: Additional research and newly developed methods are needed to quantify short- and long-term health effects of exposure to perceived and objectively measured species diversity, including health effects of nature-based solutions and exposure to microbiota.","https://doi.org/10.1093/bmb/ldy021",,,,
"fcf47c37","Those proportions suggest that, of an estimated 8 million animal and plant species (75 per cent of which are insects), around 1 million are threatened with extinction","How do assemblages of epigeal Araneae and Coleoptera respond to changes in habitat structure caused by sugar cane crops in Northern Argentina?","In Northwest Argentina, nothing is known about the relationship of Araneae and Coleoptera with sugar cane crops. Using pitfall traps in three continuous native forest sites (N) and three native forest windbreaks surrounded by sugar cane crops (W) in the province of Salta, we assessed a)- whether the native diversity of epigeal Araneae and Coleoptera in the Chaco Serrano forest changes as a result of the fragmentation of the habitat caused by the sugar cane plots, and b)- whether the diversity of predatory species increases in native forest windbreaks as a consequence of the contribution of species that come from crops. In the spring of 2006 and the summer of 2007, we collected 599 Araneae and 555 Coleoptera, with community W (S = 132, N = 535) containing much more species but fewer individuals than community N (S = 111, N = 619). We found that the spatial and phenological patterns of the alpha and beta diversities of N were altered in W communities. Thus, habitat fragmentation generated by sugar cane plots led to the local extinction of native Araneae and Coleoptera species. The abundance of generalist Araneae and herbivorous Coleoptera increased in W habitats, but the coprophagous and detritivorous beetles decreased. The diversity of predatory species (Araneae and some Coleoptera) increased in W habitats, although their abundance declined relative to N habitats. Species turnover determined beta diversity between N and W sites; however, between the W sites, nestedness increased and spiders showed a greater loss of species. The spatial heterogeneity between sites, seasons, and habitats had a substantial effect on the composition of the Araneae and Coleoptera assemblages, hence influencing regional diversity. Eight species were habitat indicators, particularly Leprolochus birabeni (Zodariidae), which responds unfavourably to perturbations in the agricultural landscape, and could be deployed as environmental monitors in the Chaco Serrano.","https://doi.org/10.1080/23766808.2022.2131311",,,,
"5c0bbbe8","Nature can improve mental and physical health through exposure to natural areas.","Biodiversity and human health: mechanisms and evidence of the positive health effects of diversity in nature and green spaces","Introduction: Natural environments and green spaces provide ecosystem services that enhance human health and well-being. They improve mental health, mitigate allergies and reduce all-cause, respiratory, cardiovascular and cancer mortality. The presence, accessibility, proximity and greenness of green spaces determine the magnitude of their positive health effects, but the role of biodiversity (including species and ecosystem diversity) within green spaces remains underexplored. This review describes mechanisms and evidence of effects of biodiversity in nature and green spaces on human health. Sources of data: We identified studies listed in PubMed and Web of Science using combinations of keywords including 'biodiversity', 'diversity', 'species richness', 'human health', 'mental health' and 'well-being' with no restrictions on the year of publication. Papers were considered for detailed evaluation if they were written in English and reported data on levels of biodiversity and health outcomes. Areas of agreement: There is evidence for positive associations between species diversity and well-being (psychological and physical) and between ecosystem diversity and immune system regulation. Areas of concern: There is a very limited number of studies that relate measured biodiversity to human health. There is more evidence for self-reported psychological well-being than for well-defined clinical outcomes. High species diversity has been associated with both reduced and increased vector-borne disease risk. Growing points: Biodiversity supports ecosystem services mitigating heat, noise and air pollution, which all mediate the positive health effects of green spaces, but direct and long-term health outcomes of species diversity have been insufficiently studied so far. Areas timely for research: Additional research and newly developed methods are needed to quantify short- and long-term health effects of exposure to perceived and objectively measured species diversity, including health effects of nature-based solutions and exposure to microbiota.","https://doi.org/10.1093/bmb/ldy021",,,,
"42b8aa1a","Nature can improve mental and physical health through exposure to natural areas.","Data-driven tools for optimizing urban tree planting strategies","In this study, we propose a universally applicable, two-level approach aimed at optimizing both tree planting locations and species selection, integrating the model into an intuitive Web Application. By combining multiple data sources, the application first provides a deeper understanding of the dataset by exploring internal correlations and uncovering the underlying patterns that define the urban tree ecosystem. It then uses a best-fit regression model to outline the current state of the data, serving as a solid foundation for predictive modeling. The research results in the development of a comprehensive predictive model combined with a heuristic algorithm, which offers recommendations for optimal tree planting locations within a city. It prioritizes areas with the highest potential for urban greening and balances species selection between those that maximize ecosystem benefits and those already prevalent in the area, thereby ensuring continuity and coherence with the existing green cover. The findings of this study are intended to support urban greening planning and policy decisions in cities, fostering sustainable development and improving public health and well-being. The approach is designed to be transferable to any urban context and is demonstrated here using Bologna (Italy) as a representative case study. • We present an instrument to optimize urban tree planting. • It prioritizes areas with the highest greening potential, balancing species selection. • It features a comprehensive predictive model to support urban planners.","https://doi.org/10.1016/j.cacint.2026.100383",,,,
"a461ca81","A similar picture also emerges from an entirely separate line of evidence. Habitat loss and deterioration, largely caused by human actions, have reduced global terrestrial habitat integrity by 30 per cent relative to an unimpacted baseline; combining that with the longstanding relationship between habitat area and species numbers suggests that around 9 per cent of the world's estimated 5.9 million terrestrial species – more than 500,000 species – have insufficient habitat for long-term survival, and are committed to extinction, many within decades, unless their habitats are restored","Biodiversity Consequences of Replacing Animal Protein From Capture Fisheries With Animal Protein From Agriculture","Replacing animal protein sourced from marine capture fisheries with animal protein from agriculture will likely increase the threats to biodiversity given current human diets. Approximately half the Earth’s arable land surface has been converted from natural habitats to food production which has been identified as a key driver of biodiversity loss in terrestrial ecosystems, as have fisheries in aquatic environments. Reductions in seafood production arising from major reductions in access to fishery resources and consumption would affect the demand for agricultural land. Replacing all animal protein from marine fisheries could require almost an additional 5 million km2 of land – larger than the extent of intact rain forest in Brazil – if replaced by the current proportional combination of livestock and poultry. Replacing all fish in aquaculture diets would result in the need for over 47,000 square kilometers of new land converted to agricultural production. Concomitantly, data show that terrestrial and freshwater species are more likely to be threatened with extinction than marine species and that agriculture is the dominant cause of these extinctions. This paper suggests that extinction risks per million tonnes of animal protein produced are 2.6 times higher for agriculture than marine capture fisheries. Agriculture is the main driver of extinctions because it is predicated on the conversion of complex, natural ecosystem structures to simple, human-dominated systems, whereas well-managed fisheries seek to work within natural ecosystem structure and function. Available evidence suggests that relying even more on land-based animal foods by replacing marine with terrestrial protein sources may cause more biodiversity loss, not less. Policy makers need to consider the implications of restricting the use of fishery resources on planetary biodiversity beyond measures aimed at attaining sustainable use.","https://doi.org/10.1080/23308249.2025.2585414",,,,
"f42a95fe","Local declines of insect populations such as wild bees and butterflies have often been reported, and insect abundance has declined very rapidly in some places even without large-scale land-use change, but the global extent of such declines is not known","No Long-Term Decrease in Caterpillar Availability for Invertivorous Birds in Deciduous Forests in Hungary","Numerous recent studies report an alarming decrease in diversity, biomass, or abundance of arthropods in various habitats. Given that they are important food for other organisms, the ecological consequences of such a decline could be severe. We used data from the Hungarian Forestry Light Trap Network to examine whether the spring caterpillar biomass showed any long term (23–58 years) declining trend in oak-dominated forests. Light trap data for 43 selected macrolepidopteran species (suitable bird food in the larval stage) from six different locations were used for the estimation of the total available caterpillar biomass. Time series analyses showed strong year-to-year fluctuations, and over all locations and time windows there was an increasing rather than decreasing trend. The increase found at some locations may suggest increasing herbivore pressure and negative impacts on forest health. We conclude that foliage-feeding macrolepidopteran species with spring-developing larvae did not show a drastic decrease in recent decades, and food availability in the long term will not negatively influence the breeding success of birds in such forests.","https://doi.org/10.3390/f12081070",,,,
"33f6c780","Many organisms show ongoing biological evolution so rapid that it is detectable within only a few years or even more quickly – in response to anthropogenic drivers","Evolutionary responses to land use in eight common grassland plants","Summary Land‐use change is an important component of global environmental change and a major driver of current declines in biodiversity. Although there is increasing evidence that species can evolve rapidly in response to anthropogenic environmental change, comprehensive studies of the evolutionary consequences of land use are still fairly scarce, in particular such that consider multiple species, study many populations, or that discriminate between different aspects of land use. Here, we studied genetic change of key phenotypic traits in response to land use in eight common grassland species across 137 grassland sites covering a broad range of land‐use types (mowing and/or grazing, with or without fertilization) and intensities in three regions of Germany. A common garden study revealed significant genetic differentiation in response to land‐use intensification within all of the investigated species. Among the studied land‐use processes, mowing appeared to have the strongest effect on the differentiation of plant phenotypes, with flowering phenology as the most responsive trait. However, there was substantial variation among species in the magnitude, sometimes also the direction of the observed population differentiation. Synthesis. Our study demonstrates that evolutionary responses of grassland plants to land‐use change are a common phenomenon and widespread across a broad range of different species. These evolutionary changes are likely to impact biotic interactions, as well as the structure and functioning of communities and ecosystems.","https://doi.org/10.1111/1365-2745.12746",,,,
"f7f83171","On land, wild species that are endemic (narrowly distributed) have typically seen larger-than-average changes to their habitats and shown faster-than-average declines","Anthropogenic impacts in protected areas: assessing the efficiency of conservation efforts using Mediterranean ant communities","In countries with high levels of urbanization, protected areas are often subject to human disturbance. In addition to dealing with fragmentation, land managers also have to confront the loss of characteristic ecosystems due to biotic homogenization, which is the increasing similarity of species assemblages among geographically separate regions. Using ants as a model system, we explored whether anthropogenic factors negatively affect biodiversity of protected areas of a regional network. We first analysed the effect of fragmentation and human activity on ant biodiversity within protected areas. Secondly, we tested whether homogenization could occur among protected areas. We sampled 79 plots in the most common habitats of 32 protected areas in southern Spain and calculated ant community richness and diversity indices, endemic richness, and Bray-Curtis similarity indices (between pairs of plots). We related these indices with patch fragmentation and human disturbance variables, taking into account environmental, spatial and landscape covariates. We used ANOSIM to test for differences between similarity indices, specifically among levels of anthropogenic disturbance. Species richness was positively correlated with the distance from the border of the protected areas and the number of endemic species was negatively correlated with the degree of fragmentation. Ant communities were similar within each protected area but differed across regions. Human disturbance was not correlated with community similarity among sampling points. Our approach suggests how the ability of European protected areas to sustain biodiversity is limited because they remain susceptible to anthropogenic impacts. Although ant communities maintained their biological distinctiveness, we reveal how fragmentation within protected areas is important for community richness and endemism maintenance.","https://doi.org/10.7717/peerj.2773",,,,
"6011d1fe","The proportion of insect species threatened with extinction is a key uncertainty, but available evidence supports a tentative estimate of 10 per cent","Human impacts on the rates of recent, present, and future bird extinctions","Unqualified, the statement that approximately 1.3% of the approximately 10,000 presently known bird species have become extinct since A.D. 1500 yields an estimate of approximately 26 extinctions per million species per year (or 26 E/MSY). This is higher than the benchmark rate of approximately 1 E/MSY before human impacts, but is a serious underestimate. First, Polynesian expansion across the Pacific also exterminated many species well before European explorations. Second, three factors increase the rate: (i) The number of known extinctions before 1800 is increasing as taxonomists describe new species from skeletal remains. (ii) One should calculate extinction rates over the years since taxonomists described the species. Most bird species were described only after 1850. (iii) Some species are probably extinct; there is reluctance to declare them so prematurely. Thus corrected, recent extinction rates are approximately 100 E/MSY. In the last decades, the rate is <50 E/MSY, but would be 150 E/MSY were it not for conservation efforts. Increasing numbers of extinctions are on continents, whereas previously most were on islands. We predict a 21st century rate of approximately 1,000 E/MSY. Extinction threatens 12% of bird species; another 12% have small geographical ranges and live where human actions rapidly destroy their habitats. If present forest losses continue, extinction rates will reach 1,500 E/MSY by the century's end. Invasive species, expanding human technologies, and global change will harm additional species. Birds are poor models for predicting extinction rates for other taxa. Human actions threaten higher fractions of other well known taxa than they do birds. Moreover, people take special efforts to protect birds.","https://doi.org/10.1073/pnas.0604181103",,,,
"7cd3b685","The adverse impacts of climate change on biodiversity are projected to increase with increasing warming, so limiting global warming to well below 2°C would have multiple co-benefits for nature and nature’s contributions to people and quality of life; however, it is projected that some large-scale land-based mitigation measures to achieve that objective will have significant impacts on biodiversity","Future habitat loss and extinctions driven by land‐use change in biodiversity hotspots under four scenarios of climate‐change mitigation","Numerous species have been pushed into extinction as an increasing portion of Earth's land surface has been appropriated for human enterprise. In the future, global biodiversity will be affected by both climate change and land-use change, the latter of which is currently the primary driver of species extinctions. How societies address climate change will critically affect biodiversity because climate-change mitigation policies will reduce direct climate-change impacts; however, these policies will influence land-use decisions, which could have negative impacts on habitat for a substantial number of species. We assessed the potential impact future climate policy could have on the loss of habitable area in biodiversity hotspots due to associated land-use changes. We estimated past extinctions from historical land-use changes (1500-2005) based on the global gridded land-use data used for the Intergovernmental Panel on Climate Change Fifth Assessment Report and habitat extent and species data for each hotspot. We then estimated potential extinctions due to future land-use changes under alternative climate-change scenarios (2005-2100). Future land-use changes are projected to reduce natural vegetative cover by 26-58% in the hotspots. As a consequence, the number of additional species extinctions, relative to those already incurred between 1500 and 2005, due to land-use change by 2100 across all hotspots ranged from about 220 to 21000 (0.2% to 16%), depending on the climate-change mitigation scenario and biological factors such as the slope of the species-area relationship and the contribution of wood harvest to extinctions. These estimates of potential future extinctions were driven by land-use change only and likely would have been higher if the direct effects of climate change had been considered. Future extinctions could potentially be reduced by incorporating habitat preservation into scenario development to reduce projected future land-use changes in hotspots or by lessening the impact of future land-use activities on biodiversity within hotspots.","https://doi.org/10.1111/cobi.12549",,,,
"17b28058","Human actions have already driven at least 680 vertebrate species to extinction since 1500, including the Pinta Giant Tortoise in the Galapagos in 2012, even though successful conservation efforts have saved from extinction at least 26 bird species and 6 ungulate species, including the Arabian Oryx and Przewalski's Horse.","Matching biodiversity indicators to policy needs","At the global scale, biodiversity indicators are typically used to monitor general trends, but are rarely implemented with specific purpose or linked directly to decision making. Some indicators are better suited to predicting future change, others are more appropriate for evaluating past actions, but this is seldom made explicit. We developed a conceptual model for assigning biodiversity indicators to appropriate functions based on a common approach used in economics. Using the model, indicators can be classified as leading (indicators that change before the subject of interest, informing preventative actions), coincident (indicators that measure the subject of interest), or lagging (indicators that change after the subject of interest has changed and thus can be used to evaluate past actions). We classified indicators based on ecological theory on biodiversity response times and management objectives in 2 case studies: global species extinction and marine ecosystem collapse. For global species extinctions, indicators of abundance (e.g., the Living Planet Index or biodiversity intactness index) were most likely to respond first, as leading indicators that inform preventative action, while extinction indicators were expected to respond slowly, acting as lagging indicators flagging the need for evaluation. For marine ecosystem collapse, indicators of direct responses to fishing were expected to be leading, while those measuring ecosystem collapse could be lagging. Classification defines an active role for indicators within the policy cycle, creates an explicit link to preventative decision-making, and supports preventative action.","https://doi.org/10.1111/cobi.13575",,,,
"0228f958","Although such market-based policy instruments as payments for ecosystem services, voluntary certification and biodiversity offsetting have increased in use, their effectiveness is mixed, and they are often contested; thus, they should be carefully designed and applied to avoid perverse effects in context","Carbon, community and governance: is Nepal getting ready for REDD+?","Using a multilevel governance lens, this paper analyzes ongoing reducing emissions from deforestation and forest degradation (REDD+) readiness initiatives in Nepal. We present the evidence of what is happening around these preparatory activities in relation to handling forest tenure issues, stakeholder engagement, developing monitoring and verification mechanisms, and creating benefit-sharing mechanisms. Our aim is to assess whether Nepal is on its way to being ready for full-fledged REDD+ implementation in the next few years. The paper concludes that, while the REDD+ readiness process mobilizes diverse and opposing stakeholders through interactive forums, it pays little attention to basic governance issues such as defining carbon rights and who is authorized to make what decisions about REDD+ rules and practices. Moreover, despite some well-intentioned participatory pilot experiences, fundamental aspects of participation, equity, and fairness remain unaddressed.","https://doi.org/10.1080/14728028.2013.856166",,,,
"d631e8dc","Local declines of insect populations such as wild bees and butterflies have often been reported, and insect abundance has declined very rapidly in some places even without large-scale land-use change, but the global extent of such declines is not known","Ancienneté et maturité : deux qualités complémentaires d’un écosystème forestier","Ancientness and maturity are two major qualities of forest ecosystems. They are components of naturalness and are affected by human impact. These qualities and the associated terms are often mixed up and incorrectly used. We have carried out a synthesis in order to propose an adapted French terminology based on international literature. The topics of ancientness and maturity for biodiversity and soil characteristics are explained. This review leads us to submit different potential thresholds for ancientness and maturity. An analysis on ancientness and maturity on forest data for France leads to the conclusion that about 29% of all forests can be considered ""ancient woodland"", and less than 3% of the even-age forest is older than the harvesting age.","https://doi.org/10.1016/j.crvi.2014.10.004",,,,
"a8692a18","Many of nature's contributions to people are essential for human health and their decline thus threatens a good quality of life.","Nature Contact and Human Health: A Research Agenda","Background: At a time of increasing disconnectedness from nature, scientific interest in the potential health benefits of nature contact has grown. Research in recent decades has yielded substantial evidence, but large gaps remain in our understanding. Objectives: We propose a research agenda on nature contact and health, identifying principal domains of research and key questions that, if answered, would provide the basis for evidence-based public health interventions. Discussion: We identify research questions in seven domains: a) mechanistic biomedical studies; b) exposure science; c) epidemiology of health benefits; d) diversity and equity considerations; e) technological nature; f) economic and policy studies; and g) implementation science. Conclusions: Nature contact may offer a range of human health benefits. Although much evidence is already available, much remains unknown. A robust research effort, guided by a focus on key unanswered questions, has the potential to yield high-impact, consequential public health insights. https://doi.org/10.1289/EHP1663","https://doi.org/10.1289/ehp1663",,,,
"f412bfb6","A similar picture also emerges from an entirely separate line of evidence. Habitat loss and deterioration, largely caused by human actions, have reduced global terrestrial habitat integrity by 30 per cent relative to an unimpacted baseline; combining that with the longstanding relationship between habitat area and species numbers suggests that around 9 per cent of the world's estimated 5.9 million terrestrial species – more than 500,000 species – have insufficient habitat for long-term survival, and are committed to extinction, many within decades, unless their habitats are restored","Trends and indicators for quantifying moth abundance and occupancy in Scotland","Moths form an important part of Scotland’s biodiversity and an up-to-date assessment of their status is needed given their value as a diverse and species-rich taxon, with various ecosystem roles, and the known decline of moths within Britain. We use long-term citizen-science data to produce species-level trends and multi-species indicators for moths in Scotland, to assess population (abundance) and distribution (occupancy) changes. Abundance trends for moths in Scotland are produced using Rothamsted Insect Survey count data, and, for the first time, occupancy models are used to estimate occupancy trends for moths in Scotland, using opportunistic records from the National Moth Recording Scheme. Species-level trends are combined to produce abundance and occupancy indicators. The associated uncertainty is estimated using a parametric bootstrap approach, and comparisons are made with alternative published approaches. Overall moth abundance (based on 176 species) in Scotland decreased by 20% for 1975–2014 and by 46% for 1990–2014. The occupancy indicator (based on 230 species) showed a 16% increase for 1990–2014. Alternative methods produced similar indicators and conclusions, suggesting robustness of the results, although rare species may be under-represented in our analyses. Species abundance and occupancy trends were not clearly correlated; in particular species with negative population trends showed varied occupancy responses. Further research into the drivers of moth population changes is required, but increasing occupancy is likely to be driven by a warming summer climate facilitating range expansion, whereas population declines may be driven by reductions in habitat quality, changes in land management practices and warmer, wetter winters.","https://doi.org/10.1007/s10841-019-00135-z",,,,
"87582a55","Coastal habitats, including estuaries and deltas critical for marine biota and regional economies, have been severely affected by sea-use changes (coastal development, offshore aquaculture, mariculture and bottom trawling) and land-use changes (onshore land clearance and urban sprawl along coastlines, plus pollution of rivers). Pollution from land sources is already a major driver of negative environmental change. Ocean mining, while relatively small, has expanded since 1981 to ~ 6,500 offshore oil and gas installations worldwide in 53 countries (60 per cent in the Gulf of Mexico by 2003) and likely will expand into the Arctic and Antarctic regions as the ice melts.","An In Situ Experiment to Evaluate the Aging and Degradation Phenomena Induced by Marine Environment Conditions on Commercial Plastic Granules","In this paper, we present two novel experimental setups specifically designed to perform in situ long-term monitoring of the aging behaviour of commercial plastic granules (HDPE, PP, PLA and PBAT). The results of the first six months of a three year monitoring campaign are presented. The two experimental setups consist of: (i) special cages positioned close to the sea floor at a depth of about 10 m, and (ii) a box containing sand exposed to atmospheric agents to simulate the surface of a beach. Starting from March 2020, plastic granules were put into the cages and plunged in seawater and in a sandboxe. Chemical spectroscopic and thermal analyses (GPC, SEM, FTIR-ATR, DSC, TGA) were performed on the granules before and after exposure to natural elements for six months, in order to identify the physical-chemical modifications occurring in marine environmental conditions (both in seawater and in sandy coastal conditions). Changes in colour, surface morphology, chemical composition, thermal properties, molecular weight and polydispersity, showed the different influences of the environmental conditions. Photooxidative reaction pathways were prevalent in the sandbox. Abrasive phenomena acted specially in the sea environment. PLA and PBAT did not show significant degradation after six months, making the possible reduction of marine pollution due to this process negligible.","https://doi.org/10.3390/polym14061111",,,,
"a911bcde","Human actions have already driven at least 680 vertebrate species to extinction since 1500, including the Pinta Giant Tortoise in the Galapagos in 2012, even though successful conservation efforts have saved from extinction at least 26 bird species and 6 ungulate species, including the Arabian Oryx and Przewalski's Horse.","Recovery status of coastal vegetation in Mozambique: Insights from floristic composition and soil organic carbon analysis","The growing demand for land for shifting cultivation, driven by human population growth, has led to the creation of scattered cultivated fields and a mosaic of fallow areas in various stages of regeneration. While tropical forests have demonstrated the ability to rebound regarding tree species diversity and forest structure following disturbances, the extent of recovery in coastal vegetation in southern Africa remains uncertain and poorly understood. To address this knowledge gap, our study collected biophysical data from smallholder fields, fallow land, and forests to evaluate the structure and functioning of coastal vegetation in Gaza province, southern Mozambique. We established 90 sample plots of 0.1 hectares each at different stages of plant succession using opportunistic sampling approach. Within these plots, we recorded the diameter at breast height, total height, and species name of all trees and shrubs. Litter and soil samples were collected in 1 m² quadrats embedded within the main plot. Our findings indicate a high capacity for regeneration following the disturbance caused by shifting cultivation. Species composition varied significantly across different stages of succession, with 52 species identified in forests (FL), 34 in old fallow (OF), 29 in middle fallow (MF), 28 in initial fallow (IF), and 15 in cropland (CL). Richness and diversity increased over time after the practice of shifting cultivation, with a noticeable enhancement from the initial fallow stage. We observed a gradual recovery of soil carbon stocks in young fallow areas, while litter biomass decreased throughout the recovery phase of the fallow lands. Our study highlights that areas abandoned after agriculture can regenerate in terms of structure, floristic composition, and tree carbon content.","https://doi.org/10.1016/j.gecco.2024.e02952",,,,
"41fb702a","Coastal habitats, including estuaries and deltas critical for marine biota and regional economies, have been severely affected by sea-use changes (coastal development, offshore aquaculture, mariculture and bottom trawling) and land-use changes (onshore land clearance and urban sprawl along coastlines, plus pollution of rivers). Pollution from land sources is already a major driver of negative environmental change. Ocean mining, while relatively small, has expanded since 1981 to ~ 6,500 offshore oil and gas installations worldwide in 53 countries (60 per cent in the Gulf of Mexico by 2003) and likely will expand into the Arctic and Antarctic regions as the ice melts.","Domestic Plastic Consumption Patterns: A Data-Informed Sociological Analysis of Education and Behaviour Among Homemakers","In the contemporary landscape characterized by escalating plastic usage, this study embarked on an in-depth exploration of the relationship between demographic characteristics and behaviors regarding domestic plastic consumption, focusing on homemakers. Homemakers are integral to the dynamics of single-use plastic proliferation within households, impacting both environmental and health spheres. The research utilized a quantitative methodological approach, administering a structured survey to a sample size of 188 randomly selected households in Sector 1, Mohallah Chaudhrian Bhara Kahu. Key areas of household consumption, such as the kitchen, bedroom, and bathroom, were investigated to ascertain prevalent types of plastic products. Findings revealed a significant presence of plastic bottles and bags in 60% of households, with plastic baskets and bins employed by 53% and 61% of homemakers in bedrooms and kitchens respectively. A notable 55% of respondents reported using plastic toiletries and cleaners in their bathrooms. Additionally, the study discovered a positive correlation between family income levels and plastic usage, alongside a discernible connection between educational attainment and awareness of plastic consumption. This research not only casts light on the pervasive role of plastic in everyday domestic life but uncovers nuanced behavioral patterns and socio-economic variables shaping these practices. It ultimately calls for an urgent, informed shift towards sustainable practices among homemakers, emphasizing recycling, reusing, and preventive measures to mitigate the transmission of diseases through plastic products and reduce plastic waste generation, contributing to a more responsible and conscious living paradigm.","https://doi.org/10.62019/abbdm.v3i1.47",,,,
"8931787d","Although such market-based policy instruments as payments for ecosystem services, voluntary certification and biodiversity offsetting have increased in use, their effectiveness is mixed, and they are often contested; thus, they should be carefully designed and applied to avoid perverse effects in context","From Carbon Projects to Better Land-Use Planning: Three Latin American Initiatives","I start with a discussion of the limits of the United Nations' Reducing Emissions from Deforestation and Forest Degradation and cobenefits (REDD+) program and the need to embed forest carbon within integrated ecosystem services on a landscape scale.By comparing a REDD+ project with two non-REDD+ projects, I show that there are diverse ways of applying the Earth system governance lens to address the continuing deterioration of goods and services provided by ecological systems.I then compare the valuation of ecosystem services and the governance of their provision in the three projects under review: Bolsa Floresta in the state of Amazonas, Brazil; Araçuaí Sustentável in the state of Minas Gerais, Brazil; and the Yasuní-Ishpingo Tambococha Tiputini Initiative in Ecuador.I show how each project has given birth to innovative mixed policies based on citizen mobilization.These dynamic hybrid policies are uniquely fitted to the particular ecological, historical, sociocultural, and political contexts in which they took root, contexts they help to transform.I conclude that result-based payment systems such as those envisaged for REDD+ have the potential to increase the production of additional carbon absorption capacity.However, they are not always appropriate or cost effective, nor do they substitute for command-and-control instruments, or for popular mobilization.","https://doi.org/10.5751/es-05563-180317",,,,
"546b0f5a","A similar picture also emerges from an entirely separate line of evidence. Habitat loss and deterioration, largely caused by human actions, have reduced global terrestrial habitat integrity by 30 per cent relative to an unimpacted baseline; combining that with the longstanding relationship between habitat area and species numbers suggests that around 9 per cent of the world's estimated 5.9 million terrestrial species – more than 500,000 species – have insufficient habitat for long-term survival, and are committed to extinction, many within decades, unless their habitats are restored","Exploring the effects of fishing pressure and upwelling intensity over subtidal kelp forest communities in Central Chile","Abstract Understanding the processes that drive kelp forest communities is critical for management and conservation of these productive ecosystems. As a way to advance in this direction, we explored the effects of fishing pressure and upwelling intensity over kelp forest communities along the central coast of Chile. We sampled kelp communities in different upwelling conditions associated with contrasting management regimes, namely Territorial User Rights for Fisheries (TURFs) and open‐access (OA) areas. In TURF areas, we found a 2.6‐fold increase in reef fish biomass, higher diversity of all fish trophic groups, mainly dominated by benthic carnivore feeders, and a 1.8‐fold reduction in the number of kelp grazers. On the other hand, upwelling regimes evidence a 1.6‐fold increase in abundance and recruitment of the dominant kelp (Lessonia trabeculata), and also an increase in biomass of planktivorous reef fishes. We found that grazers were capable of reducing kelp condition (measured as canopy foliage index) in OA areas outside the influence of upwelling. Enclosure experiments in the field revealed the effect of grazers on kelps, reducing kelp growth (i.e., blade elongation) and increasing blade tissue loss. Results provide evidence that TURF areas could be important ancillary conservation instruments in kelp forest ecosystems, if key processes of the subtidal community assemblages (e.g., interactions between grazers and reef fish) are maintained. We conclude that human impact interplays with the influence of upwelling in structuring kelp communities.","https://doi.org/10.1002/ecs2.1808",,,,
"245fc583","The proportion of species currently threatened with extinction according to the International Union for the Conservation of Nature's Red List criteria averages around 25 per cent across the many terrestrial, freshwater and marine vertebrate, invertebrate and plant groups that have been studied in sufficient detail to support a robust overall estimate","Biodiversity Consequences of Replacing Animal Protein From Capture Fisheries With Animal Protein From Agriculture","Replacing animal protein sourced from marine capture fisheries with animal protein from agriculture will likely increase the threats to biodiversity given current human diets. Approximately half the Earth’s arable land surface has been converted from natural habitats to food production which has been identified as a key driver of biodiversity loss in terrestrial ecosystems, as have fisheries in aquatic environments. Reductions in seafood production arising from major reductions in access to fishery resources and consumption would affect the demand for agricultural land. Replacing all animal protein from marine fisheries could require almost an additional 5 million km2 of land – larger than the extent of intact rain forest in Brazil – if replaced by the current proportional combination of livestock and poultry. Replacing all fish in aquaculture diets would result in the need for over 47,000 square kilometers of new land converted to agricultural production. Concomitantly, data show that terrestrial and freshwater species are more likely to be threatened with extinction than marine species and that agriculture is the dominant cause of these extinctions. This paper suggests that extinction risks per million tonnes of animal protein produced are 2.6 times higher for agriculture than marine capture fisheries. Agriculture is the main driver of extinctions because it is predicated on the conversion of complex, natural ecosystem structures to simple, human-dominated systems, whereas well-managed fisheries seek to work within natural ecosystem structure and function. Available evidence suggests that relying even more on land-based animal foods by replacing marine with terrestrial protein sources may cause more biodiversity loss, not less. Policy makers need to consider the implications of restricting the use of fishery resources on planetary biodiversity beyond measures aimed at attaining sustainable use.","https://doi.org/10.1080/23308249.2025.2585414",,,,
"db8ec597","Decision makers have a range of options and tools for improving the sustainability of economic and financial systems.","Forest Concession Policies and Revenue Systems: Country Experience and Policy Changes for Sustainable Tropical Forestry","Forest concessions have been an important element of forestry, and forest management in many countries, including many developing countries. More often than not, the concessions experience of these countries has not been successful, and, improving their performance is not likely to be popular. Therefore, if sustainable management if tropical forests is to be achieved, and deforestation brought under control, it may be necessary to strengthen the on-the-ground performance of existing forest concessions, and to control the allocation of new concessions. The forest concessions discussed in this study involve both forest utilization contracts, and forest management services contracts. Part one of the study examines the forest concessions experience on public lands, with a focus on natural forests in developing countries in Africa, Asia, and Latin America. Experiences provide the basis for proposals to strengthen the allocation of forest concessions, and improve their forest, and environmental management. Economic, and procedural incentives for improved forest management performance are introduced, as are proposals to strengthen monitoring, supervision, and compliance with contract terms. Part two evaluates forest revenue systems, and presents proposals for revised forest fees, designed to reflect the values of both the timber, and the concessions. Additional concessions suggest ways to ease the collection of fees, and to structure forest fees to provide economic incentives for concession management, and performance.","https://doi.org/10.1596/0-8213-5170-2",,,,
"152b8360","Many of nature's contributions to people are essential for human health.","Green Perspectives for Public Health: A Narrative Review on the Physiological Effects of Experiencing Outdoor Nature","Natural environments offer a high potential for human well-being, restoration and stress recovery in terms of allostatic load. A growing body of literature is investigating psychological and physiological health benefits of contact with Nature. So far, a synthesis of physiological health outcomes of direct outdoor nature experiences and its potential for improving Public Health is missing. We were interested in summarizing the outcomes of studies that investigated physiological outcomes of experiencing Nature measuring at least one physiological parameter during the last two decades. Studies on effects of indoor or simulated Nature exposure via videos or photos, animal contact, and wood as building material were excluded from further analysis. As an online literature research delivered heterogeneous data inappropriate for quantitative synthesis approaches, we descriptively summarized and narratively synthesized studies. The procedure started with 1,187 titles. Research articles in English language published in international peer-reviewed journals that investigated the effects of natural outdoor environments on humans by were included. We identified 17 relevant articles reporting on effects of Nature by measuring 20 different physiological parameters. We assigned these parameters to one of the four body systems brain activity, cardiovascular system, endocrine system, and immune function. These studies reported mainly direct and positive effects, however, our analyses revealed heterogeneous outcomes regarding significance of results. Most of the studies were conducted in Japan, based on quite small samples, predominantly with male students as participants in a cross-sectional design. In general, our narrative review provided an ambiguous illustration of the effects outdoor nature exerted on physiological parameters. However, the majority of studies reported significant positive effects. A harmonizing effect of Nature, especially on physiological stress reactions, was found across all body systems. From a Public Health perspective, interdisciplinary work on utilizing benefits of Nature regarding health promotion, disease prevention, and nature-based therapy should be optimized in order to eventually diminish given methodological limitations from mono-disciplinary studies.","https://doi.org/10.3390/ijerph110505445",,,,
"ffed1469","In contrast, the benefits of avoiding and reducing deforestation and promoting restoration can be significant for biodiversity","Integrating biodiversity, ecosystem services and socio-economic data to identify priority areas and landowners for conservation actions at the national scale","Gaps in research exist for country-wide analyses to identify areas of particular importance for biodiversity and ecosystem services to help reach Aichi Target 11 in developing countries. Here we provide a spatial conservation prioritization approach that ranks landowners for maximizing the representation of biodiversity features and ecosystem services, while exploring the trade-offs with agricultural and commercial forestry production and land cost, using Uruguay as a case study. Specifically, we explored four policy scenarios, ranging from a business as usual scenario where only biodiversity and ecosystem services were included in the analysis to a potentially unsustainable scenario where expansion of alternative land uses and economic development would be given higher priority over biodiversity and ecosystem services. At the 17% land target proposed for conservation, the representation levels for biodiversity and ecosystem services were, on average, higher under the business as usual scenario. However, a small addition to the proposed target (from 17 to 20%) allowed to meet same representation levels for biodiversity and ecosystem services, while decreasing conflict with agricultural and commercial forestry production and opportunity costs to local landowners. Under the unsustainable scenario, a striking 41% addition to the conservation target (from 17 to 58%) was needed to meet same representation levels for threatened ecosystems and ecosystem services, which are crucial to sustain human well-being. Our results highlight that more realistic and potentially higher conservation targets, than politically set targets, can be achieved at the country level when sustainable development needs are also accounted for.","https://doi.org/10.1016/j.biocon.2016.11.037",,,,
"b0908ded","The proportion of species currently threatened with extinction according to the International Union for the Conservation of Nature's Red List criteria averages around 25 per cent across the many terrestrial, freshwater and marine vertebrate, invertebrate and plant groups that have been studied in sufficient detail to support a robust overall estimate","Fishes of the upper rio Paraná basin: diversity, biogeography and conservation","Abstract The upper rio Paraná basin drains the most developed and environmentally degraded region in South America: the Brazilian southeast. While it is one of the most well-known Neotropical fish assemblages, it is also one of the most threatened by anthropic activity. Urbanization, deforestation, dam construction, invasive species, and water pollution not only reduce the living area of species but also alter our perception of the basin and its biotic elements. Such changes are so profound and pervasive that raise uncertainties about the native or non-native status of several species. This paper aims to offer a detailed picture of the native diversity and historical biogeography of the fishes in the upper rio Paraná basin, which we hope will offer a solid foundation for future conservation policies. We update the list of native species, analyze geographical distributions, and identify biogeographical patterns, emphasizing areas requiring recognition as distinct biotas for conservation efforts. Over the past 15 years, more than 100 additional species have been described or recorded, expanding the total to 341 native species belonging to six orders and 30 families, making it the richest river basin in Brazil outside the Amazonian region. Unlike most neotropical basins where Characidae dominates, loricariids make up nearly one-fourth of the total fish diversity in the region. Species and clades concentrate in the central basin, while endemics are confined to peripheral areas due to the complex biogeographical history shared with neighboring basins. Eighteen distinct biogeographical regions are identified, discussing their composition, histories, and conservation implications. The upper rio Paraná basin has 10% of its fish fauna ranked as endangered and present 128 non-native species, including three hybrids. This places it as the major drainage with the largest number of endangered taxa in the neotropics and at the same time the one with the most numerous non-native elements. Existing protected areas are deemed ineffective in preserving diverse assemblages and fail to safeguard the majority of threatened and narrowly-endemic species.","https://doi.org/10.1590/1982-0224-2023-0066",,,,
"93a6571d","The threat of extinction is also accelerating: in the best-studied taxonomic groups, most of the total extinction risk to species is estimated to have arisen in the past 40 years","Status of Ichthyofauna under Conservations and Threats in the Historical Pahang River, Pahang, Malaysia","The aim of the present review is based on fish diversity status in the historical Pahang River, Pahang, Malaysia to represent the status of fish composition and its investigation with IUCN status for future monitoring and conservation purposes to the critical fish species. Secondary data were collected from published articles, reviews, field visits, GIS mapping, and books. A total of 259 fish species belonging 19 orders, 50 families, and 146 genera were recorded from the Pahang River waters. Fish from the order Cypriniformes belongings to the family Cyprinidae was documented the most dominant fish group as highest number of species (87 species) followed by the family Siluridae (18 species), Bagridae (16 species), Cobitidae (16 species), Osphronemidae (12 species) and Balitoridae (10 species). Available fishery resources need to be managed carefully as 9 commercial fish species (28.8%) are currently vulnerable and may be extinct in near future. Furthermore, the presence of 14 introduced fish species in the Pahang River waters also requires attention from the respective authorities due to the potential disruption to balance of aquatic systems and ecological circles. Changing land use issues in the Pahang River such as siltation, watershed destruction, rainforest degradation, conversion of wetlands to agricultural and industrial development, land reclamation, mining and logging, construction of barrages and flood mitigation channels. In addition, unstable climatic pattern such as seasonal vast flooding and irregular disturbance by human, illegal and destructive fishing, environmental imbalanced through poisons and pollutants would be significant challenges to the fish diversity management in the historical Pahang River. This study implies to biomonitoring in the Pahang River to ensure sustainable management to aquatic fauna for further studies and development. Thus, effective and necessary mitigation steps should be proposed to protect our valuable bioresources from the Pahang River.","https://doi.org/10.24018/ejaqua.2022.1.1.6",,,,
"f49013fc","However, management strategies typically assume that evolutionary changes occur only over much longer time periods and thus ignore rapid evolution. These policy considerations span many spheres in which management actions designed to slow or speed evolution can dramatically change outcomes, as the following examples indicate. Insects, weeds and pathogens evolve resistance to insecticides, herbicides and other control agents, yet management strategies such as refuges, crop rotation, and crop diversity can dramatically slow that undesirable evolution","The evolution of drug resistance and the curious orthodoxy of aggressive chemotherapy","The evolution of drug-resistant pathogens is a major challenge for 21st century medicine. Drug use practices vigorously advocated as resistance management tools by professional bodies, public health agencies, and medical schools represent some of humankind's largest attempts to manage evolution. It is our contention that these practices have poor theoretical and empirical justification for a broad spectrum of diseases. For instance, rapid elimination of pathogens can reduce the probability that de novo resistance mutations occur. This idea often motivates the medical orthodoxy that patients should complete drug courses even when they no longer feel sick. Yet ""radical pathogen cure"" maximizes the evolutionary advantage of any resistant pathogens that are present. It could promote the very evolution it is intended to retard. The guiding principle should be to impose no more selection than is absolutely necessary. We illustrate these arguments in the context of malaria; they likely apply to a wide range of infections as well as cancer and public health insecticides. Intuition is unreliable even in simple evolutionary contexts; in a social milieu where in-host competition can radically alter the fitness costs and benefits of resistance, expert opinion will be insufficient. An evidence-based approach to resistance management is required.","https://doi.org/10.1073/pnas.1100299108",,,,
"303c3085","Decision makers have a range of options and tools for improving the sustainability of economic and financial systems.","Redeeming REDD","It is now well accepted that deforestation is a key source of greenhouse gas emissions and of climate change, with forests representing major sinks for carbon. As a result, public and private initiatives for reducing emissions from deforestation and forest degradation (REDD) have been widely endorsed by policy-makers. A key issue is the feasibility of carbon trading or other incentives to encourage land-owners and indigenous people, particularly in developing tropical countries, to conserve forests, rather than to cut them down for agricultural or other development purposes. This book presents a major critique of the aims and policies of REDD as currently structured, particularly in terms of their social feasibility. It is shown how the claims to be able to reduce greenhouse gas emissions as well as enhance people's livelihoods and biodiversity conservation are unrealistic. There is a naive assumption that technical or economic fixes are sufficient for success. However, the social and governance aspects of REDD, and its enhanced version known as REDD+, are shown to be implausible. Instead to enhance REDD's prospects, the author provides a roadmap for developing a new social contract that puts people first.","https://doi.org/10.4324/9780203123652",,,,
"a6727e50","Zoonotic diseases are significant threats to human health, with vector-borne diseases accounting for approximately 17 per cent of all infectious diseases and causing an estimated 700,000 deaths globally per annum","Direct and sensitive detection of a microsporidian parasite of bumblebees using loop-mediated isothermal amplification (LAMP)","The reduction of bumblebee populations has been reported in the last decades, and the microsporidian parasite Nosema bombi is considered as one of the factors contributing to such reduction. Although the decline of bee populations affects both wild plants and human food supply, the effects of Nosema spp. infections are not known because it is difficult to obtain infective spores from wild bees due to their low prevalence. Microscopical observation of fecal samples or midgut homogenates and/or PCR are generally used for N. bombi detection. However, the germination rate of microsporidian spore declines if they are kept at 4 °C for a long time or frozen. It is therefore crucial to minimize the diagnosis and isolation time of infective spores from field-collected samples. Therefore, we performed a loop-mediated isothermal amplification (LAMP) assay for the direct detection of N. bombi in bumblebee midgut homogenates. Using this method, we could detect N. bombi from individuals from which it was visible under the microscope and directly from wild individuals.","https://doi.org/10.1038/s41598-020-57909-8",,,,
"914c5b5e","Local declines of insect populations such as wild bees and butterflies have often been reported, and insect abundance has declined very rapidly in some places even without large-scale land-use change, but the global extent of such declines is not known","Studies of insect temporal trends must account for the complex sampling histories inherent to many long-term monitoring efforts","In a recently published study, Crossley et al. (2020, Nature Ecology & Evolution, “No net insect abundance and diversity declines across US Long Term Ecological Research sites”) examine patterns of change in insect abundance and diversity across US Long-Term Ecological Research (LTER) sites, concluding “a lack of overall increase or decline”. This is notable if true, given mixed conclusions in the literature regarding the nature and ubiquity of insect declines across regions and insect taxonomic groups. The data analyzed, downloaded from and collected by US LTER sites, represent unique time series of arthropod abundances. These long-term datasets often provide critical insights, capturing both steady changes and responses to sudden unpredictable events. However, a number of the included datasets are not suitable for estimating long-term observational trends because they come from experiments or have methodological inconsistencies. Additionally, long-term ecological datasets are rarely uniform in sampling effort across their full duration as a result of the changing goals and abilities of a research site to collect data. We suggest that Crossley et al.’s results rely upon a key, but flawed, assumption, that sampling was collected “in a consistent way over time within each dataset”. We document problems with data use prior to statistical analyses from eight LTER sites due to datasets not being suitable for long-term trend estimation and not accounting for sampling variation, using the Konza Prairie (KNZ) grasshopper dataset (CGR022) as an example.","https://doi.org/10.32942/osf.io/v3sr2",,,,
"67145935","Many of nature's contributions to people are essential for human health.","Global patterns of kelp forest change over the past half-century","Significance Kelp forests support diverse and productive ecological communities throughout temperate and arctic regions worldwide, providing numerous ecosystem services to humans. Literature suggests that kelp forests are increasingly threatened by a variety of human impacts, including climate change, overfishing, and direct harvest. We provide the first globally comprehensive analysis of kelp forest change over the past 50 y, identifying a high degree of variation in the magnitude and direction of change across the geographic range of kelps. These results suggest region-specific responses to global change, with local drivers playing an important role in driving patterns of kelp abundance. Increased monitoring aimed at understanding regional kelp forest dynamics is likely to prove most effective for the adaptive management of these important ecosystems.","https://doi.org/10.1073/pnas.1606102113",,,,
"2d8bcb21","Coastal habitats, including estuaries and deltas critical for marine biota and regional economies, have been severely affected by sea-use changes (coastal development, offshore aquaculture, mariculture and bottom trawling) and land-use changes (onshore land clearance and urban sprawl along coastlines, plus pollution of rivers). Pollution from land sources is already a major driver of negative environmental change. Ocean mining, while relatively small, has expanded since 1981 to ~ 6,500 offshore oil and gas installations worldwide in 53 countries (60 per cent in the Gulf of Mexico by 2003) and likely will expand into the Arctic and Antarctic regions as the ice melts.","Işınlı İnci İstiridyesi Pinctada imbricata radiata’da Mikroplastik Varlığı","Mikroplastikler 1µm ile 5mm boyutlarındaki polimer parçaları olarak adlandırılır. Son yıllarda deniz ortamında yaygınlaşan etkili kirleticiler haline gelmiştir. Mikroplastik kirliliği deniz ekosistemindeki hemen her canlı türü içerisinde tespit edilmeye başlamıştır. Özellikle besinlerini filtrasyon yolu ile alan çift kabuklu canlılar bünyelerine mikroplastik almak zorunda kalmışlardır. Bu çalışma ile Çeşme Ildır Kıyılarından toplanan Işınlı inci istiridyesi Pinctada imbricata radiata’nın mide örnekleri içerisinde mikroplastik varlığının tespiti yapılmıştır. Organik materyallerin sindirimi için %10 KOH (Potasyum Hidroksit) solüsyonu kullanılmıştır. Mide örnekleri içerisinde tespit edilen 65 mikroplastik benzeri parçacık μ-FTIR ile analiz edilmiştir. Analiz sonucunda seçilen örneklerin mikroplastik olduğu tespit edilmiş ve tespit edilen türler içerisinde en yaygın görülen mikroplastik şekli fiber, polimer tipi Polietilen (PE) ve en yaygın görülen mikroplastik rengi ise mavi olmuştur.","https://doi.org/10.35229/jaes.1002179",,,,
"3672bc75","At the international level, options for reacting to the challenges generated by the displacement of the impacts of unsustainable consumption and production on nature include both rethinking established instruments and developing new instruments to account for long-distance impacts. Trade agreements and derivatives markets could be reformed to promote equity and prevent the deterioration of nature, although there are uncertainties associated with implementation","Emerging Powers, Leadership, and South–South Solidarity: The Battle Over Special and Differential Treatment at the WTO","Abstract Emerging powers, such as China and India, have used claims of developing world leadership and South–South solidarity to strengthen their bargaining position in WTO negotiations. Yet analysis of the growing battle over special and differential treatment (SDT) suggests that such claims are increasingly tenuous. The question of how emerging economic powers should be classified and treated under global trade rules has become an acute source of conflict in the trade regime. The emerging powers insist on access to SDT as an unconditional right of developing countries. But in a debate dominated by the emerging and established powers, the interests of most developing countries have been largely overlooked. Drawing on the cases of agriculture and fisheries – two areas of international trade of particular importance to the developing world – I show that extending SDT to the emerging powers is increasingly problematic for global development. In these areas, many emerging economies are now among the world's largest subsidizers, and the harmful effects of their policies are felt most keenly by other developing countries. Granting SDT to exempt emerging subsidizers from WTO disciplines would therefore undermine efforts to use global trade rules to promote global development, as well as to protect the environment.","https://doi.org/10.1111/1758-5899.13092",,,,
"132233d6","The proportion of species currently threatened with extinction according to the International Union for the Conservation of Nature's Red List criteria averages around 25 per cent across the many terrestrial, freshwater and marine vertebrate, invertebrate and plant groups that have been studied in sufficient detail to support a robust overall estimate","Global climate changes and the evolution of area suitability for marmosets of genus Callithrix","To evaluate the habitat loss due to climatic changes and their effect on Callithrix diversity in the next few decades, the present study reported the resilience of the Atlantic Rainforest primate genus Callithrix under the perspective of the forecasted climatic changes in South America and the quick-pace of the changing environmental policies in Brazil. The study used the present-day distribution of the Atlantic Rainforest marmosets of the genus Callithrix and several bioclimatic layers to model and project the habitat suitability for all Callithrix species for recent and for the next few decades. The presented results are far from being optimistic. Almost all Callithrix species except for C. jacchus will experience about 30% to 70% reduction of potential habitats between 2040 and 2060. The observed climatic perspective, together with all related anthropogenic threats, and the new conservation policies in Brazil should pose a severe risk of extinction not only for the Atlantic Rainforest marmosets but also for several primate species under similar conditions.","https://doi.org/10.20935/acadbiol6100",,,,
"d805dae7","Many of nature's contributions to people are essential for human health.","Sustainable behaviors, prosocial behaviors, and religiosity in Colombia. A first empirical assessment","Religion is a powerful institution that models human behaviors at all levels. In a time of proven environmental crisis, it is useful to think about how this institution can improve conservation efforts and nature care through promoting sustainable and prosocial behaviors. Although some research argues that the effect of political ideology and economic status is by far a stronger predictor than religiosity per se, this varies across cultures. We develop a first research strategy, based on two sources: 1) The World Values Survey, between 1997 and 2018, to identify trends regarding the importance of religion in Colombians’ life. 2) Self-administered survey (a total of 450 surveys applied to Colombians, under snowball sampling in 2020) the sample size is adjusted to the data analysis technique, which was Structural Equation Modeling (SEM), to understand the potential relationship between religiosity, environmental perception, prosocial, and sustainable behaviors in a megadiverse country, and highly religious such as Colombia. The results of this first research, in the Colombian case, reiterate and provide empirical support to earlier theoretical studies that have pointed out the contribution of religiosity and spirituality to sustainability and prosocial behaviors. This case shows that acting sustainably is not just a matter of belief or unbelief, nor of being spiritual or atheist. Prosocial behaviors, in combination with environmental perception and knowledge, have a major influence on sustainable behaviors for the Colombian case.","https://doi.org/10.1016/j.envc.2021.100088",,,,
"c27cc520","A similar picture also emerges from an entirely separate line of evidence. Habitat loss and deterioration, largely caused by human actions, have reduced global terrestrial habitat integrity by 30 per cent relative to an unimpacted baseline; combining that with the longstanding relationship between habitat area and species numbers suggests that around 9 per cent of the world's estimated 5.9 million terrestrial species – more than 500,000 species – have insufficient habitat for long-term survival, and are committed to extinction, many within decades, unless their habitats are restored","Time to rethink trophic levels in aquaculture policy","Abstract Aquaculture policy often promotes production of low‐trophic level species for sustainable industry growth. Yet, the application of the trophic level concept to aquaculture is complex, and its value for assessing sustainability is further complicated by continual reformulation of feeds. The majority of fed farmed fish and invertebrate species are produced using human‐made compound feeds that can differ markedly from the diet of the same species in the wild and continue to change in composition. Using data on aquaculture feeds, we show that technical advances have substantially decreased the mean effective trophic level of farmed species, such as salmon (mean TL = 3.48 to 2.42) and tilapia (2.32 to 2.06), from 1995 to 2015. As farmed species diverge in effective trophic level from their wild counterparts, they are coalescing at a similar effective trophic level due to standardisation of feeds. This pattern blurs the interpretation of trophic level in aquaculture because it can no longer be viewed as a trait of the farmed species, but rather is a dynamic feature of the production system. Guidance based on wild trophic position or historical resource use is therefore misleading. Effective aquaculture policy needs to avoid overly simplistic sustainability indicators such as trophic level. Instead, employing empirically derived metrics based on the specific farmed properties of species groups, management techniques and advances in feed formulation will be crucial for achieving truly sustainable options for farmed seafood.","https://doi.org/10.1111/raq.12535",,,,
"08e246d4","Population declines often give warning that a species' risk of extinction is increasing. The Living Planet Index, which synthesises trends in vertebrate populations, shows that species have declined rapidly since 1970, with reductions of 40 per cent for terrestrial species, 84 per cent for freshwater species and 35 per cent for marine species","Trait‐Associated Gaps in IUCN Assessment and Conservation Prioritization for Echolocating Mammals","Echolocating mammals comprise an evolutionarily and functionally distinct group of often cryptic species that navigate using ultrasound, of which many terrestrial representatives are nocturnal. We show that, compared to non-echolocators, these species are disproportionately represented in data-deficient or unevaluated IUCN categories, due to fewer population studies. This pattern is associated with ecological and socioeconomic correlates of detectability and research effort, including occurrence in less accessible habitats (e.g., caves and open ocean), smaller population sizes, restricted areas of occupancy, and lower national economic prosperity. We recommend that, given their evolutionary and functional distinctiveness, high taxonomic richness (particularly in bats), and important ecosystem functions, echolocators warrant greater IUCN assessment and elevated conservation priority, especially considering the ongoing threats that they face.","https://doi.org/10.1111/1749-4877.70122",,,,
"5287d945","A similar picture also emerges from an entirely separate line of evidence. Habitat loss and deterioration, largely caused by human actions, have reduced global terrestrial habitat integrity by 30 per cent relative to an unimpacted baseline; combining that with the longstanding relationship between habitat area and species numbers suggests that around 9 per cent of the world's estimated 5.9 million terrestrial species – more than 500,000 species – have insufficient habitat for long-term survival, and are committed to extinction, many within decades, unless their habitats are restored","Small artificial impoundments have big implications for hydrology and freshwater biodiversity","Headwater streams are critical for freshwater ecosystems. Global and continental studies consistently show major dams as dominant sources of hydrological stress threatening biodiversity in the world’s major rivers, but cumulative impacts from small artificial impoundments (SAIs) concentrated in headwater streams have rarely been acknowledged. Using the Murray Darling River basin (Australia) and the Arkansas River basin (US) as case studies, we examined the hydrological impacts of SAIs. The extent of their influence is considerable, altering hydrology in 280–380% more waterways as compared to major dams. Hydrological impacts are concentrated in smaller streams (catchment area <100 km2), raising concerns that the often diverse and highly endemic biota found in these systems may be under threat. Adjusting existing biodiversity planning and management approaches to address the cumulative effects of many small and widely distributed artificial impoundments presents a rapidly emerging challenge for ecologically sustainable water management.","https://doi.org/10.1002/fee.2454",,,,
"301d19b3","A similar picture also emerges from an entirely separate line of evidence. Habitat loss and deterioration, largely caused by human actions, have reduced global terrestrial habitat integrity by 30 per cent relative to an unimpacted baseline; combining that with the longstanding relationship between habitat area and species numbers suggests that around 9 per cent of the world's estimated 5.9 million terrestrial species – more than 500,000 species – have insufficient habitat for long-term survival, and are committed to extinction, many within decades, unless their habitats are restored","KEBANGKITAN LADANG BERPINDAH DI NAGARI SILAYANG KECAMATAN MAPATTUNGGUL SELATAN KABUPATEN PASAMAN PROVINSI SUMATERA BARAT","Infrastructure development and ProRLK (deforested Land Rehabilitation Project) a Government of Indonesia collaboration prpject with The German Technical Coorperation Agency (GTZ) in 1992, has shifted the pattern of shifting cultivation to rubber farming in Nagari Silayang. Households engaged in shifting cultivation for food needs, stopped this entrenched practice, and focused on rubber plantations for food needs and financial means. But in recent years, the practice of shifting cultivation has been rife in Nagari Silayang. This phenomenon refutes the theory of agricultural transformastion in many previous studies, which concluded that shifting agricultural patterns lead to patterns that increasingly leave shifting cultivation. The purpose of this study, is to find the factors that cause farm households in Nagari Silayang to return to shifting cultivation, and find ways or strategies to stop forest clearing for swidden land. The research method used is descriptive qualitative and quantitative. Data collection uses observation, key informant interviews and household surveys. the results showed that the revival of shifting cultivation in Nagari Silayang was caused by the decline in global rubber prices, maintaining food security, and efforts to increase household income. This will have an impact on biodiversity damage and even natural disasters, because old forests are converted to agricultural land. This leads to negative impacts on biodiversity and can result in natural disasters, as old forests are converted to agricultural land.","https://doi.org/10.24843/soca.2020.v14.i01.p01",,,,
"34578ffa","Population declines often give warning that a species' risk of extinction is increasing. The Living Planet Index, which synthesises trends in vertebrate populations, shows that species have declined rapidly since 1970, with reductions of 40 per cent for terrestrial species, 84 per cent for freshwater species and 35 per cent for marine species","Artrópodos endémicos de Sierra Nevada (España): actualización de su estatus","In this paper we review the 169 species or subspecies of arthropods previously considered endemic to the Sierra Nevada and update their status. To do so, we have reviewed all the existing literature on each taxon, from the original article in which it is described to any other article where its taxonomy and distribution is updated. We have also looked for information on possible endemic species or subspecies that may have been overlooked in the initial list, or that may have been described later. We considered four categories: 1) endemic, in the strict sense, those known only from the Sierra Nevada massif, 2) subendemic, occurring in one or two massifs or areas in addition to Sierra Nevada, 3) non-endemic, species that were considered endemic but live in three or more massifs or others areas, in addition to Sierra Nevada, and 4) not present, those that were erroneously cited as endemic to this massif but whose distribution does not include, either in the past or at present, Sierra Nevada. As a result, we have reviewed the status of 198 species and subspecies, of which 147 are endemic in the strict sense, 35 subendemic, 13 non-endemic and 3 not present. We also highlight the presence of 6 genera that are monospecific and exclusive to Sierra Nevada. Also, as a consequence of the extensive bibliographical revision, some of the dates of description or the names of some taxa have been modified. Finally, we highlight some species described from Sierra Nevada but which have not been found since their description, especially the case of the tettigonid Sabaterpia paulinoi (Bolívar, 1877) which we consider as possibly extinct.","https://doi.org/10.70186/sbaeetlrl4606",,,,
"ebe4066d","On land, wild species that are endemic (narrowly distributed) have typically seen larger-than-average changes to their habitats and shown faster-than-average declines","Human impacts on the rates of recent, present, and future bird extinctions","Unqualified, the statement that approximately 1.3% of the approximately 10,000 presently known bird species have become extinct since A.D. 1500 yields an estimate of approximately 26 extinctions per million species per year (or 26 E/MSY). This is higher than the benchmark rate of approximately 1 E/MSY before human impacts, but is a serious underestimate. First, Polynesian expansion across the Pacific also exterminated many species well before European explorations. Second, three factors increase the rate: (i) The number of known extinctions before 1800 is increasing as taxonomists describe new species from skeletal remains. (ii) One should calculate extinction rates over the years since taxonomists described the species. Most bird species were described only after 1850. (iii) Some species are probably extinct; there is reluctance to declare them so prematurely. Thus corrected, recent extinction rates are approximately 100 E/MSY. In the last decades, the rate is <50 E/MSY, but would be 150 E/MSY were it not for conservation efforts. Increasing numbers of extinctions are on continents, whereas previously most were on islands. We predict a 21st century rate of approximately 1,000 E/MSY. Extinction threatens 12% of bird species; another 12% have small geographical ranges and live where human actions rapidly destroy their habitats. If present forest losses continue, extinction rates will reach 1,500 E/MSY by the century's end. Invasive species, expanding human technologies, and global change will harm additional species. Birds are poor models for predicting extinction rates for other taxa. Human actions threaten higher fractions of other well known taxa than they do birds. Moreover, people take special efforts to protect birds.","https://doi.org/10.1073/pnas.0604181103",,,,
"b815e7b0","Local declines of insect populations such as wild bees and butterflies have often been reported, and insect abundance has declined very rapidly in some places even without large-scale land-use change, but the global extent of such declines is not known","Mismatches in the occurrence of endangered butterflies and macro‐moths inside and outside nature reserves","Abstract Globally, nature reserves and protected areas (PAs) have been designed to conserve valuable ecosystems and wildlife against human‐induced threats. However, to which degree PAs save biodiversity is a matter of intense discussion, mainly based on vertebrate data; extensive assessments for invertebrates are largely lacking. We analysed whether butterfly and macro‐moth (Lepidoptera) diversities and abundances increased in PAs in comparison to the initial state and the surrounding landscape during the last decades. We used long‐term records (1900–2022) of Lepidoptera (butterflies and macro‐moths) in the federal state of Salzburg (northern Austria) and recent Austrian Red List endangerment assignments. Irrespective of elevation, records of rare and endangered species increased inside PAs by about 6%. However, only a few species were responsible for this increase in the number of records while the majority decreased within PAs. The total richness of rare and endangered species inside PAs was constantly lower than outside PAs, even after accounting for unequal sample sizes. Still, the majority of rare and endangered species occurs outside PAs while PAs increasingly harbour non‐threatened species. These results demonstrate a mismatch in the spatial distribution of threatened butterflies and macro‐moths and the localisation of PAs in northern Austria. This mismatch causes an insufficient protection of the insect diversity despite the fact that 20.4% of the study area is strictly protected. We call for a more diversity‐focused designation of PAs that also considers the positive contribution of heterogeneous landscapes.","https://doi.org/10.1111/icad.70032",,,,
"aaf4eb96","A similar picture also emerges from an entirely separate line of evidence. Habitat loss and deterioration, largely caused by human actions, have reduced global terrestrial habitat integrity by 30 per cent relative to an unimpacted baseline; combining that with the longstanding relationship between habitat area and species numbers suggests that around 9 per cent of the world's estimated 5.9 million terrestrial species – more than 500,000 species – have insufficient habitat for long-term survival, and are committed to extinction, many within decades, unless their habitats are restored","Climate change and habitat conversion favour the same species","Land-use change and climate change are driving a global biodiversity crisis. Yet, how species' responses to climate change are correlated with their responses to land-use change is poorly understood. Here, we assess the linkages between climate and land-use change on birds in Neotropical forest and agriculture. Across > 300 species, we show that affiliation with drier climates is associated with an ability to persist in and colonise agriculture. Further, species shift their habitat use along a precipitation gradient: species prefer forest in drier regions, but use agriculture more in wetter zones. Finally, forest-dependent species that avoid agriculture are most likely to experience decreases in habitable range size if current drying trends in the Neotropics continue as predicted. This linkage suggests a synergy between the primary drivers of biodiversity loss. Because they favour the same species, climate and land-use change will likely homogenise biodiversity more severely than otherwise anticipated.","https://doi.org/10.1111/ele.12645",,,,
"01f1878a","Population declines often give warning that a species' risk of extinction is increasing. The Living Planet Index, which synthesises trends in vertebrate populations, shows that species have declined rapidly since 1970, with reductions of 40 per cent for terrestrial species, 84 per cent for freshwater species and 35 per cent for marine species","Assessing countries’ social-ecological resilience to shifting marine commercial species","Climate change is already impacting fisheries with species moving across fishing areas, crossing institutional borders, and thus creating conflicts over fisheries management. In this scenario, scholars agree that adaptation to climate change requires that fisheries increase their social, institutional, and ecological resilience. The resilience or capacity of a fishery to be maintained without shifting to a different state (e.g., collapse) is at stake under climate change impacts and overexploitation. Despite this urgent need, applying the resilience concept in a spatially explicit and quantitative manner to inform policy remains unexplored. We take a resilience approach and operationalize the concept in industrial fisheries for two species that have been observed to significantly shift distribution in European waters: hake (Merluccius merluccius) and cod (Gadus morhua), in the context of the European Union institutional settings. With a set of resilience factors from the literature and by means of contemporary and historic data, we select indicators that are combined into an index that measures resilience on the ecologic, socioeconomic, and institutional dimensions of the fishery. We find that the resilience index varies among species and countries, with lower resilience levels in the socioeconomic dimension of the fisheries. We also see that resilience largely depends on the overexploitation status of the fishery. The results highlight the need to address social and institutional settings to enhance fisheries adaptation to climate change and allow to inform on climate resilient adaptation pathways for the fisheries.","https://doi.org/10.1038/s41598-021-02328-6",,,,
"2dadb4a8","Coastal habitats, including estuaries and deltas critical for marine biota and regional economies, have been severely affected by sea-use changes (coastal development, offshore aquaculture, mariculture and bottom trawling) and land-use changes (onshore land clearance and urban sprawl along coastlines, plus pollution of rivers). Pollution from land sources is already a major driver of negative environmental change. Ocean mining, while relatively small, has expanded since 1981 to ~ 6,500 offshore oil and gas installations worldwide in 53 countries (60 per cent in the Gulf of Mexico by 2003) and likely will expand into the Arctic and Antarctic regions as the ice melts.","Environmental implications of plastic debris in marine settings—entanglement, ingestion, smothering, hangers-on, hitch-hiking and alien invasions","Over the past five or six decades, contamination and pollution of the world's enclosed seas, coastal waters and the wider open oceans by plastics and other synthetic, non-biodegradable materials (generally known as 'marine debris') has been an ever-increasing phenomenon. The sources of these polluting materials are both land- and marine-based, their origins may be local or distant, and the environmental consequences are many and varied. The more widely recognized problems are typically associated with entanglement, ingestion, suffocation and general debilitation, and are often related to stranding events and public perception. Among the less frequently recognized and recorded problems are global hazards to shipping, fisheries and other maritime activities. Today, there are rapidly developing research interests in the biota attracted to freely floating (i.e. pelagic) marine debris, commonly known as 'hangers-on and hitch-hikers' as well as material sinking to the sea floor despite being buoyant. Dispersal of aggressive alien and invasive species by these mechanisms leads one to reflect on the possibilities that ensuing invasions could endanger sensitive, or at-risk coastal environments (both marine and terrestrial) far from their native habitats.","https://doi.org/10.1098/rstb.2008.0265",,,,
"05abad44","Nature provides a broad diversity of nutritious foods, medicines and clean water","Impacts of Marine Protected Areas on Fishing Communities","Marine protected areas (MPAs) are a popular conservation strategy, but their impacts on human welfare are poorly understood. To inform future research and policy decisions, we reviewed the scientific literature to assess MPA impacts on five indicators of human welfare: food security, resource rights, employment, community organization, and income. Following MPA establishment, food security generally remained stable or increased in older and smaller MPAs. The ability of most fishing groups to govern MPA resources changed. Increased resource rights were positively correlated with MPA zoning and compliance with MPA regulations. Small sample sizes precluded statistical tests of the impacts of MPAs on employment, community organization, and income. Our results demonstrate that MPAs shape the social well-being and political power of fishing communities; impacts (positive and negative) vary within and among social groups; and social impacts are correlated with some--but not all--commonly hypothesized explanatory factors. Accordingly, MPAs may represent a viable strategy for enhancing food security and empowering local communities, but current practices negatively affect at least a minority of fishers. To inform policy making, further research must better document and explain variation in the positive and negative social impacts of MPAs.","https://doi.org/10.1111/j.1523-1739.2010.01523.x",,,,
"d5329df4","Nature provides among other contributions.","Diversity of pollen sources used by managed honey bees in variegated landscapes","Honey bees are the most economically important crop pollinator worldwide. They depend on a diversity of pollen for reproduction and colony growth. However, the influence of landscape composition on diversity and quantity of pollen collection by honey bees remains largely unexplored, particularly in variegated landscapes. Pollen on honey bees was trapped from 41 hives across ten sites in the Western Cape, South Africa during summer. Sampled hives were near eucalyptus trees surrounded by a high percentage of natural vegetation. Hives could therefore potentially be presented with a diverse range of flowers. To obtain a measure of relative abundance and representation of plant taxa pollen samples were collected at hives, sorted by color, weighed and DNA barcoded. Landscape analysis was performed to estimate the relative availability of the main floral resource-types and how this influenced the composition of pollen collected. Overall, eucalyptus made up the largest portion (∼49%) of pollen loads, the remainder was composed of 31 other taxa (12% native and 39% alien plants). An increase in the area of eucalyptus resulted in an increased as well as the relative amount of eucalyptus and natural pollen collected. Conversely, an increase in the area of eucalyptus resulted in a decrease in alien plant pollen and vice versa. Our results provide important quantitative evidence that shows the amount and diversity of pollen used by honey bees in summer appears to be disproportionately met by human-modified landscapes; whereas, natural vegetation, despite its large extent and diversity, performs a lower-level role during this season.","https://doi.org/10.1080/00218839.2020.1750757",,,,
"d4de18b4","Nature provides a broad diversity of nutritious foods, medicines and clean water","Dietary species richness as a measure of food biodiversity and nutritional quality of diets","Significance Current research linking biodiversity and human diets has used metrics without justification from a nutritional point of view. Diet species richness, or a count of the number of different species consumed per day, assesses both nutritional adequacy and food biodiversity of diets for women and children in rural areas. The positive association of food species richness with dietary quality was observed in both the wet and the dry season. Food biodiversity contributes to diet quality in vulnerable populations in areas with high biodiversity. Reporting the number of species consumed during dietary assessment provides a unique opportunity to cut across two critical dimensions of sustainable development—human and environmental health—and complements existing indicators for healthy and sustainable diets.","https://doi.org/10.1073/pnas.1709194115",,,,
"600a20fa","Although such market-based policy instruments as payments for ecosystem services, voluntary certification and biodiversity offsetting have increased in use, their effectiveness is mixed, and they are often contested; thus, they should be carefully designed and applied to avoid perverse effects in context","FLORES, ACAPARAMIENTO DEL AGUA Y RESPONSABILIDAD EMPRESARIAL SOCIAL: CERTIFICACIÓN DE LA PRODUCCIÓN DE ROSAS Y RECLAMOS POR LA JUSTICIA AMBIENTAL EN EL ECUADOR","La producción comercial de flores, el acaparamiento del agua y las luchas sociales por un reparto equitativo y un ambiente sano tienen una estrecha relación. Ecuador es el tercer exportador mundial de rosas. Cayambe-Tabacundo es la principal zona de producción y presenta una fuerte presión sobre los recursos hídricos. El agua es acaparada por las grandes empresas florícolas, quedando el resto para agricultura/ganadería de subsistencia en comunidades indígenas. Las florícolas utilizan las certificaciones ambientales y de comercio justo privadas, pero los estándares son permisivos. Este artículo analiza las relaciones de poder detrás de las prácticas de certificación de flores. Concluye que solo tras la presión de agencias gubernamentales, ONGs y asociaciones de usuarios, las empresas florícolas comenzaron a cumplir los estándares.","https://doi.org/10.7203/cguv.101.13727",,,,
"c238cb4b","Population declines often give warning that a species' risk of extinction is increasing. The Living Planet Index, which synthesises trends in vertebrate populations, shows that species have declined rapidly since 1970, with reductions of 40 per cent for terrestrial species, 84 per cent for freshwater species and 35 per cent for marine species","Unexpected population fragmentation in an endangered seabird: the case of the Peruvian diving-petrel","In less than one century, the once-abundant Peruvian diving petrel has become the first endangered seabird of the Humboldt Current System (HCS). This small endemic petrel of the South American Pacific coast is now an important indicator of ongoing habitat loss and of the success of local conservation policies in the HCS - an ecoregion designated as a priority for the conservation of global biodiversity. Yet so far, poorly understood life history traits such as philopatry or dispersal ability may strongly influence the species' response to ecosystem changes, but also our capacity to assess and interpret this response. To address this question, we explore the range-wide population structure of the Peruvian diving petrel, and show that this small seabird exhibits extreme philopatric behavior at the island level. Mitochondrial DNA sequences and genome-wide SNP data reveal significant isolation and low migration at very short distances, and provide strong evidence for questioning the alleged recovery in the Peruvian and Chilean populations of this species. Importantly, the full demographic independence between colonies makes local population rescue through migration unlikely. As a consequence, the Peruvian diving petrel appears to be particularly vulnerable to ongoing anthropogenic pressure. By excluding immigration as a major factor of demographic recovery, our results highlight the unambiguously positive impact of local conservation measures on breeding populations; yet at the same time they also cast doubt on alleged range-wide positive population trends. Overall, the protection of independent breeding colonies, and not only of the species as a whole, remains a major element in the conservation strategy for endemic seabirds. Finally, we underline the importance of considering the philopatric behavior and demographic independence of breeding populations, even at very fine spatial scales, in spatial planning for marine coastal areas.","https://doi.org/10.1038/s41598-019-38682-9",,,,
"ac9a00f9","The proportion of species currently threatened with extinction according to the International Union for the Conservation of Nature's Red List criteria averages around 25 per cent across the many terrestrial, freshwater and marine vertebrate, invertebrate and plant groups that have been studied in sufficient detail to support a robust overall estimate","Seabird colonies as the main source of nutrients for the coastal ecosystems in the Atlantic Islands of Galicia National Park (NW Spain)","Seabirds form large colonies during the reproductive period, producing substantial changes in coastal ecosystems. The present study quantifies the amount of N and P deposited in colonies of yellow-legged gull (Larus michahellis) in the Atlantic Islands of Galicia National Park (AINP). Based on the composition of droppings, the amount of total N (TN), total P (TP) and bioavailable P (Pbio) deposited directly on the area occupied by the colony was determined. In addition, the amount of NH3 released into the atmosphere was also estimated by applying a bioenergetic model. The results indicated that 5.35 t total N, 3.35 t total P and 1.24 t bioavailable P are deposited in the colony annually. The archipelagos that received the greatest amount of nutrients were the Cíes Islands (2.37 t TN y−1, 1.48 t TP y−1, 0.55 t Pbio y−1), Sálvora (1.94 t TN y−1, 1.22 t TP y−1, 0.55 t Pbio y−1) and Ons (1.04 t TN y−1, 0.65 TP y−1, 0.24 t Pbio y−1). Rainwater from the colonies showed higher values of nutrients than in the control plot, possibly also due to gull influence. Therefore, the yellow-legged gull colony seems to be the most important source of nutrients at a local level, exerting a clear influence on the N and P cycles in this National Park. Another aspect worth taking into consideration is that increased N and P bioavailability may have a negative effect on the conservation of rare or threatened habitats and species by promoting the expansion of non-native ruderal species.","https://doi.org/10.1016/j.chemosphere.2021.130077",,,,
"472e6119","On land, wild species that are endemic (narrowly distributed) have typically seen larger-than-average changes to their habitats and shown faster-than-average declines","Synchronous long‐term trends in abundance and compositional variability of butterflies in Central Europe","Abstract Annual insect abundances are determined by short‐term population fluctuations and long‐term trends in community composition. Any assessment of this temporal variability needs long‐term quantitative data on abundances. Here we use museum data (1940–2017) of butterflies and burnet moths from southwestern Germany and central Austria comprising 220,758 records from 155 species, and 55,641 records from 170 species, respectively. We ask whether population fluctuations and long‐term population trends are spatially synchronized across larger spatial distances (>300 km) according to the Moran effect, and whether common trends in community composition and stability exist? Population fluctuations of 85.5% of species jointly occurring in both study regions were positively correlated (mean r = 0.30 ± 0.03). Comparing different time windows, we found different sets of species being in spatial synchrony reflecting temporal changes in butterfly community composition. Mesophilic, habitat generalist, and dispersive species were significantly more synchronized than xerothermophilic, habitat specialist, and sedentary species. Long‐distance travelers were particularly synchronized. In both study regions, species rank orders became less even with time. Stability in community composition increased with time with an ongoing trend to faunal homogenization, but not to species loss. Our study points to global and not to local drivers behind trends in butterfly population fluctuations and compositional stability, in the present case to altered land use and urbanization as major drivers toward synchrony and homogenization. Finally, our data have implications for conservation strategies as they strongly indicate that natural landscape structures are associated with higher faunal compositional variability in comparison to agricultural and urban landscapes.","https://doi.org/10.1002/ecs2.4615",,,,
"7d89068a","Although such market-based policy instruments as payments for ecosystem services, voluntary certification and biodiversity offsetting have increased in use, their effectiveness is mixed, and they are often contested; thus, they should be carefully designed and applied to avoid perverse effects in context","Taxation as a Regulatory Tool: Lessons from Environmental Taxes in Europe","Introduction Governments have always used taxation to regulate their citizens' behavior, from the Babylonian divorce tax of 2350 B.C. (Burg, 2004) to the latest child tax credits. The regulatory tax receiving the most attention from scholars, activists, and policymakers these days is a tax on pollution. Ever since A.C. Pigou argued that some market exchanges produce externalities that are not captured in the exchange itself, pollution has been the classic example of a market externality, and recently a carbon tax has been proposed as an alternative to the more popular cap-and-trade method of controlling pollution. Cap and trade, critics argue, causes excessive price volatility, cannot adjust for swings in the business cycle, and too easily captured by special interests. Taxation, on the other hand, is more flexible and less bureaucratic. Environmental taxes seem to be a benefit for all: They would reduce the negative outcome of bad pollution; they would generate revenue that could be used to reduce other taxes (a “double dividend”), or to offset the regressivity of the tax; and they would contribute to energy independence. Although at the national level American policymakers seem more interested in cap-and-trade, interest in green taxes is intense in many countries, and several American states have adopted them. But do green taxes work? Environmental taxes have been in place in several countries since the early 1990s, but the experience is mixed.","https://doi.org/10.1017/cbo9780511657504.012",,,,
"5ddf4107","Coastal habitats, including estuaries and deltas critical for marine biota and regional economies, have been severely affected by sea-use changes (coastal development, offshore aquaculture, mariculture and bottom trawling) and land-use changes (onshore land clearance and urban sprawl along coastlines, plus pollution of rivers). Pollution from land sources is already a major driver of negative environmental change. Ocean mining, while relatively small, has expanded since 1981 to ~ 6,500 offshore oil and gas installations worldwide in 53 countries (60 per cent in the Gulf of Mexico by 2003) and likely will expand into the Arctic and Antarctic regions as the ice melts.","Impact of Plastic Debris on the Gut Microbiota of Caretta caretta From Northwestern Adriatic Sea","Plastic pollution is nowadays a relevant threat for the ecological balance in marine ecosystems. Small plastic debris (PD) can enter food webs through various marine organisms, with possible consequences on their physiology and health. The loggerhead sea turtle (Caretta caretta), widespread across the whole Mediterranean Sea, is a “flagship species,” useful as indicator of the general pollution level of marine ecosystems. Ingested PD accumulate in the final section of turtles’ digestive tract before excretion. During their transit and accumulation, PD also interact with the residing microbial community, with possible feedback consequences on the host’s health. To explore the possible relationship between fecal microbial composition and PD ingestion, we collected fecal samples from 45 turtles rescued between 2017 and 2019 in the Northwestern Adriatic Sea (Italy), assessing occurrence and content of PD in the samples and in parallel the microbiome structure by 16S rRNA gene sequencing. According to our findings, almost all samples contained PD, mirroring the high level of plastic pollution in the area. We identified phylotypes associated to a high amount of PD, namelyCetobacterium someraeand other taxa, possibly responding to contamination by plastic-associated chemicals. Furthermore, putative marine pathogens were found associated to higher plastic contamination, supporting the hypothesis that PD can act as a carrier for environmental pathogenic bacteria into marine organisms. Besides confirming the role of the sea turtle as relevant flagship species for plastic pollution of the marine environment, our study paves the way to the exploration of the impact that PD ingestion can have on the microbial counterpart of large marine organisms, with potential feedback consequences on the animal and ecosystem health.","https://doi.org/10.3389/fmars.2021.637030",,,,
"24129f64","In contrast, the benefits of avoiding and reducing deforestation and promoting restoration can be significant for biodiversity","Balancing the environmental benefits of reforestation in agricultural regions","Reforestation is an important tool for reducing or reversing biodiversity loss and mitigating climate change. However, there are many potential compromises between the structural (biodiversity) and functional (carbon sequestration and water yield) effects of reforestation, which can be affected by decisions on spatial design and establishment of plantings. We review the environmental responses to reforestation and show that manipulating the configuration of plantings (location, size, species mix and tree density) increases a range of environmental benefits. More extensive tree plantings (>10 ha) provide more habitat, and greater improvements to carbon and water cycling. Planting a mixture of native trees and shrubs is best for biodiversity, while traditional plantation species, generally non-native species, sequester C faster. Tree density can be manipulated at planting or during early development to accelerate structural maturity and to manage water yields. A diversity of habitats will be created by planting in a variety of landscape positions and by emulating the patchy distribution of forest types, which characterized many regions prior to extensive landscape transformation. Areas with shallow aquifers can be planted to reduce water pollution or avoided to maintain water yields. Reforestation should be used to build forest networks that are surrounded by low-intensity land use and that provide links within regions and between biomes. While there are adequate models for C sequestration and changes in water yields after reforestation, the quantitative understanding of changes in habitat resources and species composition is more limited. Development of spatial and temporal modelling platforms based on empirical models of structural and functional outcomes of reforestation is essential for deciding how to reconfigure agricultural regions. To build such platforms, we must quantify: (a) the influence of previous land uses, establishment methods, species mixes and interactions with adjacent land uses on environmental (particularly biodiversity) outcomes of reforestation and (b) the ways in which responses measured at the level of individual plantings scale up to watersheds and regions. Models based on this information will help widespread reforestation for carbon sequestration to improve native biodiversity, nutrient cycling and water balance at regional scales.","https://doi.org/10.1016/j.ppees.2015.06.001",,,,
"399e1387","The threat of extinction is also accelerating: in the best-studied taxonomic groups, most of the total extinction risk to species is estimated to have arisen in the past 40 years","Upgrading low-quality feeds for tilapia by enzyme and probiotic supplementation","Currently, studies reporting carbohydrate, starch, and especially non-starch polysaccharides (NSP), digestibility in fish are scarce. Carbohydrate digestibility in the diet is largely dependent upon carbohydrate composition (starch vs. NSP). NSP are often considered to be indigestible and thus of no nutritional value. The present study reviews carbohydrates in fish feed, distinguishing between total carbohydrate, starch and NSP. Besides a qualitative approach, a meta-analysis was performed, compiling available data from digestibility studies on tilapia. Our meta-analysis confirms the negative effect of NSP on performance (FCR) and nutrient digestibility (crude protein, fat and energy). However, an average NSP digestibility of 24.3% was calculated in 95 cases. Out of these 95 cases, 88% of them showed a positive NSP digestibility. NSP digestibility showed to contribute to energy digestibility. The digestion of NSP in fish is associated with fermentation in the gut, producing beneficial volatile fatty acids which are rapidly absorbed by the colonic lumen. Therefore, in diet formulation, digestibility and thus energy originating from NSP should be taken into consideration because NSP contributes to the energy needs of fish, here tilapia. Besides being an energy source, specific types of NSP may have immune modulating and prebiotic effects and may be increasingly added to fish feed as modulators of fish health. We suggest that NSP is potentially (partly) digested by a wide range of fish species, especially by warm water species with a long gut adapted to feeding on plant matter, as these factors favour gut fermentation.","https://doi.org/10.18174/535342",,,,
"16c7f7aa","Although such market-based policy instruments as payments for ecosystem services, voluntary certification and biodiversity offsetting have increased in use, their effectiveness is mixed, and they are often contested; thus, they should be carefully designed and applied to avoid perverse effects in context","Preserving the World’s Tropical Forests—A Price on Carbon May Not Do","Climate policy will create both disincentives and incentives for tropical deforestation. Disincentives if the carbon emissions from forest clearing are priced, as is currently being discussed within the United Nations Framework Convention on Climate Change (UNFCCC); incentives as a price on carbon will increase the demand for carbon-neutral energy sources, including bioenergy, making deforestation for biomass cultivation increasingly profitable. The question is whether the increased cost for forest clearing, through the price on carbon emissions, will be enough to counter-balance the increased profitability of deforestation through the escalating value of agricultural land. In an attempt to answer this question we analyze the profitability of tropical deforestation and subsequent bioenergy production, taking oil palm plantations as an illustrative example. We estimate that deforesting for palm oil bioenergy production is likely to remain highly profitable, even in the face of a price on the carbon emissions from forest clearing. Current efforts to include carbon emissions from tropical deforestation in a future international climate regime, while a step in the right direction, may therefore not suffice as protection for the world's tropical forests. Additional, and stronger, protection measures for the world's tropical forests will still be needed.","https://doi.org/10.1021/es902629x",,,,
"7e0fb719","Community-based conservation institutions and local governance regimes have often been effective, at times even more effective than formally established protected areas, in preventing habitat loss.","Effectiveness of Community Forest Management at reducing deforestation in Madagascar","Community Forest Management (CFM) is a widespread conservation approach in the tropics. It is also promoted as a means by which payment for ecosystem services schemes can be implemented. However, evidence on its performance is weak. We investigated the effectiveness of CFM at reducing deforestation from 2000 to 2010 in Madagascar. To control for factors confounding impact estimates, we used statistical matching. We also contrasted the effects of CFM by whether commercial use of forest resources is allowed or not. We cannot detect an effect, on average, of CFM compared to no CFM, even when we restricted the sample to only where information suggests effective CFM implementation on the ground. Likewise, we cannot detect an effect of CFM where commercial use of natural resources is allowed. However, we can detect a reduction in deforestation in CFM that does not permit commercial uses, compared to no CFM or CFM allowing commercial uses. Our findings suggest that CFM and commercial use of forest resources are not guarantees of forest conservation and that differentiating among types of CFM is important.","https://doi.org/10.1016/j.biocon.2015.01.027",,,,
"790d929e","Although such market-based policy instruments as payments for ecosystem services, voluntary certification and biodiversity offsetting have increased in use, their effectiveness is mixed, and they are often contested; thus, they should be carefully designed and applied to avoid perverse effects in context","From Certification to Supply Chain Strategy","Created as a market-based instrument to deter tropical deforestation, the certification program of the Forest Stewardship Council (FSC) has experienced tremendous growth over the past two decades. We argue that using a comprehensive conceptual framework is needed to assess the successes and limitations of FSC certification. We introduce a supply chain strategy framework to address three questions: (a) What are the requisite supply chain conditions for certification programs to be successful? (b) How well does the tropical timber sector meet these conditions? (c) What actions could make FSC certification efforts more effective? We conclude that some conditions necessary for a successful supply chain strategy are not found in the tropical timber industry. As a result, FSC certification faces severe limitations as a governance tool for tropical forest conservation. We suggest that a collaborative approach to creating markets for certified timber will improve FSC certificate program effectiveness.","https://doi.org/10.1177/1086026613495683",,,,
"0f38b367","The proportion of species currently threatened with extinction according to the International Union for the Conservation of Nature's Red List criteria averages around 25 per cent across the many terrestrial, freshwater and marine vertebrate, invertebrate and plant groups that have been studied in sufficient detail to support a robust overall estimate","A Retrospective Evaluation of the Global Decline of Carnivores and Ungulates","Assessing temporal changes in species extinction risk is necessary for measuring conservation success or failure and for directing conservation resources toward species or regions that would benefit most. Yet, there is no long-term picture of genuine change that allows one to associate species extinction risk trends with drivers of change or conservation actions. Through a review of 40 years of IUCN-related literature sources on species conservation status (e.g., action plans, red-data books), we assigned retrospective red-list categories to the world's carnivores and ungulates (2 groups with relatively long generation times) to examine how their extinction risk has changed since the 1970s. We then aggregated species' categories to calculate a global trend in their extinction risk over time. A decline in the conservation status of carnivores and ungulates was underway 40 years ago and has since accelerated. One quarter of all species (n = 498) moved one or more categories closer to extinction globally, while almost half of the species moved closer to extinction in Southeast Asia. The conservation status of some species improved (toward less threatened categories), but for each species that improved in status 8 deteriorated. The status of large-bodied species, particularly those above 100 kg (including many iconic taxa), deteriorated significantly more than small-bodied species (below 10 kg). The trends we found are likely related to geopolitical events (such as the collapse of Soviet Union), international regulations (such as CITES), shifting cultural values, and natural resource exploitation (e.g., in Southeast Asia). Retrospective assessments of global species extinction risk reduce the risk of a shifting baseline syndrome, which can affect decisions on the desirable conservation status of species. Such assessments can help conservationists identify which conservation policies and strategies are or are not helping safeguard biodiversity and thus can improve future strategies.","https://doi.org/10.1111/cobi.12249",,,,
"83b2d059","Human actions have already driven at least 680 vertebrate species to extinction since 1500, including the Pinta Giant Tortoise in the Galapagos in 2012, even though successful conservation efforts have saved from extinction at least 26 bird species and 6 ungulate species, including the Arabian Oryx and Przewalski's Horse.","Biological annihilation via the ongoing sixth mass extinction signaled by vertebrate population losses and declines","The population extinction pulse we describe here shows, from a quantitative viewpoint, that Earth's sixth mass extinction is more severe than perceived when looking exclusively at species extinctions. Therefore, humanity needs to address anthropogenic population extirpation and decimation immediately. That conclusion is based on analyses of the numbers and degrees of range contraction (indicative of population shrinkage and/or population extinctions according to the International Union for Conservation of Nature) using a sample of 27,600 vertebrate species, and on a more detailed analysis documenting the population extinctions between 1900 and 2015 in 177 mammal species. We find that the rate of population loss in terrestrial vertebrates is extremely high-even in ""species of low concern."" In our sample, comprising nearly half of known vertebrate species, 32% (8,851/27,600) are decreasing; that is, they have decreased in population size and range. In the 177 mammals for which we have detailed data, all have lost 30% or more of their geographic ranges and more than 40% of the species have experienced severe population declines (>80% range shrinkage). Our data indicate that beyond global species extinctions Earth is experiencing a huge episode of population declines and extirpations, which will have negative cascading consequences on ecosystem functioning and services vital to sustaining civilization. We describe this as a ""biological annihilation"" to highlight the current magnitude of Earth's ongoing sixth major extinction event.","https://doi.org/10.1073/pnas.1704949114",,,,
"daba54c0","A similar picture also emerges from an entirely separate line of evidence. Habitat loss and deterioration, largely caused by human actions, have reduced global terrestrial habitat integrity by 30 per cent relative to an unimpacted baseline; combining that with the longstanding relationship between habitat area and species numbers suggests that around 9 per cent of the world's estimated 5.9 million terrestrial species – more than 500,000 species – have insufficient habitat for long-term survival, and are committed to extinction, many within decades, unless their habitats are restored","Translocation and hand-rearing of the short-tailed albatross Phoebastria albatrus: early indicators of success for species conservation and island restoration","Abstract Many endemic species, particularly those on remote islands, have been driven to extinction or near extinction by anthropogenic influences. The short-tailed albatross Phoebastria albatrus once numbered in the millions but was thought to be extinct by the mid 20th century. Albatrosses, of the family Diomedeidae, are among the most threatened birds globally as a result of commercial exploitation, introduced predators, and mortality in commercial fisheries. We applied an experimental approach over 5 years to evaluate the translocation and hand-rearing of albatross chicks by comparing growth, physiological health indices, post-fledging survival, and migration patterns with a control group of naturally reared chicks in the source population. Hand-reared chicks had comparable or superior health and similar rates of immediate post-fledging mortality (15%), with mortality strongly female-biased in both groups. Hand-reared birds had longer post-fledging drift periods before attaining sustained flight (also female-biased) but comparable, albeit somewhat wider ranging, migration patterns to naturally reared chicks during their first 6 months at sea. Recruitment to the translocation site of a breeding pair that included a hand-reared bird occurred within 5 years of the first translocation. Success will ultimately depend on continued recruitment and breeding over the coming decades, given delayed breeding in these long-lived species. The results to date, however, have exceeded initial expectations and can inform potential reintroductions of other long-lived, migratory avian species with strong natal philopatry, and reintroductions of native species to former breeding islands.","https://doi.org/10.1017/s0030605313000094",,,,
"6024796d","Zoonotic diseases are significant threats to human health, with vector-borne diseases accounting for approximately 17 per cent of all infectious diseases and causing an estimated 700,000 deaths globally per annum","Biodiversity Loss Affects Global Disease Ecology","Changes in the type and prevalence of human diseases have occurred during shifts in human social organization, for example, from hunting and gathering to agriculture and with urbanization during the Industrial Revolution. The recent emergence and reemergence of infectious diseases appears to be driven by globalization and ecological disruption. We propose that habitat destruction and biodiversity loss associated with biotic homogenization can increase the incidence and distribution of infectious diseases affecting humans. The clearest connection between biotic homogenization and infectious disease is the spread of nonindigenous vectors and pathogens. The loss of predators and hosts that dilute pathogen transmission can also increase the incidence of vectorborne illnesses. Other mechanisms include enhanced abiotic conditions for pathogens and vectors and higher host-pathogen encounter rates. Improved understanding of these causal mechanisms can inform decisionmaking on biodiversity conservation as an effective way to protect human health.","https://doi.org/10.1525/bio.2009.59.11.6",,,,
"595e8646","The deterioration of nature and consequent disruption of benefits to people has both direct and indirect implications for public health","Changes in per capita and aggregate apparent consumption of livestock-derived foods in Canada from 1960–2020","Abstract Food systems are a major driver of resource depletion and environmental degradation globally, with livestock-derived food production accounting for a disproportionate fraction of these impacts. At the same time, meat, eggs, and dairy products are important sources of protein, energy, and micronutrients in human diets. Higher rates of red and processed meat consumption has, however, also been linked to increased heath risks in high-income countries. Given the important role that livestock-derived foods play in both planetary and human health, it is important to understand patterns in their consumption and how these have changed over time. Here, we report and assess changes in Canadian apparent consumption of livestock-derived foods, as both mass of edible unprocessed products and total contained protein, between 1960 and 2020. We used Statistics Canada food availability data, as it is the closest available proxy for historical consumption data. The animal foods included are dairy, eggs, and chicken, turkey, pork, and beef meat, with results expressed in kilograms of boneless meat, shell-less eggs, and total milk solids per capita per year. Total national apparent livestock food consumption was also calculated, by multiplying annual per capita availability by national population, for each year included in this analysis. Results indicate that, over the last six decades, apparent per capita consumption of livestock-derived foods in Canada has remained surprisingly constant, peaking in the 1970s at 108 kg/person/year, and varying narrowly between 91–101 kg/person/year for the most recent 35 years. The composition of Canadians’ livestock-derived food intake, however, does appear to have changed markedly, with apparent consumption of beef declining since its zenith in the late 1970s, while the apparent consumption of chicken meat has grown rapidly. Substantial reductions in the consumption of livestock foods in Canada are required to stay within planetary boundaries.","https://doi.org/10.1088/2976-601x/ad7ff2",,,,
"5e1e5989","More than 40 per cent of amphibian species, almost a third of reef-forming corals, sharks and shark relatives and over a third of marine mammals are currently threatened","Climate change and the increase of human population will threaten conservation of Asian cobras","Asian cobras (genus Naja) are venomous snakes distributed from the Middle East to Southeast Asia. Because cobras often live near humans settlements, they are responsible for a large part of snakebite incidents and as such pose a challenge for public health systems. In the light of growing human populations, correctly mapping the present and future ranges of Asian cobras is therefore important for both biological conservation and public health management. Here, we mapped the potential climatic niches of ten Asian cobra species for both the present and the future, with the aim to quantify changes in climate and human population densities relative to their current and future ranges. Our analyses reveal that cobras that are adapted to dry climates and inhabit islands have narrow climatic niches, while those of mainland species with larger geographic ranges are much wider. We also found a higher degree of fragmentation of future cobra distributions; within the next 50 years, Asian cobras will lose an average of around 60% of their current suitable climatic range. In the near future, Naja mandalayensis, N. sputatrix, N. samarensis, and N. philippinensis are likely to have no accessible suitable climate space left. Besides, a further increase of human populations in this region may also exponentially accelerate the effects of anthropogenic impacts. Solutions for conservation may involve awareness and appropriate use of law to overcome the rate of habitat degradation and the increase of animal trade of Asian cobras, while promoting investment on health systems to avoid snakebite fatalities.","https://doi.org/10.1038/s41598-021-97553-4",,,,
"040037fc","Many of nature's contributions to people are essential for human health and their decline thus threatens a good quality of life.","The perils of flawed science in wildlife trade literature","Despite broad scientific consensus that sustainable use of wildlife can enhance conservation efforts, ethical concerns have led some community groups to oppose use of wild animals. Voicing those concerns is legitimate, but underlying philosophical bias should not influence science-based analysis and interpretation. We argue that philosophical biases are common in the scientific literature on trade in wildlife. The critically important case of bias surrounding the use of reptile leathers for luxury fashion illustrates the problem. Based on analysis of official seizures of fashion products made from wildlife, a recent study inferred that criminal activity (as inferred by noncompliance with regulations) was common and increasing and, hence, that authorities needed to adopt more stringent restrictions on the trade. In fact, the conclusions of that study are artifacts of pseudoreplication (e.g., multiple counts of single violations) and biased sampling (e.g., focus on companies with high rates of error) and run directly opposite to actual patterns in the data. As a proportion of overall trade, rates of noncompliance are exceptionally low (<0.4%), are declining, and result primarily from paper-work errors rather than criminal intent (e.g., such errors are more frequent for goods shipped by government authorities than by the commercial fashion industry). The recommendation by the study authors to prohibit the international trade in wildlife-based fashion products is imperiling a sustainable trade that can benefit biodiversity and people's livelihoods by providing financial incentives for conservation of species and habitats. This example offers a warning of the dangers of basing research on the wildlife trade on ethical or philosophical positions rather than objective evaluations of evidence.","https://doi.org/10.1111/cobi.13716",,,,
"e1e1bae2","The proportion of species currently threatened with extinction according to the International Union for the Conservation of Nature's Red List criteria averages around 25 per cent across the many terrestrial, freshwater and marine vertebrate, invertebrate and plant groups that have been studied in sufficient detail to support a robust overall estimate","Human impacts on the rates of recent, present, and future bird extinctions","Unqualified, the statement that approximately 1.3% of the approximately 10,000 presently known bird species have become extinct since A.D. 1500 yields an estimate of approximately 26 extinctions per million species per year (or 26 E/MSY). This is higher than the benchmark rate of approximately 1 E/MSY before human impacts, but is a serious underestimate. First, Polynesian expansion across the Pacific also exterminated many species well before European explorations. Second, three factors increase the rate: (i) The number of known extinctions before 1800 is increasing as taxonomists describe new species from skeletal remains. (ii) One should calculate extinction rates over the years since taxonomists described the species. Most bird species were described only after 1850. (iii) Some species are probably extinct; there is reluctance to declare them so prematurely. Thus corrected, recent extinction rates are approximately 100 E/MSY. In the last decades, the rate is <50 E/MSY, but would be 150 E/MSY were it not for conservation efforts. Increasing numbers of extinctions are on continents, whereas previously most were on islands. We predict a 21st century rate of approximately 1,000 E/MSY. Extinction threatens 12% of bird species; another 12% have small geographical ranges and live where human actions rapidly destroy their habitats. If present forest losses continue, extinction rates will reach 1,500 E/MSY by the century's end. Invasive species, expanding human technologies, and global change will harm additional species. Birds are poor models for predicting extinction rates for other taxa. Human actions threaten higher fractions of other well known taxa than they do birds. Moreover, people take special efforts to protect birds.","https://doi.org/10.1073/pnas.0604181103",,,,
"fecbe25e","In both cases, however, built infrastructure can be extremely expensive, incur high future costs and fail to provide synergistic benefits such as nursery habitats for edible fish or recreational opportunities","Sediment and Nutrient Tradeoffs in Restoring Mississippi River Delta: Restoration vs Eutrophication","Environmental problems (e.g., eutrophi-cation, unsustainable fisheries, wetland loss, climate change, etc.) are inherently complex, with increasingly dominant effects of human systems on natural system dynamics (Vitousek et al. 1997). The 21st century will be critical as we face the transition from the past era of technology to a new era, which has been referred to as the anthropocene, of adaptation in both natural and social systems. The vulnerability of environmental systems to human effects depends of the ability of the natural system to adapt to land use changes within highly engineered landscapes (Odum 1974). Riverine environments of all kinds have the additional complexity that they are linked over large scales by the river network, so that problems in downstream locations may be affected by decisions made thousands of kilometers upstream. Coastal landscapes, particularly deltaic systems, represent some of the most impacted and altered ecosystems worldwide and they integrate the effects of processes over their entire catchment, making them prime examples of environmental teleconnections that require systemic solutions to water resource problems. Hurricane Katrina, along with the river floods in the upper river basin, brought international attention to the major environmental changes in the nearly 1.3 million square mile watershed of the Mississippi River over the past century, including conversion of more than 80 percent of forested wetlands to agriculture and urban areas, channelization, and construction of dams and levees (Goolsby et al. 2000). The lower Mississippi deltaic plain has also been engineered by construction of a massive structure that maintains the relative flow of the Mississippi and Red Rivers down two specific channels, Mississippi and Atchafalaya Rivers, along with continuous levees that restrict sediment and freshwater supply to river flood plains (Kesel 1988). These changes have been especially damaging to the more than 12,000 square miles of coastal wetlands associated with the Mississippi River delta including 40 percent of the total coastal salt marsh in the conterminous U.S. (Baumann et al. 1984). These wetlands are disappearing at an average rate of 17 square miles per year or about 50 acres per day, and more than 1,000 square miles of freshwater wetlands in Louisiana have already been converted to other habitats (Gooselink 1998, Conner and Day 1988, Barras et al. 2003). Wetland loss rates over the next 20 years in coastal Louisiana, due to the combination of sea-level rise and disruption of coastal processes, will continue to convert land to open water, threatening the region's enormously valuable fisheries, aquaculture, and coastal agriculture, as well as navigation and other industries located near the coast (Barras et al. 2003, Day et al. 2007). As a result of the water management system, the Mississippi River delta is a threatened wetland landscape whose sustainability is critically at risk, particularly given scenarios of sea level rise and hurricane intensity and frequency projected for the Gulf Coast Region (Day et al. 1994, Twilley et al. 2001, Day et al. 2007). Extensive engineering of water management systems in the Mississippi River basin constrain how economic and ecological systems can adapt to proposed features of integrated protection and restoration planning objectives. Deltaic environments, such as wetlands of the Mississippi River floodplain, receive sediments during floods that were delivered historically in pulsed events (Day et al. 1994). In these river-dominated deltaic coasts, wetland soil formation is dependent on mineral inputs that also produce large amounts of organic matter from plant production contributing to increased surface elevation. River management systems, such as levees and flow diversions, have reduced river-pulsed events and the delivery of sediment to floodplain wetlands, decreasing the ability to form soil and increase elevation (Baumann 1984). Public works projects, largely constructed to reduce risks of communities and economic assets to river flooding, interfered with regional hydrology and coastal processes important to sustaining natural structure, function and extent of wetland ecosystems (Boesch et al. 1994). Consequently, the goal of reducing risks to society from events such as the 1927 flood and other events over the last 50 years have caused increased risks to ecosystems and natural resource capital in the Mississippi River deltaic plain. Hurricanes Katrina and Rita brought attention to the irony that these public works projects have also reduced the capacity of nature to protect human settlements. Extensive wetland ecosystems, particularly coastal forests, are a buffer against storm damage and a nursery area for fish and crustaceans. Louisiana ranks first among all states in the commercial harvest of menhaden, oysters, and crabs and is a major producer of shrimp. The delta region is also a working coast; approximately 17 percent of the nation's oil and 25 percent of its natural gas come from Gulf coast waters. The ports of New Orleans, South Louisiana, Baton Rouge, and Lake Charles together handle more than 20 percent of the nation's foreign waterborne commerce. Now a more integrated system of structural and non-structural approaches to protecting this built infrastructure and populated communities is challenged to consider the restoration of 'green' infrastructure that must parallel efforts to increase protection from hurricane flooding events. Delta restoration – system design toward a resilient, self-sustaining delta – is a generic environmental problem worldwide in which human and natural dynamics are strongly and inherently coupled. The urgent need for wetland restoration and rehabilitation at large spatial scales have been addressed through the diversion of riverine water from the Mississippi River (Day et al. 2003, Mitsch et al. 2005, Mitsch and Day 2006). This management strategy aims to deliver sediment-laden water to declining wetlands areas and promote wetland productivity (Delaune et al. 2008) using human water control structures in major basin areas undergoing wetland loss (e.g., Barataria Bay, Breton Sound) (Day et al. 2005, Lane et al. 2006, Keddy et al. 2007). The conflict to resolve ecosystem needs of river and coastal processes to sustain the delta with demand for structural features from levees and floodgates to protect people and infrastructure has always historically favored investments in resiliency of the social system at the expense of the natural system (Barry 1997). However, reductions in sediment loading to the deltaic region and restricted distribution of river flow across wetland landscapes constrain resources needed to have any chance of stabilizing some wetland footprint in this area (Reed 2009). The challenge to develop bold new ideas of river management to reintroduce sediment to the coast are further complicated by how the chemistry of the river has changed over the last four decades. The Louisiana coastal region is at the receiving end of a large input of nitrate from upstream agricultural activities (Coleman et al. 1998, Turner 2001, Rabalais et al. 2002a). Because of large nitrogen loading through the Mississippi River basin, there is increasing coastal eutrophication and the development of a large hypoxia zone (up to 21,000 km2) (Rabalais et al. 2002b, Scavia et al. 2004, Hyfield et al. 2008, Turner et al. 2008). As nitrogen is delivered to coastal waters, there is a risk of exacerbating eutrophic conditions through seasonal algae blooms, some of which are toxic, excess organic matter production, low oxygen concentrations in water and sediments, and long term nitrogen and phosphorous accumulation (Brown et al. 2006). As more freshwater diversion projects are planned along major waterways throughout the state of Louisiana, there is concern that this new constituent of nitrate will contribute to reduced water quality conditions of shallow bays and estuaries of the delta. Concerns about creating large human health risks as a result of toxic algal blooms induced by increasing nitrogen inputs, underscore the difficulty of implementing large-scale restoration plans in coastal regions (e.g., Sklar et al. 2005). Denitrification is a major pathway for the removal of inorganic nitrogen in lakes, rivers, and coastal estuaries. This reduction is biologically mediated through a series of intermediate gaseous products to N2 representing a direct loss of nitrate to the atmosphere (Seitzinger 1988, Burgin and Hamilton 2007). This conversion of nitrate to nitrogen gas is currently considered a critical ecological function for the removal of highly enriched N from anthropogenic sources (Galloway et al. 2004, Howarth and Marino 2006, Seitzinger et al. 2006). Since nitrate is generally the dominant form of excessive nitrogen entering coastal regions, it is potentially viable to ameliorate water quality problems through the reduction of nitrate via direct denitrification (Mitsch et al. 2001, Galloway et al. 2003, Mulholland et al. 2008). As nitrate-enriched water masses flow through the landscape, the presence of riparian, headwater streams, and coastal wetlands can efficiently remove reactive nitrogen. Comparative studies of wetland and riparian ecosystems along the Mississippi River basin suggest that those habitats can retain up to 70 percent of nitrate inflow (Mitsch et al. 2005). However, large-scale managed input of nutrient-enriched Mississippi waters into wetlands and open waters has been controversial since its implementation in coastal Louisiana (Turner 2001, Lane et al. 2003, Turner et al. 2006a, Day et al. 2007, Turner et al. 2007). Presently there is no clear consensus on whether restoring wetlands with sediment from the river will also enhance the capacity of nitrate removal, thus reducing risks of eutrophication. Delta restoration involves one or more carefully sited, partial river diversions (controlled avulsions, in a sense) that set in motion the natural processes that created the delta, but in a controlled manner that either builds new land area or nourishes existing wetlands preventing them from drowning. With increased nitrate concentrations over the last four decades, the reintroduction of river water into coastal areas may potentially contribute to harmful algal blooms and increased incidence of hypoxia. Social benefits will depend on how these increments of river input will alter existing physical, biological, and chemical characteristics to degrees of river flow (Laska et al. 2005). These natural science processes are coupled to human dynamics through tradeoffs such as displacing marine fisheries with freshwater species, or hard versus soft forms of coastal protection, or threats of hypoxia versus new wetland formation. In the end, these tradeoffs will determine the level of delta restoration (magnitude of river input) that will take place under various incremental scenarios of river management. In summary, the Mississippi River delta faces another round of human control through expanded public work projects following the catastrophic realities of hurricanes in 2005 and 2008. The challenge is even greater with complex interactions of land use change throughout the catchment to the coast that must be resolved to accommodate bold new river management plans in concert with structural protection. First, expansion of engineered landscapes to reduce risks to hurricane flooding may further reduce the opportunities provided by systems-level approaches to river management using diversion structures to replenish sediment to the deltaic plain. Second, agricultural practices of land use and fertilization in the Mississippi River basin further complicate the opportunities provided by changing river management, since nitrogen enrichment contributes to expanding eutrophication problems in the region. Thus, urgent solutions to post-Katrina issues in the Mississippi River involve providing increased protection to communities while expanding river processes to restore wetland landscapes, which will also require changing approaches to agricultural land use to reduce nitrogen load and risks of eutrophication. This juxtaposition of protection, wetland restoration, and eutrophication, all linked to bold new approaches to river basin management, has all been highlighted by the post-Katrina challenges for a sustainable coast. Managing all these competing tradeoffs to sustain the economic and natural resources of this region are representative of how we must consider new approaches to coastal catchments throughout the world. Water resource quantity and quality are largely determined by highly engineered landscapes of public work projects and agricultural land use interacting with a changing global hydrologic cycle. Thus water resource planning is arguably one of the most important features of national security, public health, economic development, and natural resource management in the next century. Ecosystem services derived from healthy natural resources will support our national wealth depending on how well we manage the finite water resources to satisfy our social needs. Robert R. Twilley is professor in the Department of Oceanography and Coastal Sciences at Louisiana State University. Most of Dr. Twilley's research has focused on coastal wetlands in the Gulf of Mexico, throughout Latin America, and in the Pacific Islands. Dr. Twilley received his PhD in 1982 in plant and systems ecology from the University of Florida, and performed his post-doc studies at University of Maryland on the Chesapeake Bay. Presently his current focus is coupling natural and social system science with engineering to forecast the rehabilitation of coastal landscapes as Associate Vice Chancellor in charge of the 'Coastal Sustainability Agenda' at LSU (http://www.research.lsu.edu/csa). He can be contacted at tel. (225) 578-8810, fax (225) 578-6423 or rtwilley@lsu.edu. Victor Rivera-Monroy is Assistant professor-Research in the Department of Oceanography and Coastal Sciences at Louisiana State University. Dr Rivera-Monroy received his PhD in 1995 in Marine Sciences from Louisiana State University and his current research focus on biogeochemistry of wetlands, landscape and ecosystem modeling, rehabilitation/restoration of mangrove dominated ecosystems, and coastal management issues particularly the impact of aquaculture on the water quality of estuarine and coastal ecosystems in tropical regions (http://www.sce.lsu.edu/faculty/rivera-monroy.htm). He can be reached at tel. (225) 578-2745, Fax (225) 578-6423 or vhrivera@lsu.edu.","https://doi.org/10.1111/j.1936-704x.2009.00035.x",,,,
"7194b420","Although such market-based policy instruments as payments for ecosystem services, voluntary certification and biodiversity offsetting have increased in use, their effectiveness is mixed, and they are often contested; thus, they should be carefully designed and applied to avoid perverse effects in context","What do forest audits say? The Indonesian mandatory forest certification Que disent les audits forestiers? La certification forestière obligatoire en Indonésie ¿Qué nos dicen las auditorías forestales? La certificación forestal obligatoria de Indonesia","SUMMARY Since its emergence largely as a nonstate, market-driven governance system, certification has grown into a complex field in which states also use it as a regulatory instrument. Our research aimed to analyse the impacts of certification initiatives implemented under government control as a mandatory requirement, which remains understudied to date. The Indonesian mandatory forest certification, Pengelolaan Hutan Produksi Lestari (PHPL), was used as a case study. We employed an adapted corrective action requests (CAR) approach based on audit reports. Seventy-eight concessions were audited until December 2015; most of them were eventually granted a PHPL certificate. They scored better on the production aspects than on the main preconditions, social and ecological aspects. Further analysis of the changes in the grades over time showed that the grades across indicators varied, either improving or worsening. Social and ecology-related forest practices appear to be the most challenging aspects in Indonesia, as we found that the grades declined over time despite the fact that the concessions were able to maintain their certification.","https://doi.org/10.1505/146554817821255150",,,,
"f6dc24df","Many of nature's contributions to people are essential for human health.","Dietary species richness as a measure of food biodiversity and nutritional quality of diets","Significance Current research linking biodiversity and human diets has used metrics without justification from a nutritional point of view. Diet species richness, or a count of the number of different species consumed per day, assesses both nutritional adequacy and food biodiversity of diets for women and children in rural areas. The positive association of food species richness with dietary quality was observed in both the wet and the dry season. Food biodiversity contributes to diet quality in vulnerable populations in areas with high biodiversity. Reporting the number of species consumed during dietary assessment provides a unique opportunity to cut across two critical dimensions of sustainable development—human and environmental health—and complements existing indicators for healthy and sustainable diets.","https://doi.org/10.1073/pnas.1709194115",,,,
"2a0fe90b","However, management strategies typically assume that evolutionary changes occur only over much longer time periods and thus ignore rapid evolution. These policy considerations span many spheres in which management actions designed to slow or speed evolution can dramatically change outcomes, as the following examples indicate. Insects, weeds and pathogens evolve resistance to insecticides, herbicides and other control agents, yet management strategies such as refuges, crop rotation, and crop diversity can dramatically slow that undesirable evolution","EDITORIAL: Toward Darwinian fisheries management","Table of contents Introduction 246–259 Dunlop, E.S., K. Enberg, C. Jørgensen, and M. Heino. Toward Darwinian fisheries management Empirical evidence 260–275 Sharpe, D., and A. Hendry. Life history change in commercially exploited fish stocks: an analysis of trends across studies. 276–290 Conover, D.O. and H. Baumann. The role of experiments in understanding fishery‐induced evolution. 291–298 Pérez‐Rodríguez, A., M. Morgan, and F. Saborido‐Rey. Comparison of demographic and direct methods to calculate probabilistic maturation reaction norms for Flemish Cap cod (Gadus morhua). 299–311 Cooke, S.J., M.R. Donaldson, S.G. Hinch, G.T. Crossin, D.A. Patterson, K.C. Hanson, K.K. English, J.M. Shrimpton, and A.P. Farrell. Is fishing selective for physiological and energetic characteristics in migratory adult sockeye salmon? 312–323 Redpath, T.D., S.J. Cooke, R. Arlinghaus, D.H. Wahl, and D.P. Philipp. Life‐history traits and energetic status in relation to vulnerability to angling in an experimentally selected teleost fish. Theory and management 324–334 Hutchings, J.A. Avoidance of fisheries‐induced evolution: management implications for catch selectivity and limit reference points. 335–355 Arlinghaus, R., S. Matsumura, and U. Dieckmann. Quantifying selection differentials caused by recreational fishing: development of modeling framework and application to reproductive investment in pike (Esox lucius) 356–370 Jørgensen, C., B. Ernande, and Ø. Fiksen. Size‐selective fishing gear and life history evolution in the Northeast Arctic cod. 371–393 Dunlop, E.S., M. Baskett, M. Heino, and U. Dieckmann. Propensity of marine reserves to reduce the evolutionary effects of fishing in a migratory species. 394–414 Enberg, K., C. Jørgensen, E.S. Dunlop, M. Heino, and U. Dieckmann. Implications of fisheries‐induced evolution for stock rebuilding and recovery. 415–437 Okamoto, K., R. Whitlock, P. Magnan, and U. Dieckmann. Mitigating fisheries‐induced evolution in lacustrine brook charr (Salvelinus fontinalis) in southern Quebec, Canada. 438–455 Wang, H‐Y., and T.O. Höök. Eco‐genetic model to explore fishing‐induced ecological and evolutionary effects on growth and maturation schedules. Abstract There is increasing evidence that fishing may cause rapid contemporary evolution in freshwater and marine fish populations. This has led to growing concern about the possible consequences such evolutionary change might have for aquatic ecosystems and the utility of those ecosystems to society. This special issue contains contributions from a symposium on fisheries‐induced evolution held at the American Fisheries Society Annual Meeting in August 2008. Contributions include primary studies and reviews of field‐based and experimental evidence, and several theoretical modeling studies advancing life‐history theory and investigating potential management options. In this introduction we review the state of research in the field, discuss current controversies, and identify contributions made by the papers in this issue to the knowledge of fisheries‐induced evolution. We end by suggesting directions for future research.","https://doi.org/10.1111/j.1752-4571.2009.00087.x",,,,
"9ed29db0","Coastal habitats, including estuaries and deltas critical for marine biota and regional economies, have been severely affected by sea-use changes (coastal development, offshore aquaculture, mariculture and bottom trawling) and land-use changes (onshore land clearance and urban sprawl along coastlines, plus pollution of rivers). Pollution from land sources is already a major driver of negative environmental change. Ocean mining, while relatively small, has expanded since 1981 to ~ 6,500 offshore oil and gas installations worldwide in 53 countries (60 per cent in the Gulf of Mexico by 2003) and likely will expand into the Arctic and Antarctic regions as the ice melts.","Microplastics characterization by hyperspectral imaging in the SWIR range","The aim of this study is to develop a new methodology based on optical sensors able to recognize and characterize microplastics collected in the marine environment. In recent years, this pollution represents an environmental emergency with serious effects on human health and marine organisms. The study was carried out on microplastics collected in different geographical areas. Through the hyperspectral imaging (HSI) based approach, performed in the SWIR range (1000-2500 nm), a classification model based on chemometric techniques was implemented in order to identify in a rapid, non invasive and non-destructive way the polymers in the investigated samples.","https://doi.org/10.1117/12.2542793",,,,
"11282071","Coastal habitats, including estuaries and deltas critical for marine biota and regional economies, have been severely affected by sea-use changes (coastal development, offshore aquaculture, mariculture and bottom trawling) and land-use changes (onshore land clearance and urban sprawl along coastlines, plus pollution of rivers). Pollution from land sources is already a major driver of negative environmental change. Ocean mining, while relatively small, has expanded since 1981 to ~ 6,500 offshore oil and gas installations worldwide in 53 countries (60 per cent in the Gulf of Mexico by 2003) and likely will expand into the Arctic and Antarctic regions as the ice melts.","Understanding How Microplastics Affect Marine Biota on the Cellular Level Is Important for Assessing Ecosystem Function: A Review","Plastic has become indispensable for human life. When plastic debris is discarded into waterways, these items can interact with organisms. Of particular concern are microscopic plastic particles (microplastics) which are subject to ingestion by several taxa. This review summarizes the results of cutting-edge research about the interactions between a range of aquatic species and microplastics, including effects on biota physiology and secondary ingestion. Uptake pathways via digestive or ventilatory systems are discussed, including (1) the physical penetration of microplastic particles into cellular structures, (2) leaching of chemical additives or adsorbed persistent organic pollutants (POPs), and (3) consequences of bacterial or viral microbiota contamination associated with microplastic ingestion. Following uptake, a number of individual-level effects have been observed, including reduction of feeding activities, reduced growth and reproduction through cellular modifications, and oxidative stress. Microplastic-associated effects on marine biota have become increasingly investigated with growing concerns regarding human health through trophic transfer. We argue that research on the cellular interactions with microplastics provide an understanding of their impact to the organisms’ fitness and, therefore, its ability to sustain their functional role in the ecosystem. The review summarizes information from 236 scientific publications. Of those, only 4.6% extrapolate their research of microplastic intake on individual species to the impact on ecosystem functioning. We emphasize the need for risk evaluation from organismal effects to an ecosystem level to effectively evaluate the effect of microplastic pollution on marine environments. Further studies are encouraged to investigate sublethal effects in the context of environmentally relevant microplastic pollution conditions.","https://doi.org/10.1007/978-3-030-20389-4_6",,,,
"6accaf43","This human-driven contemporary evolution is now being observed in some species within all major taxonomic groups (animals, plants, fungi and microorganisms). Such changes are known to occur in response to human activities or drivers, such as hunting, fishing, harvesting, climate change, ocean acidification, soil and water pollution, invasive species, pathogens, pesticides and urbanization.","Human predators outpace other agents of trait change in the wild","The observable traits of wild populations are continually shaped and reshaped by the environment and numerous agents of natural selection, including predators. In stark contrast with most predators, humans now typically exploit high proportions of prey populations and target large, reproductive-aged adults. Consequently, organisms subject to consistent and strong 'harvest selection' by fishers, hunters, and plant harvesters may be expected to show particularly rapid and dramatic changes in phenotype. However, a comparison of the rate at which phenotypic changes in exploited taxa occurs relative to other systems has never been undertaken. Here, we show that average phenotypic changes in 40 human-harvested systems are much more rapid than changes reported in studies examining not only natural (n = 20 systems) but also other human-driven (n = 25 systems) perturbations in the wild, outpacing them by >300% and 50%, respectively. Accordingly, harvested organisms show some of the most abrupt trait changes ever observed in wild populations, providing a new appreciation for how fast phenotypes are capable of changing. These changes, which include average declines of almost 20% in size-related traits and shifts in life history traits of nearly 25%, are most rapid in commercially exploited systems and, thus, have profound conservation and economic implications. Specifically, the widespread potential for transitively rapid and large effects on size- or life history-mediated ecological dynamics might imperil populations, industries, and ecosystems.","https://doi.org/10.1073/pnas.0809235106",,,,
"19f469d0","The proportion of species currently threatened with extinction according to the International Union for the Conservation of Nature's Red List criteria averages around 25 per cent across the many terrestrial, freshwater and marine vertebrate, invertebrate and plant groups that have been studied in sufficient detail to support a robust overall estimate","The Impact of Conservation on the Status of the World’s Vertebrates","Assessing Biodiversity Declines Understanding human impact on biodiversity depends on sound quantitative projection. Pereira et al. (p. 1496 , published online 26 October) review quantitative scenarios that have been developed for four main areas of concern: species extinctions, species abundances and community structure, habitat loss and degradation, and shifts in the distribution of species and biomes. Declines in biodiversity are projected for the whole of the 21st century in all scenarios, but with a wide range of variation. Hoffmann et al. (p. 1503 , published online 26 October) draw on the results of five decades' worth of data collection, managed by the International Union for Conservation of Nature Species Survival Commission. A comprehensive synthesis of the conservation status of the world's vertebrates, based on an analysis of 25,780 species (approximately half of total vertebrate diversity), is presented: Approximately 20% of all vertebrate species are at risk of extinction in the wild, and 11% of threatened birds and 17% of threatened mammals have moved closer to extinction over time. Despite these trends, overall declines would have been significantly worse in the absence of conservation actions.","https://doi.org/10.1126/science.1194442",,,,
"2bf1e586","The threat of extinction is also accelerating: in the best-studied taxonomic groups, most of the total extinction risk to species is estimated to have arisen in the past 40 years","Human impacts on the rates of recent, present, and future bird extinctions","Unqualified, the statement that approximately 1.3% of the approximately 10,000 presently known bird species have become extinct since A.D. 1500 yields an estimate of approximately 26 extinctions per million species per year (or 26 E/MSY). This is higher than the benchmark rate of approximately 1 E/MSY before human impacts, but is a serious underestimate. First, Polynesian expansion across the Pacific also exterminated many species well before European explorations. Second, three factors increase the rate: (i) The number of known extinctions before 1800 is increasing as taxonomists describe new species from skeletal remains. (ii) One should calculate extinction rates over the years since taxonomists described the species. Most bird species were described only after 1850. (iii) Some species are probably extinct; there is reluctance to declare them so prematurely. Thus corrected, recent extinction rates are approximately 100 E/MSY. In the last decades, the rate is <50 E/MSY, but would be 150 E/MSY were it not for conservation efforts. Increasing numbers of extinctions are on continents, whereas previously most were on islands. We predict a 21st century rate of approximately 1,000 E/MSY. Extinction threatens 12% of bird species; another 12% have small geographical ranges and live where human actions rapidly destroy their habitats. If present forest losses continue, extinction rates will reach 1,500 E/MSY by the century's end. Invasive species, expanding human technologies, and global change will harm additional species. Birds are poor models for predicting extinction rates for other taxa. Human actions threaten higher fractions of other well known taxa than they do birds. Moreover, people take special efforts to protect birds.","https://doi.org/10.1073/pnas.0604181103",,,,
"81454ade","The specific actions taken will typically be case-specific and therefore will require careful assessment of evolutionary potential and consequences. In many cases, the best strategy could be to simply maintain the ability of natural populations to respond evolutionarily on their own - rather than through direct human manipulation of evolution. B. Direct and indirect drivers of change have accelerated during the past 50 years","Correlates of rediscovery and the detectability of extinction in mammals","Extinction is difficult to detect, even in well-known taxa such as mammals. Species with long gaps in their sighting records, which might be considered possibly extinct, are often rediscovered. We used data on rediscovery rates of missing mammals to test whether extinction from different causes is equally detectable and to find which traits affect the probability of rediscovery. We find that species affected by habitat loss were much more likely to be misclassified as extinct or to remain missing than those affected by introduced predators and diseases, or overkill, unless they had very restricted distributions. We conclude that extinctions owing to habitat loss are most difficult to detect; hence, impacts of habitat loss on extinction have probably been overestimated, especially relative to introduced species. It is most likely that the highest rates of rediscovery will come from searching for species that have gone missing during the 20th century and have relatively large ranges threatened by habitat loss, rather than from additional effort focused on charismatic missing species.","https://doi.org/10.1098/rspb.2010.1579",,,,
"e8db6542","The general patterns at the global level – namely, declines in biodiversity and regulating contributions versus increases in the production of food, bioenergy and materials – are evident in nearly all subregions","Trade‐offs between land and water requirements for large‐scale bioenergy production","Abstract Bioenergy is expected to play an important role in the future energy mix as it can substitute fossil fuels and contribute to climate change mitigation. However, large‐scale bioenergy cultivation may put substantial pressure on land and water resources. While irrigated bioenergy production can reduce the pressure on land due to higher yields, associated irrigation water requirements may lead to degradation of freshwater ecosystems and to conflicts with other potential users. In this article, we investigate the trade‐offs between land and water requirements of large‐scale bioenergy production. To this end, we adopt an exogenous demand trajectory for bioenergy from dedicated energy crops, targeted at limiting greenhouse gas emissions in the energy sector to 1100 Gt carbon dioxide equivalent until 2095. We then use the spatially explicit global land‐ and water‐use allocation model MAgPIE to project the implications of this bioenergy target for global land and water resources. We find that producing 300 EJ yr−1 of bioenergy in 2095 from dedicated bioenergy crops is likely to double agricultural water withdrawals if no explicit water protection policies are implemented. Since current human water withdrawals are dominated by agriculture and already lead to ecosystem degradation and biodiversity loss, such a doubling will pose a severe threat to freshwater ecosystems. If irrigated bioenergy production is prohibited to prevent negative impacts of bioenergy cultivation on water resources, bioenergy land requirements for meeting a 300 EJ yr−1 bioenergy target increase substantially (+ 41%) – mainly at the expense of pasture areas and tropical forests. Thus, avoiding negative environmental impacts of large‐scale bioenergy production will require policies that balance associated water and land requirements.","https://doi.org/10.1111/gcbb.12226",,,,
"a041ddc4","A similar picture also emerges from an entirely separate line of evidence. Habitat loss and deterioration, largely caused by human actions, have reduced global terrestrial habitat integrity by 30 per cent relative to an unimpacted baseline; combining that with the longstanding relationship between habitat area and species numbers suggests that around 9 per cent of the world's estimated 5.9 million terrestrial species – more than 500,000 species – have insufficient habitat for long-term survival, and are committed to extinction, many within decades, unless their habitats are restored","Targeted habitat restoration can reduce extinction rates in fragmented forests","The Eastern Arc Mountains of Tanzania and the Atlantic Forest of Brazil are two of the most fragmented biodiversity hotspots. Species-area relationships predict that their habitat fragments will experience a substantial loss of species. Most of these extinctions will occur over an extended time, and therefore, reconnecting fragments could prevent species losses and allow locally extinct species to recolonize former habitats. An empirical relaxation half-life vs. area relationship for tropical bird communities estimates the time that it takes to lose one-half of all species that will be eventually lost. We use it to estimate the increase in species persistence by regenerating a forest connection 1 km in width among the largest and closest fragments at 11 locations. In the Eastern Arc Mountains, regenerating 8,134 ha of forest would create >316,000 ha in total of restored contiguous forest. More importantly, it would increase the persistence time for species by a factor of 6.8 per location or ∼2,272 years, on average, relative to individual fragments. In the Atlantic Forest, regenerating 6,452 ha of forest would create >251,000 ha in total of restored contiguous forest and enhance species persistence by a factor of 13.0 per location or ∼5,102 years, on average, relative to individual fragments. Rapidly regenerating forest among fragments is important, because mean time to the first determined extinction across all fragments is 7 years. We estimate the cost of forest regeneration at $21-$49 million dollars. It could provide one of the highest returns on investment for biodiversity conservation worldwide.","https://doi.org/10.1073/pnas.1705834114",,,,
"1073f6f2","Although such market-based policy instruments as payments for ecosystem services, voluntary certification and biodiversity offsetting have increased in use, their effectiveness is mixed, and they are often contested; thus, they should be carefully designed and applied to avoid perverse effects in context","Scaling-up Finance Mechanisms for Biodiversity","This report examines six mechanisms that can be used to scale-up financing for biodiversity conservation and sustainable use and to help meet the 2011-20 Aichi Biodiversity Targets. The mechanisms are environmental fiscal reform, payments for ecosystem services, biodiversity offsets, green markets, biodiversity in climate change funding, and biodiversity in international development finance. Drawing on literature and more than 40 case studies worldwide, this book addresses the following questions: What are these mechanisms and how do they work? How much finance have they mobilised and what potential is there to scale this up? And what are the key design and implementation issues that need to be addressed so that governments can ensure these mechanisms are environmentally effective, economically efficient and distributionally equitable?","https://doi.org/10.1787/9789264193833-en",,,,
"fc8f27aa","Emerging infectious diseases in wildlife, domestic animals, plants or people can be exacerbated by human activities such as land clearing and habitat fragmentation or the overuse of antibiotics driving rapid evolution of antibiotic resistance in many bacterial pathogens.","Ecological Consequences of Sea-Ice Decline","After a decade with nine of the lowest arctic sea-ice minima on record, including the historically low minimum in 2012, we synthesize recent developments in the study of ecological responses to sea-ice decline. Sea-ice loss emerges as an important driver of marine and terrestrial ecological dynamics, influencing productivity, species interactions, population mixing, gene flow, and pathogen and disease transmission. Major challenges in the near future include assigning clearer attribution to sea ice as a primary driver of such dynamics, especially in terrestrial systems, and addressing pressures arising from human use of arctic coastal and near-shore areas as sea ice diminishes.","https://doi.org/10.1126/science.1235225",,,,
"435a970a","Although such market-based policy instruments as payments for ecosystem services, voluntary certification and biodiversity offsetting have increased in use, their effectiveness is mixed, and they are often contested; thus, they should be carefully designed and applied to avoid perverse effects in context","Climate Change Interactions with Agriculture, Forestry Sequestration, and Food Security","Climate change can negatively affect crop productivity decreasing food production in many regions across the world. Literature suggests forest carbon sequestration (FCS) is a good alternative to mitigate climate change due to its ability to sequester carbon at low cost. Nevertheless, FCS subsidies have not been addressed together with impacts on food security and climate change reduced crop yields. In our multidisciplinary work, we collected the crop yield shocks from global circulation—crop modeling. We also developed a new version of a computable general equilibrium model for the economic analysis. Thus, we evaluate the global economic impacts of using carbon taxes and FCS to achieve 50% emission reductions. We find that implementing an aggressive FCS incentive can cause substantial increases in food prices because of land competition between forest and crop production. Without climate induced yield reductions, FCS is attractive, but not with the yield reductions. With the climate induced yield shocks, food price increases are huge—so large that it is clear this approach could not be adopted in the real world. The results cry out for investment in agricultural research on climate adaptation. Our findings suggest economic well-being falls more without mitigation than with 50% emission reductions.","https://doi.org/10.1007/s10640-019-00339-6",,,,
"53d96f56","At the international level, options for reacting to the challenges generated by the displacement of the impacts of unsustainable consumption and production on nature include both rethinking established instruments and developing new instruments to account for long-distance impacts. Trade agreements and derivatives markets could be reformed to promote equity and prevent the deterioration of nature, although there are uncertainties associated with implementation","Deciphering Corporate Governance and Environmental Commitments among Southeast Asian Transnationals: Uptake of Sustainability Certification","Promoting tropical forest sustainability among corporate players is a major challenge. Many tools have been developed, but without much success. Southeast Asia has become a laboratory of globalization processes, where the development and success of agribusiness transnationals raises questions about their commitment to environmental concerns. An abundance of literature discusses what determines the behavior of Asian corporations, with a particular emphasis on cultural factors. Our hypothesis is that financial factors, such as ownership structure, may also have a fundamental role. We analyzed the audited accounts of four major Asian agribusiness transnationals. Using network analysis, we deciphered how the 931 companies relate to each other and determine the behavior of the transnationals to which they belong. We compared various metrics with the environmental commitment of these transnationals. We found that ownership structures reflect differences in flexibility, control and transaction costs, but not in ethnicities. Capital and its control, ownership structure, and flexibility explain 97% of the environmental behavior. It means that existing market-based tools to promote environmental sustainability do not engage transnationals at the scale where most of their behavior is determined. For the first time, the inner mechanisms of corporate governance are unraveled in agricultural and forest sustainability. New implications such as the convergence of environmental sustainability with family business sustainability emerged.","https://doi.org/10.3390/f6051454",,,,
"51a218dd","The threat of extinction is also accelerating: in the best-studied taxonomic groups, most of the total extinction risk to species is estimated to have arisen in the past 40 years","Changes in south-Swedish vegetation composition over the last 200 years as described by species-specific indicator and trait values and documented by museum and literature records","Vascular plant observances were compiled for 10 well-documented parishes in Scania, southernmost Sweden, from published floras, herbarium specimens, modern inventories, and a large citizen-science database to provide decade-level presence/absence data of species throughout the period 1800–2020. Species-specific plant traits and ecological indicator values were then used to examine functional and ecological changes based on the species composition, as well as the performance of particular vegetation types. The results were generally congruent among the 10 parishes, and indicate that several of the most important drivers of recent floristic changes, including climate changes, woody encroachment, and soil chemistry alterations have in fact acted continuously and concerted for more than a century. Floristic composition has shifted in favor of species with an affinity to higher N and P levels, as well as species which are generally more long-lived and competitive. Additionally, species less favored by grazing/mowing, and with lower demand for sunlight and moisture have increased. However, several of these trends appear to have accelerated over the past 50 years, and so has the increase of the proportion of alien invasive species in the flora. Species favored by climatic warming have also increased, at least since the 1970’s. The flora of different parts of the province has become more homogenous over time, indicating a loss of biodiversity at the regional, but not at the local scale. Instead, analyses of the biodiversity relevance, associated non-plant species and ecosystem services such as nectar production provided by the flora, suggest that local biodiversity is likely to have increased. The study demonstrates that even highly fragmented data, if compiled from a multitude of sources spanning centuries, may reveal congruent temporal changes in both biodiversity, ecosystem functions and ecological drivers and provide a historic context for monitoring recent and future changes.","https://doi.org/10.1016/j.ecolind.2021.108486",,,,
"de86dbb0","The adverse impacts of climate change on biodiversity are projected to increase with increasing warming, so limiting global warming to well below 2°C would have multiple co-benefits for nature and nature’s contributions to people and quality of life; however, it is projected that some large-scale land-based mitigation measures to achieve that objective will have significant impacts on biodiversity","Carbon sequestration potential of second-growth forest regeneration in the Latin American tropics","Regrowth of tropical secondary forests following complete or nearly complete removal of forest vegetation actively stores carbon in aboveground biomass, partially counterbalancing carbon emissions from deforestation, forest degradation, burning of fossil fuels, and other anthropogenic sources. We estimate the age and spatial extent of lowland second-growth forests in the Latin American tropics and model their potential aboveground carbon accumulation over four decades. Our model shows that, in 2008, second-growth forests (1 to 60 years old) covered 2.4 million km(2) of land (28.1% of the total study area). Over 40 years, these lands can potentially accumulate a total aboveground carbon stock of 8.48 Pg C (petagrams of carbon) in aboveground biomass via low-cost natural regeneration or assisted regeneration, corresponding to a total CO2 sequestration of 31.09 Pg CO2. This total is equivalent to carbon emissions from fossil fuel use and industrial processes in all of Latin America and the Caribbean from 1993 to 2014. Ten countries account for 95% of this carbon storage potential, led by Brazil, Colombia, Mexico, and Venezuela. We model future land-use scenarios to guide national carbon mitigation policies. Permitting natural regeneration on 40% of lowland pastures potentially stores an additional 2.0 Pg C over 40 years. Our study provides information and maps to guide national-level forest-based carbon mitigation plans on the basis of estimated rates of natural regeneration and pasture abandonment. Coupled with avoided deforestation and sustainable forest management, natural regeneration of second-growth forests provides a low-cost mechanism that yields a high carbon sequestration potential with multiple benefits for biodiversity and ecosystem services.","https://doi.org/10.1126/sciadv.1501639",,,,
"38bbb98f","The global rate of species extinction is already at least tens to hundreds of times higher than the average rate over the past 10 million years and is accelerating.","Endangered Butterflies and their Conservation: the Decline of Parnassius apollo and Phengaris spp. in Europe and Slovenia","Abstract: This article addresses the alarming global decline in insect biomass and biodiversity and the decline of European butterfly populations, more notably in Slovenia. Between 1989 and 2016, a 76% decrease in insect biomass raises concerns for ecosystems reliant on pollinators and intricate food webs. Butterfly populations, echoing this decline, witnessed a 50% reduction between 1976 and 2021. Key contributors, including habitat loss, chemical pollution, and climate change, necessitate urgent conservation efforts. Focusing on the Apollo (Parnassius apollo) and genus Phengaris, the study emphasises the threats posed by global warming and habitat loss. Swift and comprehensive conservation measures are crucial to ensure the survival of these iconic species, moreover recognizing butterflies as ""umbrella species"" that safeguard broader ecosystems. Keywords: Butterflies, Decline, Phengaris, Parnassius apollo, Biodiversity, Conservation","https://doi.org/10.55295/psl.2024.i16",,,,
"66e5b0e5","Local declines of insect populations such as wild bees and butterflies have often been reported, and insect abundance has declined very rapidly in some places even without large-scale land-use change, but the global extent of such declines is not known","The Disappearance of ButterfliesNature’s Best Hope","If the state of the natural world is reflected in the rate at which books are being published on declining plants and animals, then we are in a bad way. Two of these recent books, The Disappearance of Butterflies by Josef Reichholf and Nature’s Best Hope by Douglas Tallamy, are similar in that they focus on human-occupied spaces, but differ in almost every other way. In 2017, Hallman et al. reported multi-decadal declines of more than 75% in the biomass of flying insects in Germany, lighting a fire under the entomological world. In the three years since, reductions in insect abundance and diversity have been reported from other parts of the world, but one might hope that a careful consideration of the state of insects in Germany could still be useful, as a kind of ground zero for declining insects. It was in that spirit that I anticipated The Disappearance of Butterflies by Josef Reichholf. A lepidopterist and native of the Bavarian region, Reichholf writes with eloquence of his childhood spent in a rural landscape, where diverse crops coexisted with an overflowing abundance of insects and other animals. A stark contrast is drawn with the industrially farmed fields and levelled roadsides of modern Germany, and therein lies the point of the book, but the journey to that message is a bumpy one. Reichholf’s early professional contributions to entomology involved the study of bizarre aquatic moths (family Crambidae), which are engagingly portrayed with an eye for the beauty of evolution on a small scale. Similar attention is paid to the biology of other moths and butterflies throughout the first half of the book, but the complexities of natural history and the population dynamics of Lepidoptera are mixed with an undercurrent of skepticism toward statistical and mathematical approaches to ecology. That peculiar mixture of perspectives eventually becomes an irony so thick (the study of populations in particular benefits from statistical approaches) that it was difficult at times for this reader to turn the page. The disdain for statistical models becomes a real problem when the author writes as if the causes of insect declines are so obvious that one need only look at a few bar charts to know the answer. Reichholf assigns most of the blame to industrialized agriculture and management of public lands, and does not review the literature from other parts of the world where other factors have been considered. The literature on climate change impacts is most willfully ignored. Even stranger, Reichholf suggests that climate change is used as a scapegoat while agriculture gets a pass. My reading of the scientific literature suggests the opposite: modern agriculture and pesticides have more often been a default explanation. It is only in recent years that enough datasets have emerged from non-agricultural areas that we have been able to separately quantify the effects of climate change on insect populations. To be fair, it might indeed be the case that the industrialized farming of Germany has caused the losses described by Reichholf. If his book had been The Disappearance of German Butterflies, this review might be different. But, as it is, we have the message that rising temperatures are good for insects, with the rationale from Reichholf that more insects can be found at warmer, lower latitudes. The idea that a warming climate will be good for insects ignores not only evidence to the contrary, but the importance of local adaptation, wild swings in temperature and rainfall, disruption of overwintering cues, and indirect effects through host and nectar plants, to name just a few possibile ways climate change can negatively affect insects. Reichholf sees a solution in cities: where people live, insects can thrive, far from agriculture. The author of Nature’s Best Hope would agree that there is value to be had in our most immediate and managed environments. Tallamy, an ecologist at the University of Delaware, has been a passionate advocate for planting natives. In the past, the message that native plants are good and exotics are bad has, at times, been a bit too black and white; at least, it has seemed that way to me as an evolutionary ecologist interested in insects adapting to exotic plants. However, the conversation has evolved, and Tallamy here develops the idea that plants for landscaping and other purposes should be chosen for the number of insects they support. With respect to productivity of caterpillars in particular, Tallamy argues for certain keystone plant genera, which are also natives. Rather than native or exotic status per se, the criterion of productivity is quantitative and can thus be a tool for additional research. As with the industrialized German landscapes, there is plenty of gloom in Nature’s Best Hope. We learn, for example, that 40% of the chemicals used by the lawn industry in the U.S. are banned as carcinogens in other countries. Tallamy, however, has a talent for mixing optimism with the doom, and he has plenty of concrete steps to be taken. Replace half your lawn (at least) with native plants. Be careful with fall yard cleanup because you can destroy sensitive insect overwintering locations; the duff around large trees in particular is important for pupae. If you’re uncertain about which plants to choose for your yard, then consult the Native Plant Finder website for local recommendations. The book is mainly focused on the suburban yard and the homeowner with the time and income to improve that yard, but you have to start somewhere. With respect to the city, Tallamy suggests studies that could be done to find native plant varieties that will thrive in urban environments. That is where Nature’s Best Hope shines—not just in the actionable objectives, but in the portrayal of current science, which contrasts strongly with The Disappearance of Butterflies. Not only are climate change effects not overlooked by Tallamy, but on this and other topics, the author of Nature’s Best Hope successfully walks a tightrope between advocacy and science. Seeing that done well gives this author a bit of hope.","https://doi.org/10.1093/ae/tmab013",,,,
"c58d1fd6","Many of nature's contributions to people are essential for human health and their decline thus threatens a good quality of life.","The health benefits of urban green spaces: a review of the evidence","BACKGROUND: Urban development projects can be costly and have health impacts. An evidence-based approach to urban planning is therefore essential. However, the evidence for physical and non-physical health benefits of urban green space is unclear. METHODS: A literature search of academic and grey literature was conducted for studies and reviews of the health effects of green space. Articles found were appraised for their relevance, critically reviewed and graded accordingly. Their findings were then thematically categorized. RESULTS: There is weak evidence for the links between physical, mental health and well-being, and urban green space. Environmental factors such as the quality and accessibility of green space affects its use for physical activity. User determinants, such as age, gender, ethnicity and the perception of safety, are also important. However, many studies were limited by poor study design, failure to exclude confounding, bias or reverse causality and weak statistical associations. CONCLUSION: Most studies reported findings that generally supported the view that green space have a beneficial health effect. Establishing a causal relationship is difficult, as the relationship is complex. Simplistic urban interventions may therefore fail to address the underlying determinants of urban health that are not remediable by landscape redesign.","https://doi.org/10.1093/pubmed/fdq068",,,,
"46cb308d","The adverse impacts of climate change on biodiversity are projected to increase with increasing warming, so limiting global warming to well below 2°C would have multiple co-benefits for nature and nature’s contributions to people and quality of life; however, it is projected that some large-scale land-based mitigation measures to achieve that objective will have significant impacts on biodiversity","Scenarios for future biodiversity loss due to multiple drivers reveal conflict between mitigating climate change and preserving biodiversity","We assess the potential for future biodiversity loss due to three interacting factors: energy withdrawal from ecosystems due to biomass harvest, habitat loss due to land-use change, and climate change. We develop four scenarios to 2050 with different combinations of high or low agricultural efficiency and high or low meat diets, and use species–energy and species–area relationships to estimate their effects on biodiversity. In our scenarios, natural ecosystems are protected except when additional land is necessary to fulfil the increasing dietary demands of the global population. Biomass energy with carbon capture and storage (BECCS) is used as a means of carbon dioxide removal (CDR) from the atmosphere (and offsetting fossil fuel emissions). BECCS is based on waste biomass, with the addition of bio-energy crops only when already managed land is no longer needed for food production. Forecast biodiversity loss from natural biomes increases by more than a factor of five in going from high to low agricultural efficiency scenarios, due to destruction of productive habitats by the expansion of pasture. Biodiversity loss from energy withdrawal on managed land varies by a factor of two across the scenarios. Biodiversity loss due to climate change varies only modestly across the scenarios. Climate change is lowest in the 'low meat high efficiency' scenario, in which by 2050 around 660 million hectares of pasture are converted to biomass plantation that is used for BECCS. However, the resulting withdrawal of energy from managed ecosystems has a large negative impact on biodiversity. Although the effects of energy withdrawal and climate change on biodiversity cannot be directly compared, this suggests that using bio-energy to tackle climate change in order to limit biodiversity loss could instead have the opposite effect.","https://doi.org/10.1088/1748-9326/8/2/025024",,,,
"4df9b3c7","Although such market-based policy instruments as payments for ecosystem services, voluntary certification and biodiversity offsetting have increased in use, their effectiveness is mixed, and they are often contested; thus, they should be carefully designed and applied to avoid perverse effects in context","Evaluating Interactions of Forest Conservation Policies on Avoided Deforestation","We estimate the effects on deforestation that have resulted from policy interactions between parks and payments and between park buffers and payments in Costa Rica between 2000 and 2005. We show that the characteristics of the areas where protected and unprotected lands are located differ significantly. Additionally, we find that land characteristics of each of the policies and of the places where they interact also differ significantly. To adequately estimate the effects of the policies and their interactions, we use matching methods. Matching is implemented not only to define adequate control groups, as in previous research, but also to define those groups of locations under the influence of policies that are comparable to each other. We find that it is more effective to locate parks and payments away from each other, rather than in the same location or near each other. The high levels of enforcement inside both parks and lands with payments, and the presence of conservation spillovers that reduce deforestation near parks, significantly reduce the potential impact of combining these two policies.","https://doi.org/10.1371/journal.pone.0124910",,,,
"bc382d58","Those proportions suggest that, of an estimated 8 million animal and plant species (75 per cent of which are insects), around 1 million are threatened with extinction","Ecological and socioeconomic impacts of invasive alien species in island ecosystems","Minimizing the impact of invasive alien species (IAS) on islands and elsewhere requires researchers to provide cogent information on the environmental and socioeconomic consequences of IAS to the public and policy makers. Unfortunately, this information has not been readily available owing to a paucity of scientific research and the failure of the scientific community to make their findings readily available to decision makers. This review explores the vulnerability of islands to biological invasion, reports on environmental and socioeconomic impacts of IAS on islands and provides guidance and information on technical resources that can help minimize the effects of IAS in island ecosystems. This assessment is intended to provide a holistic perspective on island-IAS dynamics, enable biologists and social scientists to identify information gaps that warrant further research and serve as a primer for policy makers seeking to minimize the impact of IAS on island systems. Case studies have been selected to reflect the most scientifically-reliable information on the impacts of IAS on islands. Sufficient evidence has emerged to conclude that IAS are the most significant drivers of population declines and species extinctions in island ecosystems worldwide. Clearly, IAS can also have significant socioeconomic impacts directly (for example human health) and indirectly through their effects on ecosystem goods and services. These impacts are manifest at all ecological levels and affect the poorest, as well as richest, island nations. The measures needed to prevent and minimize the impacts of IAS on island ecosystems are generally known. However, many island nations and territories lack the scientific and technical information, infrastructure and human and financial resources necessary to adequately address the problems caused by IAS. Because every nation is an exporter and importer of goods and services, every nation is also a facilitator and victim of the invasion of alien species. Wealthy nations therefore need to help raise the capacity of island nations and territories to minimize the spread and impact of IAS.","https://doi.org/10.1017/s0376892907003815",,,,
"31ef87de","Nature provides among other contributions.","Exploiting Plant–Natural Enemy Interactions: Selection and Evaluation of Plants for the Improvement of Biological Control","To identify and select wild plant species as a source of nectar and pollen for the conservation of natural enemies (NEs), with an emphasis on parasitic Hymenoptera, entomological samplings were carried out on the inflorescences of plants in the northwest of Michoacán, Mexico, in 2020. The species were selected based on the number and diversity of NEs, flowering period, phytosanitary risks (pests), and ease of multiplication. Of more than 27 plant species, NEs were recorded in 24. The Eulophid family represented 74.14% of 23 families of parasitoids recorded, and in 19 of the 23 plant species with parasitoids, the eulophid family was the most prevalent. Thirteen plant species were selected; annual species such as Tithonia tubaeformis and Stevia serrata stand out. Among the shrubs, Senecio salignus and Baccharis salicifolia stand out, as do trees such as Viguiera quinqueradiata, Thouinia villosa and Buddleja parviflora. Serjania racemosa and Phytolacca icosandra stand out for their long flowering period (>5 months) and the wide diversity of beneficial entomofauna. They are plants that reproduce easily and have a low phytosanitary risk to crops. The presence of flowering plants in agroecosystems could attract and maintain NE populations, even before pests arrive, with predictable benefits for integrated pest management.","https://doi.org/10.3390/insects16020138",,,,
"7850cd35","Nature provides among other contributions.","Regulation of the immune system by biodiversity from the natural environment: An ecosystem service essential to health","Epidemiological studies suggest that living close to the natural environment is associated with long-term health benefits including reduced death rates, reduced cardiovascular disease, and reduced psychiatric problems. This is often attributed to psychological mechanisms, boosted by exercise, social interactions, and sunlight. Compared with urban environments, exposure to green spaces does indeed trigger rapid psychological, physiological, and endocrinological effects. However, there is little evidence that these rapid transient effects cause long-term health benefits or even that they are a specific property of natural environments. Meanwhile, the illnesses that are increasing in high-income countries are associated with failing immunoregulation and poorly regulated inflammatory responses, manifested as chronically raised C-reactive protein and proinflammatory cytokines. This failure of immunoregulation is partly attributable to a lack of exposure to organisms (""Old Friends"") from mankind's evolutionary past that needed to be tolerated and therefore evolved roles in driving immunoregulatory mechanisms. Some Old Friends (such as helminths and infections picked up at birth that established carrier states) are almost eliminated from the urban environment. This increases our dependence on Old Friends derived from our mothers, other people, animals, and the environment. It is suggested that the requirement for microbial input from the environment to drive immunoregulation is a major component of the beneficial effect of green space, and a neglected ecosystem service that is essential for our well-being. This insight will allow green spaces to be designed to optimize health benefits and will provide impetus from health systems for the preservation of ecosystem biodiversity.","https://doi.org/10.1073/pnas.1313731110",,,,
"1daa1be3","Achieving a sustainable economy involves making fundamental reforms to economic and financial systems and tackling poverty and inequality as vital parts of sustainability","Natural capital and ecosystem services informing decisions: From promise to practice","The central challenge of the 21st century is to develop economic, social, and governance systems capable of ending poverty and achieving sustainable levels of population and consumption while securing the life-support systems underpinning current and future human well-being. Essential to meeting this challenge is the incorporation of natural capital and the ecosystem services it provides into decision-making. We explore progress and crucial gaps at this frontier, reflecting upon the 10 y since the Millennium Ecosystem Assessment. We focus on three key dimensions of progress and ongoing challenges: raising awareness of the interdependence of ecosystems and human well-being, advancing the fundamental interdisciplinary science of ecosystem services, and implementing this science in decisions to restore natural capital and use it sustainably. Awareness of human dependence on nature is at an all-time high, the science of ecosystem services is rapidly advancing, and talk of natural capital is now common from governments to corporate boardrooms. However, successful implementation is still in early stages. We explore why ecosystem service information has yet to fundamentally change decision-making and suggest a path forward that emphasizes: (i) developing solid evidence linking decisions to impacts on natural capital and ecosystem services, and then to human well-being; (ii) working closely with leaders in government, business, and civil society to develop the knowledge, tools, and practices necessary to integrate natural capital and ecosystem services into everyday decision-making; and (iii) reforming institutions to change policy and practices to better align private short-term goals with societal long-term goals.","https://doi.org/10.1073/pnas.1503751112",,,,
"8777fcbb","Those proportions suggest that, of an estimated 8 million animal and plant species (75 per cent of which are insects), around 1 million are threatened with extinction","A functional trait perspective on restored temperate grassland responses to changing winter insulation and managed disturbance by fire","PREMISE: Understanding how disturbance regimes influence temperate grasslands is crucial for adapting management strategies to climate change, particularly in response to the loss of winters. The interaction between disturbance and climate can alter winter soil insulation and potentially the plant community. Examining the role of functional traits in determining community outcomes can help inform whether grasslands will remain resilient to climate change or whether management will need to be adapted proactively. METHODS: We analyzed 7 years of data from a restored temperate grassland experiment to assess how the interaction between management type and timing (i.e., unmanaged control, spring burn, fall burn, and fall mow) and winter snow manipulations (i.e., snow reduction, snow control, and snow addition) affects plant community composition and whether functional traits are related to community turnover. RESULTS: Changes in the plant community were driven mainly by management type and timing, with minimal influence from winter snow manipulations. While greater stress tolerance was associated with colonization when winter soil insulation was low, overall functional traits had a relatively minor relationship with community turnover. CONCLUSIONS: The minimal effects of winter snow manipulations, combined with the community's shift toward stress-tolerant strategies when winter soil insulation was low, suggest that grasslands may be resilient to winter snow loss in the short term. However, limited colonization by species that are not stress tolerant could drive local extinctions over time. Management strategies that support colonization and retain soil insulation, such as spring burns that maintain disturbance while preserving insulating litter, may help prevent longer-term impacts.","https://doi.org/10.1002/ajb2.70109",,,,
"498ce05d","Emerging infectious diseases in wildlife, domestic animals, plants or people can be exacerbated by human activities such as land clearing and habitat fragmentation","Ecological Consequences of Sea-Ice Decline","After a decade with nine of the lowest arctic sea-ice minima on record, including the historically low minimum in 2012, we synthesize recent developments in the study of ecological responses to sea-ice decline. Sea-ice loss emerges as an important driver of marine and terrestrial ecological dynamics, influencing productivity, species interactions, population mixing, gene flow, and pathogen and disease transmission. Major challenges in the near future include assigning clearer attribution to sea ice as a primary driver of such dynamics, especially in terrestrial systems, and addressing pressures arising from human use of arctic coastal and near-shore areas as sea ice diminishes.","https://doi.org/10.1126/science.1235225",,,,
"abfbd165","Coastal habitats, including estuaries and deltas critical for marine biota and regional economies, have been severely affected by sea-use changes (coastal development, offshore aquaculture, mariculture and bottom trawling) and land-use changes (onshore land clearance and urban sprawl along coastlines, plus pollution of rivers). Pollution from land sources is already a major driver of negative environmental change. Ocean mining, while relatively small, has expanded since 1981 to ~ 6,500 offshore oil and gas installations worldwide in 53 countries (60 per cent in the Gulf of Mexico by 2003) and likely will expand into the Arctic and Antarctic regions as the ice melts.","Evaluation of Beach Pollution by Aquaculture Styrofoam Buoys in Tongyeong, Korea","2013년 가을, 한국 통영의 13개 해변에서 해양쓰레기의 풍도와 조성을 조사하였다. 대형쓰레기(25 mm 이상)의 풍도는 평균 약 30개/m², 소형쓰레기(1 mm-25 mm)의 풍도는 평균 26,971개/m²로서 한국의 다른 지역이나 전세계 다른 지역에 비해 매우 높은 편이었다. 스티로폼, 경질플라스틱, 섬유, 금속, 유리, 목재, 기타 등 7개 재질로 구분했을 때 대형쓰레기 중 스티로폼의 갯수가 차지하는 비율은 약 75%, 소형 쓰레기에서는 약 98%였다. 대형 스티로폼 쓰레기 중 원래 부피의 50% 이상이 남아 있는 ‘완제품’ 쓰레기들을 양식용 부자와 기타 완제품 쓰레기로 구분했을 때 양식용 부자가 차지하는 비율은 갯수로 93%였다. 결국 조사된 해변들에서 쓰레기로 인한 해변 오염은 매우 심각한 수준이며, 쓰레기의 발생 원인의 대부분은 양식장에서 사용되는 스티로폼 부자인 것으로 밝혀졌다. 통영 지역은 한국에서 굴 양식장이 가장 많은 곳이므로 굴 양식장의 스티로폼 부자 쓰레기 관리를 개선하는 것은 통영뿐만 아니라, 다른 지역의 해변 오염을 예방하는 데도 중요한 것으로 보인다.","https://doi.org/10.7846/jkosmee.2014.17.2.104",,,,
"d994e42b","Population declines often give warning that a species' risk of extinction is increasing. The Living Planet Index, which synthesises trends in vertebrate populations, shows that species have declined rapidly since 1970, with reductions of 40 per cent for terrestrial species, 84 per cent for freshwater species and 35 per cent for marine species","Public perception of an important urban estuary: Values, attitudes, and policy support in the Biscayne Bay-Miami Social Ecological System","Understanding public perceptions, values, and preferences can be fundamental to effective conservation governance, management, and outreach. This is particularly true in socially and ecologically complex marine and coastal spaces, where many relevant questions remain. The social-ecological system of Biscayne Bay and Miami-Dade are on the frontier of problems that will soon engulf many coastal-urban systems. Despite the economic, ecological, and cultural importance of Biscayne Bay, research into the social components of this social-ecological system is distinctly lacking. In order to effectively address urgent coastal management issues, practitioners and policy-makers need a clear understanding of public perceptions, values, and priorities. In this paper I present the results of a large online survey (n = 1146) exploring public attitudes toward Biscayne Bay as a case study of management and opportunity in a complex coastal social-ecological system. Results describe a public that interacts with and utilizes Biscayne Bay in a variety of ways, from leisure and recreation, to subsistence. This public believes the Bay to be moderately healthy, though somewhat in decline, and has experienced a range of local environmental threats, about which they feel considerable concern. These interactions and concerns are in turn reflected in overwhelming endorsement of value statements regarding the ecological, material, cultural and economic importance of the ecosystem to the city, as well as high levels of support for policy actions to protect and restore that ecosystem. Together these findings indicate that additional policy steps to preserve and restore Biscayne Bay would enjoy support from the local public and demonstrate the power of public perceptions research to identify gaps and opportunities for management and outreach.","https://doi.org/10.1371/journal.pone.0287930",,,,
"4d6edeff","Population declines often give warning that a species' risk of extinction is increasing. The Living Planet Index, which synthesises trends in vertebrate populations, shows that species have declined rapidly since 1970, with reductions of 40 per cent for terrestrial species, 84 per cent for freshwater species and 35 per cent for marine species","Priority areas for conservation within four freshwater ecoregions in South America: A scale perspective based on freshwater crabs (Anomura, Aeglidae)","Abstract Although freshwater ecosystems contain high biodiversity and provide valuable ecosystem services, they are severely threatened worldwide. Many broad‐scale approaches to conserve freshwater environments have been proposed, but as headwaters tend to host higher levels of biodiversity, identifying priority areas for conservation at a local scale is essential. An integrative three‐step framework is proposed to recognize such areas, using anomuran crabs of the family Aeglidae as biodiversity indicator taxa, within four freshwater ecoregions in South America. First, the knowledge on the distribution of species occurring within the study area was updated and the species conservation status assessed. Second, species distribution modelling was used to identify areas of high richness and endemism. Third, these areas were compared with the existing protected area network, in addition to land‐use and urban information, to indicate priority areas for conservation within four freshwater ecoregions (Laguna dos Patos, Upper Uruguay, Lower Uruguay, Tramandaí and Mampituba) studied at a local scale. Analysis of the distribution of species of the genus Aegla showed that the present protected area network poorly covers freshwater habitats within the study region. Three priority areas for conservation were identified, with high levels of endemism and richness of aeglid species. These areas are mainly located close to current protected areas, and we suggest, therefore, that the enlargement of some protected areas, through the establishment of corridors, would better protect several species with distributions restricted to headwaters, such as macroinvertebrates and fishes, some of which are threatened with extinction.","https://doi.org/10.1002/aqc.2965",,,,
"13ab054c","Although such market-based policy instruments as payments for ecosystem services, voluntary certification and biodiversity offsetting have increased in use, their effectiveness is mixed, and they are often contested; thus, they should be carefully designed and applied to avoid perverse effects in context","Payment for ecosystem services programs in the Brazilian Atlantic Forest: Effective but not enough","Payment for ecosystem services (PES) are economic incentives intended to generate conservation benefits, principally on private properties. The global portfolio of PES programs is estimated to represent an annual investment of more than USD $36 billion. Despite this substantial investment, the continued lack of systematic and rigorous impact evaluation of PES has contributed to uncertainty regarding the effectiveness of this tool for conservation. Here, we assessed the ability of two watershed PES programs to promote native forest conservation in the Brazilian Atlantic Forest. Those two focal programs are among the most well-established PES programs in Brazil, and form part of a larger network of PES programs intended to protect the drinking water supply of over 19 million people in the São Paulo metropolitan region. Using a counterfactual approach, we examined if enrollment in a PES program contributed to the conservation of on-farm native forest cover. With propensity score matching, we identified a set of neighboring, non-enrolled 'control' properties, with similar size, altitude, soil type, demographic density, presence of water sources and forest cover. We then estimated forest cover on enrolled and control properties before and after PES implementation with a differences-in-differences method, modeled as the probability of an observed change in on-farm forest area as a consequence of PES enrollment. We found that PES has a positive effect on forest cover, with PES enrollment over a five-year period associated with an additional 2.8–5.6% of farm area coverage in native Atlantic Forest, through forest regeneration. PES enrollment was associated with a non-significant trend toward decreased loss of vegetation. We discuss the implications of these results for understanding the contribution of PES to additionality in forest conservation. While positive, the relatively slow impact of PES on forest regeneration suggests that environmental managers should not count exclusively on PES mechanism to achieve conservation goals.","https://doi.org/10.1016/j.landusepol.2018.11.054",,,,
"acc7c968","Local declines of insect populations such as wild bees and butterflies have often been reported, and insect abundance has declined very rapidly in some places even without large-scale land-use change, but the global extent of such declines is not known","The significance of northern-central Bass Strait in south-eastern Australia as habitat for burrowing seabirds","The present study provides the first complete estimate of the abundance and distribution of burrowing seabirds in northern-central Bass Strait, a key region for breeding seabirds in south-eastern Australia. The estimated total number of breeding burrows in the region in 2008–11 were 755 300 ± 32 400 (s.e.) burrows of Short-tailed Shearwaters (Ardenna tenuirostris), 26 700 ± 3500 of Little Penguins (Eudyptula minor), 19 100 ± 2200 of Common Diving-Petrels (Pelecanoides urinatrix) and 4200 ± 2700 of Fairy Prions (Pachyptila turtur). These represent substantial proportions of the total estimated Australian breeding populations of these species: 6% of the total population of Short-tailed Shearwaters, 14% of Little Penguins, 0.4% of Fairy Prions and 13% of Common Diving-Petrels. Based on the number of active burrows, the number of breeding Short-tailed Shearwaters in the region is estimated to have decreased 35% between 1978–80 and 2008–11, equivalent to a decrease of 1.4% per annum between 1980 and 2011. The regional population of Little Penguins, however, appears to have increased substantially over the same period. Identification of population trends of the other species is limited by a lack of previous data. The importance of this area for burrowing seabirds and the substantial decline in numbers of Short-tailed Shearwaters warrants more frequent monitoring of the abundance of seabirds in the region to allow a robust comparison of changes in populations over time as well as the identification of possible causative factors.","https://doi.org/10.1071/mu13048",,,,
"f1c0cc99","This human-driven contemporary evolution, which has long been recognized in microbes, viruses, agricultural insect pests and weeds, will be noticeably more effective when management decisions take those evolutionary changes into account.","Evidence of lower age, fast growth, and shrinking habitat in critically endangered croaker fish Larimichthys crocea","Overexploitation can impact the life history traits of fish significantly altering growth rates and habitat use. The large yellow croaker ( Larimichthys crocea ) in the Northwest Pacific has been heavily harvested for nearly half a century, pushing it to the brink of extinction. However, traditional methods have failed to capture historical baselines data on its age structure, growth patterns, and habitat use due to changes that occurred before systematic scientific surveys began. This study aimed to reconstruct these baseline data by analyzing otoliths from three distinct geological times representing varying levels of human disturbance: Early Pleistocene (fossil site dated 1.90–1.35 Ma), Middle to Late Holocene (archaeological sites dated 5000–1000 B.P.), and modern periods. Biological age was estimated from otoliths and verified using stable isotope (δ 18 O) analysis. Modern wild large yellow croakers are significantly younger (1.1 ± 0.8 years) compared to those from the Holocene (3.2 ± 1.8) and Pleistocene periods (5.3 ± 2.4). Additionally, modern otoliths exhibit a higher growth rate compared to archaeological and fossil otoliths. Many archaeological and fossil otoliths show δ 18 O values well below −4‰, indicating that historical populations of large yellow croaker inhabited a broader range of environments, including brackish water conditions not observed in modern populations. These findings highlight how human impact has acted as a selective pressure on fish, leading to significant changes in age, growth patterns, and habitat use. Fishery overexploitation has been known to profoundly impact the life history traits of marine species. We found compelling evidence of significant changes in the age composition, growth rates, and habitat of the critically endangered large yellow croaker over three distinct geological periods: the Pleistocene, Holocene, and the present day. Through analysis of otoliths, our study reveals that modern large yellow croakers exhibit a younger age structure and faster growth rates compared to their historical counterparts. Notably, the environmental habitat of these croakers has also shifted, with historical populations inhabiting a broader range of environments, including brackish and inshore waters, unlike the strictly marine habitats observed today. Our findings illustrate how historical exploitation and environmental changes have drastically influenced the life history traits of this once-abundant species, providing crucial insights for conservation efforts. • Fish otoliths show life history changes over geological times. • Age reduction and rapid growth rate are evident in modern Larimichthys crocea. • Croaker otolith δ 18 O reveals historical brackish habitats. • Habitat and life history shifts are linked to intensive human exploitation.","https://doi.org/10.1016/j.ecss.2024.109095",,,,
"a4c8b829","Population declines often give warning that a species' risk of extinction is increasing. The Living Planet Index, which synthesises trends in vertebrate populations, shows that species have declined rapidly since 1970, with reductions of 40 per cent for terrestrial species, 84 per cent for freshwater species and 35 per cent for marine species","Projecting Global Biodiversity Indicators under Future Development Scenarios","To address the ongoing global biodiversity crisis, governments have set strategic objectives and have adopted indicators to monitor progress toward their achievement. Projecting the likely impacts on biodiversity of different policy decisions allows decision makers to understand if and how these targets can be met. We projected trends in two widely used indicators of population abundance Geometric Mean Abundance, equivalent to the Living Planet Index and extinction risk (the Red List Index) under different climate and land-use change scenarios. Testing these on terrestrial carnivore and ungulate species, we found that both indicators decline steadily, and by 2050, under a Business-as-usual (BAU) scenario, geometric mean population abundance declines by 18–35% while extinction risk increases for 8–23% of the species, depending on assumptions about species responses to climate change. BAU will therefore fail Convention on Biological Diversity target 12 of improving the conservation status of known threatened species. An alternative sustainable development scenario reduces both extinction risk and population losses compared with BAU and could lead to population increases. Our approach to model species responses to global changes brings the focus of scenarios directly to the species level, thus taking into account an additional dimension of biodiversity and paving the way for including stronger ecological foundations into future biodiversity scenario assessments.","https://doi.org/10.1111/conl.12159",,,,
"9c579d93","A similar picture also emerges from an entirely separate line of evidence. Habitat loss and deterioration, largely caused by human actions, have reduced global terrestrial habitat integrity by 30 per cent relative to an unimpacted baseline; combining that with the longstanding relationship between habitat area and species numbers suggests that around 9 per cent of the world's estimated 5.9 million terrestrial species – more than 500,000 species – have insufficient habitat for long-term survival, and are committed to extinction, many within decades, unless their habitats are restored","Invasive blackberry outcompetes the endemic Galapagos tree daisy S calesia p edunculata","Island florae are under threat from habitat loss and competition with introduced species worldwide. In the Galapagos Islands, the endemic tree daisy Scalesia pedunculata (Asteraceae) is the dominant tree in the cloud forest of Santa Cruz Island but suffers from competition with the invasive blackberry Rubus niveus. At the site Los Gemelos, a S. pedunculata population was monitored from 2014 to 2021 following mechanical and chemical removal of R. niveus from 17 plots and compared with 17 additional plots where R. niveus remained. The aim of this study was to evaluate the impacts of the R. niveus invasion on S. pedunculata by characterizing the effects of R. niveus removal. Parameters measured in S. pedunculata were diameter at breast height (DBH, from which annual growth rates were determined), total height, survival of individual plants, and recruitment. In the presence of R. niveus, S. pedunculata trees had smaller DBH stems and shorter asymptotic maximum heights, growth rates declined for thin trees, the mortality of larger trees was elevated, and S. pedunculata recruitment was absent. R. niveus removal resulted in DBH-ratios of S. pedunculata more frequently meeting our threshold for fast growth (1.2), trees growing significantly thicker and taller, annual mortality being lower (12.5% vs. 16.2% per year), and recruitment being successful. In the presence of R. niveus, lower survival, growth, and absent recruitment suggested that S. pedunculata could reach quasi-extinction in ~20 years. Swift and decisive management action is needed to prevent the Scalesia forest on Santa Cruz Island from disappearing in less than two decades.","https://doi.org/10.1002/eap.2846",,,,
"5475e16f","Coastal habitats, including estuaries and deltas critical for marine biota and regional economies, have been severely affected by sea-use changes (coastal development, offshore aquaculture, mariculture and bottom trawling) and land-use changes (onshore land clearance and urban sprawl along coastlines, plus pollution of rivers). Pollution from land sources is already a major driver of negative environmental change. Ocean mining, while relatively small, has expanded since 1981 to ~ 6,500 offshore oil and gas installations worldwide in 53 countries (60 per cent in the Gulf of Mexico by 2003) and likely will expand into the Arctic and Antarctic regions as the ice melts.","Microplastic Mass Concentrations and Distribution in German Bight Waters by Pyrolysis–Gas Chromatography–Mass Spectrometry/Thermochemolysis Reveal Potential Impact of Marine Coatings: Do Ships Leave Skid Marks?","In this first mass-related survey of microplastics (MPs, <1 mm) in the German Bight (North Sea, 2.5 m water depth), spatial load, temporal variations, and potential sources were examined. Relevant plastic types were detected using pyrolysis–gas chromatography–mass spectrometry/thermochemolysis (Py-GC/MS). This suitable method provides qualitative and trace-level polymer or polymer cluster-specific mass quantitative MP data. Neither MP concentration (2–1396 μg m –3 ) nor type distribution was homogeneous. Concentrations appeared to be substantially influenced by meteorological and oceanographic conditions. The coastal MP-type composition showed an overprint indicating a packaging waste-related signal. Considerably different compositions were observed in central and estuarine areas. Here, a close relation to marine (antifouling) coating particles, i.e., abrased chlorinated rubber-, acryl-styrene-, and epoxide binder-containing particles are hypothesized as the main MP source, indicating ship “skid marks”. They represent a dominant, toxicologically relevant but underestimated marine-based MP share, inverting the widely cited 80% terrestrial- to 20% marine-based debris ratio for MPs. In consequence of the findings, polymer clusters attributed to the basic polymers polyethylene, polypropylene, polystyrene, poly(ethylene terephthalate), poly(vinyl chloride), poly(methyl methacrylate), and polycarbonate are proposed for Py-GC/MS MPs mass determination based on specific thermal decomposition products linked to related polymer structural units.","https://doi.org/10.1021/acs.est.0c04522",,,,
"ed9a0456","Population declines often give warning that a species' risk of extinction is increasing. The Living Planet Index, which synthesises trends in vertebrate populations, shows that species have declined rapidly since 1970, with reductions of 40 per cent for terrestrial species, 84 per cent for freshwater species and 35 per cent for marine species","Assisted colonization of albatrosses in the California Channel Islands: conservation basis and suitability assessment","Laysan (Phoebastria immutabilis) and Black-footed Albatrosses (P. nigripes) nest primarily on low-lying atolls in the Northwestern Hawaiian Islands that are threatened by inundation from sea level rise and increasing storm surge associated with climate change. Restoration or creation of breeding colonies on higher islands is among the highest priority conservation actions for these species. A previous structured decision-making analysis identified the California Channel Islands as a possible restoration site for Black-footed Albatross. The California Current is part of the natural foraging ranges of Laysan and Black-footed albatrosses. Archaeological evidence indicates both species were present in the California Channel Islands prehistorically, yet neither currently nests in the Channel Islands. We assessed the feasibility of creating albatross breeding colonies in the Channel Islands using social attraction and translocation, and the suitability of each island. We used a risk analysis framework developed for the U.S. National Park Service to evaluate the potential ecological risks of this action. Creating an albatross colony in the Channel Islands is feasible using available methods. Santa Barbara and San Nicolas islands would be most suitable for albatross. Social attraction is less expensive and might be effective for creating a Laysan Albatross colony because that species is already visiting some islands. Translocation would be necessary to create a Black-footed Albatross colony. The risks associated with attempting to establish albatross breeding colonies in the Channel Islands were deemed to be generally low, but the risk of no action is high to these albatrosses. This can be a useful assisted colonization case study that can inform decisions by land managers and agencies regarding conservation of North Pacific albatrosses and other species.","https://doi.org/10.3389/fcosc.2023.1279373",,,,
"28fbf5ec","The proportion of species currently threatened with extinction according to the International Union for the Conservation of Nature's Red List criteria averages around 25 per cent across the many terrestrial, freshwater and marine vertebrate, invertebrate and plant groups that have been studied in sufficient detail to support a robust overall estimate","Biological annihilation via the ongoing sixth mass extinction signaled by vertebrate population losses and declines","The population extinction pulse we describe here shows, from a quantitative viewpoint, that Earth's sixth mass extinction is more severe than perceived when looking exclusively at species extinctions. Therefore, humanity needs to address anthropogenic population extirpation and decimation immediately. That conclusion is based on analyses of the numbers and degrees of range contraction (indicative of population shrinkage and/or population extinctions according to the International Union for Conservation of Nature) using a sample of 27,600 vertebrate species, and on a more detailed analysis documenting the population extinctions between 1900 and 2015 in 177 mammal species. We find that the rate of population loss in terrestrial vertebrates is extremely high-even in ""species of low concern."" In our sample, comprising nearly half of known vertebrate species, 32% (8,851/27,600) are decreasing; that is, they have decreased in population size and range. In the 177 mammals for which we have detailed data, all have lost 30% or more of their geographic ranges and more than 40% of the species have experienced severe population declines (>80% range shrinkage). Our data indicate that beyond global species extinctions Earth is experiencing a huge episode of population declines and extirpations, which will have negative cascading consequences on ecosystem functioning and services vital to sustaining civilization. We describe this as a ""biological annihilation"" to highlight the current magnitude of Earth's ongoing sixth major extinction event.","https://doi.org/10.1073/pnas.1704949114",,,,
"d47d0175","Although such market-based policy instruments as payments for ecosystem services, voluntary certification and biodiversity offsetting have increased in use, their effectiveness is mixed, and they are often contested; thus, they should be carefully designed and applied to avoid perverse effects in context","When do extraction rights help forests? Robustness and heterogeneity for linked interventions in the Peruvian Amazon","Abstract Large areas of forest are allocated to commercial logging concessions, some of which are eco‐certified. Theoretically, both holding concessions' rights to log and being eco‐certified can increase or decrease forest loss. Impact estimates are sparse and unsurprisingly mixed for these interventions (that aim to affect forest outcomes, if not always for conservation). We ask if adding different forest sensors, forest outcomes, and variations in forest contexts sheds new light upon the forest impacts of uncertified concessions and eco‐certifications. Using new global data, which include forest degradation, we estimate the forest impacts of these interventions within the Peruvian Amazon, disaggregating across timber regions to allow for heterogeneity in impacts across distinct contexts. Our results confirm that, when averaging across the regions, uncertified logging concessions do not increase deforestation (relative to unintervened forest), consistent with previous findings. Yet, separating regions adds insight for policy and external validity: uncertified concessions yield larger reductions in deforestation rates within the more highly pressured of these three core logging regions. Degradation data provide further insights: uncertified concessions did not shift transitions from forest to degraded status, yet reduced transitions from degraded status to deforested. Eco‐certifications did not reduce deforestation or degradation across contexts or outcomes.","https://doi.org/10.1111/csp2.70081",,,,
"b8545a72","The threat of extinction is also accelerating: in the best-studied taxonomic groups, most of the total extinction risk to species is estimated to have arisen in the past 40 years","How many bird extinctions have we prevented?","Considerable resources and efforts have been directed at biodiversity conservation in recent years, but measures of the success of conservation programmes have been limited. Based on information on population sizes, trends, threatening processes and the nature and intensity of conservation actions implemented during 1994–2004, we assessed that 16 bird species would have probably become extinct during this period if conservation programmes for them had not been undertaken. The mean minimum population size of these 16 species increased from 34 to 147 breeding individuals during 1994–2004. In 1994, 63% of them had declining populations but by 2004, 81% were increasing. Most of these species (63%) are found on islands. The principal threats that led to their decline were habitat loss and degradation (88%), invasive species (50%) and exploitation (38%), a pattern similar to that for other threatened species, but with exploitation and invasive species being relatively more important. The principal actions carried out were habitat protection and management (75% of species), control of invasive species (50%), and captive breeding and release (33%). The 16 species represent only 8.9% of those currently classified as Critically Endangered, and 1.3% of those threatened with extinction. Many of these additional species slipped closer to extinction during 1994–2004, including 164 that deteriorated in status sufficiently to be uplisted to higher categories of extinction risk on the IUCN Red List (IUCN, 2006). Efforts need to be considerably scaled up to prevent many more extinctions in the coming decades. The knowledge and tools to achieve this are available, but we need to mobilize the resources and political will to apply them.","https://doi.org/10.1017/s0030605306000950",,,,
"92dbdc95","A similar picture also emerges from an entirely separate line of evidence. Habitat loss and deterioration, largely caused by human actions, have reduced global terrestrial habitat integrity by 30 per cent relative to an unimpacted baseline; combining that with the longstanding relationship between habitat area and species numbers suggests that around 9 per cent of the world's estimated 5.9 million terrestrial species – more than 500,000 species – have insufficient habitat for long-term survival, and are committed to extinction, many within decades, unless their habitats are restored","Threatened species could be more vulnerable to climate change in tropical countries","Insects are the most speciose group of animals and play a central role in ecosystem processes and functioning, yet they are often overlooked in conservation studies. Many studies have reported a dramatic decline of insects globally, where climate change is considered a profound threat; however, how climate change is impacting tropical insects is largely unknown, given most studies are from the temperate region. Here, by considering Bangladeshi butterflies as a case study, I developed climatic suitability maps for 242 species and compared the suitability under current and future (2081-2100) climatic conditions. Overall, the projected future climate could impact 241 of 242 butterfly species (except for Spindasis elima), where 42% species could experience range contraction. Alarmingly, the impact could be significantly more severe among threatened species. While the direction of shift in habitat suitability could be multidimensional, about 65% of species might move north. While the suitability range could expand for about 58%, most threatened species (58%) could experience range contraction. The mean elevation of the suitable habitat could increase by 238%, and again the situation could be more severe for the threatened butterflies (from 42m to 108m). The niche-overlap analysis indicates that about 54% of the realised niche could be altered. Although there might be no significant association between the shift in habitat suitability along the elevational gradient, migratory species could experience a more significant shift than non-migrants. I show that climate change could have a severe impact on Bangladeshi butterflies – depending on Socio-Economic Pathways (ssps), the future climatic condition could be unsuitable for 2 (ssp126) – 34% (ssp585) species. To mitigate insect decline globally, and therefore, to meet the Post 2020 Biodiversity Framework targets, I urge immediate detection of climate change impact on tropical insects and developing effective conservation strategies.","https://doi.org/10.22541/au.165364576.66278153/v1",,,,
"ae5ff11f","Population declines often give warning that a species' risk of extinction is increasing. The Living Planet Index, which synthesises trends in vertebrate populations, shows that species have declined rapidly since 1970, with reductions of 40 per cent for terrestrial species, 84 per cent for freshwater species and 35 per cent for marine species","Abundance of aphid natural enemies on flowering service plants is associated with aphid prey and floral resources","Natural enemies of agricultural pests are dependent on alternative prey and floral food resources that may be scarce in intensively managed agricultural landscapes . Introduction of flowering service plants may provide food resources, but context-specific information on plant species and associated plant traits attractive and supportive to natural enemies is often lacking. Here, we assessed aphid natural enemies on 39 native and non-native service plant species in a replicated field experiment in Korla, Xinjiang, China, in 2020 and 2021. The natural enemy communities and aphid abundance on these plants were assessed using visual counts and sweepnetting. Flowering period, corolla type, and presence of extrafloral nectar on the plants were assessed as possible predictors for attractiveness to natural enemies. Gossypium hirsutum , Melilotus officinalis , Medicago sativa , Anethum graveolens , and Foeniculum vulgare were associated with relatively high natural enemy abundances, but G. hirsutum , M. officinalis and M. sativa also hosted cotton or cowpea aphids. Ladybeetles, predatory bugs and parasitoids showed positive responses to aphid densities on plants. Ladybeetle adults showed consistent positive responses to extrafloral nectar, open corollas and flowering across two years, while for other natural enemies this was only found in one out of two years. Our findings indicate that besides the provision of floral resources, aphid prey on service plants is an important characteristic that influences the attractivity of service plants to natural enemies. Service plants that host aphids that do not infest crops can therefore be useful for habitat management programs aiming to conserve and augment natural enemies.","https://doi.org/10.1016/j.agee.2025.109502",,,,
"d16803d4","Human actions have already driven at least 680 vertebrate species to extinction since 1500, including the Pinta Giant Tortoise in the Galapagos in 2012, even though successful conservation efforts have saved from extinction at least 26 bird species and 6 ungulate species, including the Arabian Oryx and Przewalski's Horse.","Defaunation in the Anthropocene","We live amid a global wave of anthropogenically driven biodiversity loss: species and population extirpations and, critically, declines in local species abundance. Particularly, human impacts on animal biodiversity are an under-recognized form of global environmental change. Among terrestrial vertebrates, 322 species have become extinct since 1500, and populations of the remaining species show 25% average decline in abundance. Invertebrate patterns are equally dire: 67% of monitored populations show 45% mean abundance decline. Such animal declines will cascade onto ecosystem functioning and human well-being. Much remains unknown about this ""Anthropocene defaunation""; these knowledge gaps hinder our capacity to predict and limit defaunation impacts. Clearly, however, defaunation is both a pervasive component of the planet's sixth mass extinction and also a major driver of global ecological change.","https://doi.org/10.1126/science.1251817",,,,
"d8b22d02","Local declines of insect populations such as wild bees and butterflies have often been reported, and insect abundance has declined very rapidly in some places even without large-scale land-use change, but the global extent of such declines is not known","More than 75 percent decline over 27 years in total flying insect biomass in protected areas","Global declines in insects have sparked wide interest among scientists, politicians, and the general public. Loss of insect diversity and abundance is expected to provoke cascading effects on food webs and to jeopardize ecosystem services. Our understanding of the extent and underlying causes of this decline is based on the abundance of single species or taxonomic groups only, rather than changes in insect biomass which is more relevant for ecological functioning. Here, we used a standardized protocol to measure total insect biomass using Malaise traps, deployed over 27 years in 63 nature protection areas in Germany (96 unique location-year combinations) to infer on the status and trend of local entomofauna. Our analysis estimates a seasonal decline of 76%, and mid-summer decline of 82% in flying insect biomass over the 27 years of study. We show that this decline is apparent regardless of habitat type, while changes in weather, land use, and habitat characteristics cannot explain this overall decline. This yet unrecognized loss of insect biomass must be taken into account in evaluating declines in abundance of species depending on insects as a food source, and ecosystem functioning in the European landscape.","https://doi.org/10.1371/journal.pone.0185809",,,,
"c2d05dca","Sustainability scenarios that explore moderate and equitable consumption result in substantially lower negative impacts on biodiversity and ecosystems due to food, feed and timber production","Global food demand and the sustainable intensification of agriculture","Global food demand is increasing rapidly, as are the environmental impacts of agricultural expansion. Here, we project global demand for crop production in 2050 and evaluate the environmental impacts of alternative ways that this demand might be met. We find that per capita demand for crops, when measured as caloric or protein content of all crops combined, has been a similarly increasing function of per capita real income since 1960. This relationship forecasts a 100-110% increase in global crop demand from 2005 to 2050. Quantitative assessments show that the environmental impacts of meeting this demand depend on how global agriculture expands. If current trends of greater agricultural intensification in richer nations and greater land clearing (extensification) in poorer nations were to continue, ~1 billion ha of land would be cleared globally by 2050, with CO(2)-C equivalent greenhouse gas emissions reaching ~3 Gt y(-1) and N use ~250 Mt y(-1) by then. In contrast, if 2050 crop demand was met by moderate intensification focused on existing croplands of underyielding nations, adaptation and transfer of high-yielding technologies to these croplands, and global technological improvements, our analyses forecast land clearing of only ~0.2 billion ha, greenhouse gas emissions of ~1 Gt y(-1), and global N use of ~225 Mt y(-1). Efficient management practices could substantially lower nitrogen use. Attainment of high yields on existing croplands of underyielding nations is of great importance if global crop demand is to be met with minimal environmental impacts.","https://doi.org/10.1073/pnas.1116437108",,,,
"76179435","The threat of extinction is also accelerating: in the best-studied taxonomic groups, most of the total extinction risk to species is estimated to have arisen in the past 40 years","Accelerated modern human–induced species losses: Entering the sixth mass extinction","The oft-repeated claim that Earth's biota is entering a sixth ""mass extinction"" depends on clearly demonstrating that current extinction rates are far above the ""background"" rates prevailing between the five previous mass extinctions. Earlier estimates of extinction rates have been criticized for using assumptions that might overestimate the severity of the extinction crisis. We assess, using extremely conservative assumptions, whether human activities are causing a mass extinction. First, we use a recent estimate of a background rate of 2 mammal extinctions per 10,000 species per 100 years (that is, 2 E/MSY), which is twice as high as widely used previous estimates. We then compare this rate with the current rate of mammal and vertebrate extinctions. The latter is conservatively low because listing a species as extinct requires meeting stringent criteria. Even under our assumptions, which would tend to minimize evidence of an incipient mass extinction, the average rate of vertebrate species loss over the last century is up to 100 times higher than the background rate. Under the 2 E/MSY background rate, the number of species that have gone extinct in the last century would have taken, depending on the vertebrate taxon, between 800 and 10,000 years to disappear. These estimates reveal an exceptionally rapid loss of biodiversity over the last few centuries, indicating that a sixth mass extinction is already under way. Averting a dramatic decay of biodiversity and the subsequent loss of ecosystem services is still possible through intensified conservation efforts, but that window of opportunity is rapidly closing.","https://doi.org/10.1126/sciadv.1400253",,,,
"d7cacdd8","Although such market-based policy instruments as payments for ecosystem services, voluntary certification and biodiversity offsetting have increased in use, their effectiveness is mixed, and they are often contested; thus, they should be carefully designed and applied to avoid perverse effects in context","Multi‐Sited Governance of Large‐Scale Land Acquisitions: Mapping and Evaluating the Terrain","Abstract Recent spikes in commodity prices, the growing appetite for primary commodities among emerging economies, growing interest in biofuels and speculations over future returns to land and its products have led to a renewed interest in farmland in the global South. With highly publicized risks and polarized “win‐lose” narratives, so‐called “land grabbing” has become an important focus of transnational governance activity. In juxtaposition to those seeing large‐scale land acquisitions as inherently risky or undesirable, some argue for the potential opportunities they engender—provided risks can be mitigated through improved governance. This paper explores this argument through a systematic analysis of the formal features of the multi‐sited governance mechanisms in place to guide agricultural investment and govern its social and environmental effects. The intent is not to discount the importance of informal norms and practices or the so‐called “lived experience of governance,” nor the argument that such land acquisitions are inherently flawed irrespective of the “discipline imposed on them.” Rather, the paper aims to explore the merits of the arguments advanced by the pro‐investment camp, and to explore the extent to which the emerging global governance architecture is set up to deliver on the purported benefits of large‐scale agricultural investment. Results suggest that serious weaknesses in the substantive scope, reach and/or implementation mechanisms in all of the reviewed governance mechanisms pose a serious risk to the likely effectiveness of the emerging governance architecture in minimizing risks and leveraging benefits. Addressing these weaknesses is an obvious first step for bolstering the credibility of those advocating that governance is the solution.","https://doi.org/10.1111/ropr.12070",,,,
"8bb34294","Nature can help to regulate disease and the immune system.","Biodiversity Loss Affects Global Disease Ecology","Changes in the type and prevalence of human diseases have occurred during shifts in human social organization, for example, from hunting and gathering to agriculture and with urbanization during the Industrial Revolution. The recent emergence and reemergence of infectious diseases appears to be driven by globalization and ecological disruption. We propose that habitat destruction and biodiversity loss associated with biotic homogenization can increase the incidence and distribution of infectious diseases affecting humans. The clearest connection between biotic homogenization and infectious disease is the spread of nonindigenous vectors and pathogens. The loss of predators and hosts that dilute pathogen transmission can also increase the incidence of vectorborne illnesses. Other mechanisms include enhanced abiotic conditions for pathogens and vectors and higher host-pathogen encounter rates. Improved understanding of these causal mechanisms can inform decisionmaking on biodiversity conservation as an effective way to protect human health.","https://doi.org/10.1525/bio.2009.59.11.6",,,,
