"id","claim","title","abstract","doi","verdict","note","reviewer","date"
"GA1-B-0072","Integrated landscape governance entails a mix of policies and instruments that together ensure nature conservation, ecological restoration and sustainable use, sustainable production (including of food, materials and energy), and sustainable forest management and infrastructure planning, and that address the major drivers of biodiversity loss and nature deterioration","Building the European Union’s Natura 2000 network","In the second half of the 20th Century there was a growing awareness of environmental problems, including the loss of species and habitats, resulting in many national and international initiatives, including the creation of organisations, such as the IUCN, treaties and conventions, such as Ramsar and the Berne Convention, and the establishment of networks of protected areas. Natura 2000 is a network of sites in the European for selected species and habitats listed in the 1979 Birds Directive and the 1992 Habitats Directive. Under the Habitats Directive a series of seminars and other meetings have been held with agreed criteria to ensure a coherent network. Despite both scientific and political difficulties the network is now nearing completion.","https://doi.org/10.3897/natureconservation.1.1808",,,,
"GA1-B-0044","More generally, human-made replacements often do not provide the full range of benefits provided by nature","Global distribution of soil organic carbon – Part 1: Masses and frequency distributions of SOC stocks for the tropics, permafrost regions, wetlands, and the world","Abstract. The global soil organic carbon (SOC) mass is relevant for the carbon cycle budget and thus atmospheric carbon concentrations. We review current estimates of SOC stocks and mass (stock × area) in wetlands, permafrost and tropical regions and the world in the upper 1 m of soil. The Harmonized World Soil Database (HWSD) v.1.2 provides one of the most recent and coherent global data sets of SOC, giving a total mass of 2476 Pg when using the original values for bulk density. Adjusting the HWSD's bulk density (BD) of soil high in organic carbon results in a mass of 1230 Pg, and additionally setting the BD of Histosols to 0.1 g cm−3 (typical of peat soils), results in a mass of 1062 Pg. The uncertainty in BD of Histosols alone introduces a range of −56 to +180 Pg C into the estimate of global SOC mass in the top 1 m, larger than estimates of global soil respiration. We report the spatial distribution of SOC stocks per 0.5 arcminutes; the areal masses of SOC; and the quantiles of SOC stocks by continents, wetland types, and permafrost types. Depending on the definition of ""wetland"", wetland soils contain between 82 and 158 Pg SOC. With more detailed estimates for permafrost from the Northern Circumpolar Soil Carbon Database (496 Pg SOC) and tropical peatland carbon incorporated, global soils contain 1325 Pg SOC in the upper 1 m, including 421 Pg in tropical soils, whereof 40 Pg occurs in tropical wetlands. Global SOC amounts to just under 3000 Pg when estimates for deeper soil layers are included. Variability in estimates is due to variation in definitions of soil units, differences in soil property databases, scarcity of information about soil carbon at depths > 1 m in peatlands, and variation in definitions of ""peatland"".","https://doi.org/10.5194/soil-1-351-2015",,,,
"GA1-B-0023","Other measures to expand multi-sectoral cooperation on coastal management include corporate social responsibility measures, standards for building and construction, and eco-labelling","Consequences of Environmental Service Payments for Forest Retention and Recruitment in a Costa Rican Biological Corridor","Morse, W. C., J. L. Schedlbauer, S. E. Sesnie, B. Finegan, C. A. Harvey, S. J. Hollenhorst, K. L. Kavanagh, D. Stoian, and J. D. Wulfhorst. 2009. Consequences of environmental service payments for forest retention and recruitment in a Costa Rican biological corridor. Ecology and Society 14(1): 23. https://doi.org/10.5751/ES-02688-140123","https://doi.org/10.5751/es-02688-140123",,,,
"GA1-B-0089","Humanity is a dominant global influence on life on earth, and has caused natural terrestrial, freshwater and marine ecosystems to decline","Ancient DNA Provides New Insights into the Evolutionary History of New Zealand's Extinct Giant Eagle","Prior to human settlement 700 years ago New Zealand had no terrestrial mammals--apart from three species of bats--instead, approximately 250 avian species dominated the ecosystem. At the top of the food chain was the extinct Haast's eagle, Harpagornis moorei. H. moorei (10-15 kg; 2-3 m wingspan) was 30%-40% heavier than the largest extant eagle (the harpy eagle, Harpia harpyja), and hunted moa up to 15 times its weight. In a dramatic example of morphological plasticity and rapid size increase, we show that the H. moorei was very closely related to one of the world's smallest extant eagles, which is one-tenth its mass. This spectacular evolutionary change illustrates the potential speed of size alteration within lineages of vertebrates, especially in island ecosystems.","https://doi.org/10.1371/journal.pbio.0030009",,,,
"GA1-B-0088","Whether or not the current removal of nearly 30 per cent of anthropogenic carbon dioxide emissions by terrestrial ecosystems continues into the future varies greatly from one scenario to the next and depends heavily on how climate change, atmospheric carbon dioxide and land-use change interact. Important regulating contributions of nature, such as coastal and soil protection, crop pollination and carbon storage, are projected to decline.","Ensemble projections of global ocean animal biomass with climate change","Abstract Climate change is shifting the abundance and distribution of marine species with consequences for ecosystem functioning, seafood supply, management and conservation. Several approaches for future projection exist but these have never been compared systematically to assess their variability. We conducted standardized ensemble projections including 6 global fisheries and marine ecosystem models, forced with 2 Earth-system models and 4 emission scenarios in a fished and unfished ocean, to derive average trends and associated uncertainties. Without fishing, mean global animal biomass decreased by 5% (±4%) under low and 17% (±11%) under high emissions by 2100, primarily driven by increasing temperature and decreasing primary production. These climate-change effects were slightly weaker for larger animals and in a fished ocean. Considerable regional variation ranged from strong biomass increases in high latitudes to strong decreases in mid-low latitudes, with good model agreement on the direction of change but variable magnitude. Uncertainties due to differences among ecosystem or Earth-system models were similar, suggesting equal need for model improvement. Our ensemble projections provide the most comprehensive outlook on potential climate-driven ecological changes in the ocean to date. Realized future trends will largely depend on how fisheries and management adapt to these changes in a changing climate.","https://doi.org/10.1101/467175",,,,
"GA1-B-0096","Climate change and business-as-usual fishing scenarios are expected to worsen the status of marine biodiversity","Predicting population consequences of ocean climate change for an ecosystem sentinel, the seabird Cassin's auklet","Abstract Forecasting the ecological effects of climate change on marine species is critical for informing greenhouse gas mitigation targets and developing marine conservation strategies that remain effective and increase species' resilience under changing climate conditions. Highly productive coastal upwelling systems are predicted to experience substantial effects from climate change, making them priorities for ecological forecasting. We used a population modeling approach to examine the consequences of ocean climate change in the California Current upwelling ecosystem on the population growth rate of the planktivorous seabird Cassin's auklet ( Ptychoramphus aleuticus ), a demographically sensitive indicator of marine climate change. We use future climate projections for sea surface temperature and upwelling intensity from a regional climate model to forecast changes in the population growth rate of the auklet population at the important Farallon Island colony in central California. Our study projected that the auklet population growth rate will experience an absolute decline of 11–45% by the end of the century, placing this population on a trajectory toward extinction. In addition, future changes in upwelling intensity and timing of peak upwelling are likely to vary across auklet foraging regions in the California Current Ecosystem (CCE), producing a mosaic of climate conditions and ecological impacts across the auklet range. Overall, the Farallon Island Cassin's auklet population has been declining during recent decades, and ocean climate change in this century under a mid‐level emissions scenario is projected to accelerate this decline, leading toward population extinction. Because our study species has proven to be a sensitive indicator of oceanographic conditions in the CCE and a powerful predictor of the abundance of other important predators (i.e. salmon), the significant impacts we predicted for the Cassin's auklet provide insights into the consequences that ocean climate change may have for other plankton predators in this system.","https://doi.org/10.1111/j.1365-2486.2010.02194.x",,,,
"GA1-B-0059","Sustainable development principles reduce by-catch and lower damage to seabeds and reefs. In addition, the set of established marine protected areas has been growing.","Shortfalls and Solutions for Meeting National and Global Conservation Area Targets","Abstract Governments have committed to conserving ≥17% of terrestrial and ≥10% of marine environments globally, especially “areas of particular importance for biodiversity” through “ecologically representative” Protected Area (PA) systems or other “area‐based conservation measures”, while individual countries have committed to conserve 3–50% of their land area. We estimate that PAs currently cover 14.6% of terrestrial and 2.8% of marine extent, but 59–68% of ecoregions, 77–78% of important sites for biodiversity, and 57% of 25,380 species have inadequate coverage. The existing 19.7 million km 2 terrestrial PA network needs only 3.3 million km 2 to be added to achieve 17% terrestrial coverage. However, it would require nearly doubling to achieve, cost‐efficiently, coverage targets for all countries, ecoregions, important sites, and species. Poorer countries have the largest relative shortfalls. Such extensive and rapid expansion of formal PAs is unlikely to be achievable. Greater focus is therefore needed on alternative approaches, including community‐ and privately managed sites and other effective area‐based conservation measures.","https://doi.org/10.1111/conl.12158",,,,
"GA1-B-0077","Emerging infectious diseases in wildlife, domestic animals, plants or people can be exacerbated by human activities such as land clearing and habitat fragmentation or the overuse of antibiotics driving rapid evolution of antibiotic resistance in many bacterial pathogens.","Ecological Consequences of Sea-Ice Decline","After a decade with nine of the lowest arctic sea-ice minima on record, including the historically low minimum in 2012, we synthesize recent developments in the study of ecological responses to sea-ice decline. Sea-ice loss emerges as an important driver of marine and terrestrial ecological dynamics, influencing productivity, species interactions, population mixing, gene flow, and pathogen and disease transmission. Major challenges in the near future include assigning clearer attribution to sea ice as a primary driver of such dynamics, especially in terrestrial systems, and addressing pressures arising from human use of arctic coastal and near-shore areas as sea ice diminishes.","https://doi.org/10.1126/science.1235225",,,,
"GA1-B-0098","Shifts in species distribution, changes in phenology, altered population dynamics and changes in the composition of species assemblage or the structure and function of ecosystems are accelerating in marine, terrestrial and freshwater systems.","A Framework for Debate of Assisted Migration in an Era of Climate Change","The Torreya Guardians are trying to save the Florida torreya (Torreya taxifolia Arn.) from extinction (Barlow & Martin 2004). Fewer than 1000 individuals of this coniferous tree remain within its native distribution, a 35-km stretch of the Apalachicola River, and these trees are not reproducing (Schwartz et al. 2000). Even if the Florida torreya was not declining toward extinction, the species would be at risk from climate change. Warming is projected to either significantly reduce or eliminate suitable habitat for most narrowly endemic taxa (Thomas et al. 2004; Hannah et al. 2005; Peterson et al. 2006), forcing species to colonize new terrain to survive. The focus of the Torreya Guardians is an “assisted migration” program that would introduce seedlings to forests across the Southern Appalachians and Cumberland Plateau (http://www.TorreyaGuardians.org). Their intent is to avert extinction by deliberately expanding the range of this endangered plant over 500 km northward. Because planting endangered plants in new environments is relatively simple as long as seeds are legally acquired and planted with landowner permission, the Torreya Guardians believe their efforts are justified. Introducing this species to regions where it has not existed for 65 million years is “[e]asy, legal, and cheap” (Barlow & Martin 2004). If circumventing climate-driven extinction is a conservation priority, then assisted migration must be considered a management option. Compelling evidence suggests that climate change will be a significant driver of extinction (McCarthy et al. 2001; McLaughlin et al. 2002; Root et al. 2003; Thomas et al. 2004). Researchers typically conclude that mitigating climate change and providing reserve networks that foster connectivity and movement should be a priority (e.g., Hannah et al. 2002). Ecologists must recognize, however, that even optimistic estimates of natural movement may be insufficient for species to keep pace with climate change. Assisted migration is a contentious issue that places different conservation objectives at odds with one another. This element of debate, together with the growing risk of biodiversity loss under climate change, means that now is the time for the conservation community to consider assisted migration. Our intent here is to highlight the problem caused by a lack of a scientifically based policy on assisted migration, suggest a spectrum of policy options, and outline a framework for moving toward a consensus on this emerging conservation dilemma. Land management agencies, in particular, must confront the issue of assisted migration in terms of their own management and their regulation of others' management efforts. Natural resource agencies are tasked with two mandates: preserving biodiversity and managing species of concern. Preserving biological diversity may include species diversity, habitat integrity, a historical construct of community structure, ecosystem function, or, more likely, a combination of these objectives (Grumbine 1994). As stewards of publicly owned land, agencies develop plans to accomplish these goals, and typically they lack a policy about new species that might be introduced for conservation purposes. Government agencies also play a role in regulation of the intentional movement of species. In the United States federal and state natural resource agencies are the arbiters of the management and movement of species (Czech & Krausman 2001). In practice private citizens have broad latitude with respect to species movement and are not obligated to seek governmental permission to release most legally acquired nonvertebrate species. Although individuals do not own wild animals that occur on their property, states typically only regulate the capture, movement, and release of a few species. Most states have rules that restrict the release of pest species into novel environments, although both content and jurisdiction vary (ELI 2002). Rules regarding noxious pest invasions, however, are typically limited to a subset of species whose movements are associated with outdoor recreation (e.g., zebra mussels on boats) or that threaten agriculture. The relative ease with which species may be legally moved around poses a problem. Historically, there has been little accountability for unwanted plant and animal invasions, even when this adversely affects a land owner's property value. Thus, most natural resource agencies lack policies that address the legal introduction by a private citizen of a globally threatened species into a new environment and the species' spread to adjoining areas. The prominence of assisted migration under climate change will depend on a broad spectrum of ethical and scientific beliefs (Fig. 1). The three axes in Fig. 1 emphasize how policy choices may be shaped by uncertainty in basic ecological understanding of the risks and benefits of assisted migration. A representation of ecological perceptions and information that might frame a policy of assisted migration. Positions on assisted migration (1–3) are located within a conceptual space and more fully explained in text. Ecologists likely vary in their perception of the risks associated with imposing or rejecting a policy of assisted migration. Conservation biologists studying rare endemics may be more willing to embrace assisted migration than ecologists studying invasive species, for example. In either case opinions about the appropriate scope and magnitude of assisted migration will also depend on confidence in our understanding of ecological dynamics (third axis in Fig. 1). We identify three positions that illustrate the choices to be made in formulating policy on this issue (Fig. 1). These positions characterize perspectives that we have heard in discussions with ecologists on this topic. We neither advocate nor reject particular positions, and all three positions are consistent with a strong desire to reduce anthropogenic warming and create a network of reserves that maximizes connectivity and movement potential. However, there are important conflicts between these perspectives. Proponents of position 1 are primarily motivated by the imminent threat of extinction, although they may also view species translocation as a way of addressing broader human-caused disequilibria with nature (Martin 2005). This policy may represent the best option to minimize species loss under devastating and rapid human-caused climate change, but it places existing communities under a high risk of disruption (Fig. 1). A strong advocate of assisted migration is convinced that climate constrains the distribution of most taxa, projections of habitat shifts associated with future climate change are accurate, and dispersal limitation warrants human assistance. An advocate of this position may also argue that time is short and the opportunity to develop specific predictions and models for all the species that require assistance is lacking. Management strategies consistent with position 1 include extensive translocation of species well beyond their native ranges and restoration-style establishment programs. The strongest advocates for position 1 would apply the principle broadly to many species. One would still expect that the major constraint on projects would be permissions and notification. Under any sort of assisted migration program, we believe it is ethically mandatory that the parties proposing to move species not only seek legal authority to collect individuals and deposit them in new habitats, but also must notify all parties that may be affected. Legal mechanisms will need to be established to protect assisted-migration agents from litigation and to compensate recipient regions for damages. Proponents of position 1 may require predictive habitat models to guide release of organisms, but they may also simply opt to endorse broad movement, allowing ecosystems to sort themselves out. Proponents that would use habitat models would typically have high confidence in the outcome of these predictive models and would argue that they can be generated quickly and easily for many taxa and tested with field trials. In Fig. 1 this position is high on the axis of both perceived risk of inaction and high on the axis of ecological confidence. Those who adhere to position 2 emphasize awareness of the unintended consequences of well-intentioned human interference. They recognize the enormous uncertainty in ecological understanding of what controls the distribution and abundance of species (Fig. 1), noting that great effort has been spent studying invasive species and yet which species will become pests cannot be predicted. Even with hindsight, it is difficult to say why some species become pests and others do not. Furthermore, the lag between introduction and population explosion in exotic invaders can be decades long, suggesting that efforts to monitor translocated species for negative ecological consequences is impractical. Proponents of position 2 also stress the difficulties and problems of predicting target regions for assisted migration: lack of data for modeling climatic envelopes of most species; the obvious violation made by envelope models in their assumption of uniform climatic tolerances across a species' range; the problem of how to include biotic interactions in determining the influence of climate on species; and sizeable uncertainty in climatic predictions themselves (Guisan & Thuiller 2005). Rejecting assisted migration will greatly increase the threat of climate-driven extinction. Policy consistent with position 2 must therefore place extensive emphasis on facilitating natural population spread. Scientific and conservation efforts to preserve isolated populations (Schwartz et al. 2002) and to design landscapes that facilitate spread (Pearson & Dawson 2005) are consistent with position 2. Opponents of assisted migration can take some comfort in knowing that existing species have accommodated rapid climate change in the past (Pitelka et al. 1997; Kullman 1998), but they must also accept the likelihood that restricting population spread to natural mechanisms may result in the extinction of species that might otherwise have survived. This position represents an attempt to balance the benefits and risks associated with assisted migration (Fig. 1). The hallmark of this position is the expectation that assisted migration is necessary to preserve biodiversity despite recognized risks. Risks can be minimized through careful restrictions on actions, planning, monitoring, and adaptive management. This position may range broadly between positions 1 and 2 (Fig. 1). Uncertainty as to the impacts of introducing species to novel environments and uncertainty in model predictions of the need to move organisms will demand constraints on assisted migration. Thus, proposals for assisted migration may require evidence of imminent threat, a quantitative model of predicted outcome of assisted migration, and an assisted migration management plan. Such a migration plan would be informed by scientific information on the topics described below, perhaps vetted by a board of experts charged with implementing the precautionary principle while allowing the establishment of pilot projects and easing policy restrictions when advances in research suggest it worthwhile. There are obvious costs to constraining assisted migration projects. For example, assisted migration proposals would require substantial data and thus could only be implemented for a few species of highest concern. In addition, supportive evidence may be disputed, which could result in costly delays in assisted migration actions. It is important for academics, advocates, and managers to discuss the role that assisted migration should play in the conservation of species. For example, a liberal policy of assisted migration, as described in position 1, may be irreversible, so we advocate a broad and open discussion before such actions are taken. Legitimate philosophical and scientific differences between positions may be difficult to reconcile. However, our shared concern about the biological consequences of climate change provides important common ground. The only policy options we categorically reject are the two that are currently being implemented. Maverick, unsupervised translocation efforts run the risk of undermining current conservation work and do not reflect a consensus among interested parties. We more strongly reject the far more ubiquitous “business as usual” scenario that is the current de facto policy. Data and models suggest that extinctions are likely to be numerous and imminent given the range shifts and contractions currently underway. Even a policy rejecting assisted migration will have to offer alternative approaches to prevent species extinction. Basic ecological research will play a role in resolving the issues raised by assisted migration. Here, we briefly outline five areas in which new information would help collapse the vertical axis in Fig. 1, resulting in better-informed policy: estimation and monitoring of species distributions, biogeographic modeling, community interactions, long-distance dispersal (LDD), and genetic diversity. We lack basic information about the current distribution of most species even in some developed nations (NAS 1993). Previous efforts to inventory the distribution and abundance of species in the United States, such as the National Biological Survey (NAS) failed under political pressure. There are no current efforts to implement programs monitoring species response to global change at a national scale, although the proposed U.S. National Ecological Observation Network (NEON) might provide a framework to address this lack of basic distributional data (http://www.neoninc.org). In Europe successful long-term monitoring programs show that it is possible to monitor range shifts across a wide spectrum of species (Thomas et al 2004; Parmesan & Yohe 2003). These programs do not require advanced technology, but they do require commitment and political will. Several researchers have developed future scenarios for species distributions under climate change and believe that the models behave well for broadly distributed species (Iverson et al. 1999; Berry et al. 2002; Matthews et al. 2004). Others are working to improve modeling methods and assess the accuracy of biogeographic range modeling (Gelfand et al. 2005; Guisan & Thuiller 2005; Elith et al. 2006; Wright et al. 2006). Narrowly distributed and infrequent species may be particularly difficult to model accurately (Stockwell & Peterson 2002). Schwartz et al. (2006b), for example, showed that model fit for trees and birds declines with small range size, and climatic parameters become less important explanatory variables. The extinction risk of narrowly distributed species, although constrained by some climatic tolerance limits, might not generally be well predicted under the assumption that their current distribution is constrained climatically. Biogeographic habitat models that predict range shifts with warming (e.g., Thomas et al. 2004) must assume such a constraint, and would result in an overemphasis on species risk and movement potential. The expectation that species will shift their distributions under global warming assumes that climate is the primary constraint on habitat occupancy. This limiting role of climate has been documented in some systems (e.g., Root 2003) but is largely unknown in others. Other interactions, including competition, trophic associations, and mutualisms also can be important in determining the range limits of species (e.g., Case et al. 2005). In these taxa, range shifts may not take place unless obligatory food resources or mutualists occur in (or move to) the region of desired expansion. Thus, paired or multispecies assisted migration may be necessary to enable range shifts in some species. Examples include specialized herbivores that require a particular species or genus of food plant (e.g., Hellmann 2002) and tree species that require mychorrhizal innocula for germination and growth (e.g., Schwartz et al. 2006a). To quantify the extent to which species interactions might limit the success of assisted migration, researchers could categorize the number of taxa with a range boundary that is shared with another, limiting species. For example, one could tally the proportion of herbivorous species that are range limited by host-plant availability. Research also is needed to determine when facultative interactions will limit the success of an introduced population and to reveal potential, novel interactions (e.g., predatory or competitive) that might limit the success of introduction. Such limiting interactions might be revealed in field trials. Studies of geographic variation in species interactions across ranges may suggest source populations for range expansion that are most likely to establish in a novel—or slightly different—community of interacting species. Assisted species also will affect their introduced region through species interactions. These novel interactions might be revealed in field trials. Particular attention should be paid to potential trophic cascades or indirect effects that the introduced species might cause as well as time lags in the appearance of those effects. Long-distance dispersal is one of the key processes in range dynamics, particularly in fragmented habitats that often are characteristic of the edge of a species' range. However, LDD is one of the most difficult aspects of population biology to characterize and small errors in the estimation of LDD could result in significant over or underestimation of natural changes in range (Clark et al. 2003; Trakhtenbrot et al. 2005). Improved LDD estimates are essential for two reasons. First, they are needed to predict which species do and which do not require an assisted migration intervention. Second, information on potential or historical LDD may be desirable even if a species is unlikely to disperse into areas made available by climate change. For example, consider a species capable of dispersal but facing an impermeable matrix on its poleward range edge. An assisted migration program for this species might attempt to simulate (as closely as possible) its “natural” potential for dispersal if such dispersal could occur. Novel technology would help in the estimation of and that could be on many organisms or seeds would help the dispersal at by the number of long-distance for key species. could or such it is at emerging problems in global change evidence suggests that genetic variation is adaptive 2004). This an on programs of assisted migration to source populations For populations in many species may be for they the that successful population expansion the & Thomas et al. 2001; et al. 2004). Such populations might the most suitable to introduce of a species' current range Furthermore, individuals from the of the range would likely be the most common under natural spread. the one might to from populations the in these populations may be most threatened by climate change & 2005). The growth of research is about source populations for introduction by genetic and providing into the historical processes that generated understanding the adaptive of this for species with is and & 2001; Hellmann et These are time and but they will be for an assisted-migration Under a scientific into these topics will our to identify appropriate for assisted migration and to implement in a way that ecological scientific will not these policy First, the of species biology the of assisted-migration plans for of the many species likely to be threatened by managers will be to range shifts based on broad of A has only limited success in likely invasive species 1999; & 2001). We expect that future will themselves in a position to invasive species for in and with in in processes such as LDD and species interactions means that more ecological information will not improve our to predictions (Clark et al. 2003). typically to provide information that the risks and benefits of assisted migration will require to uncertainty about (Clark et al. 2001). If this uncertainty is policies will have to adaptive of scientific the magnitude of climate-driven extinctions in policy and will the even more We advocate management strategies with the to to emerging from basic and but we cannot for To an extent this will have to be with we not the we The current that data for often provide for about assisted migration. research on assisted migration will be needed before can to informed policies of assisted migration: there a that should the of assisted of species should be as for should populations be introduced to minimize ecological such as these should be and by a broad of and policy A consensus that the risks and of alternative approaches to assisted migration and suggests strategies would be a significant toward a policy on this The alternative of to what is an of our and We from the U.S. of for Research to","https://doi.org/10.1111/j.1523-1739.2007.00676.x",,,,
"GA1-B-0038","Implementation beyond protected areas includes combating wildlife and timber trafficking through effective enforcement and ensuring the legality and sustainability of trade in wildlife. Such actions include prioritizing the prosecution of wildlife trafficking in criminal justice systems, using community-based social marketing to reduce demand and implementing strong measures to combat corruption at all levels","Wildlife population trends in protected areas predicted by national socio-economic metrics and body size","Ensuring that protected areas (PAs) maintain the biodiversity within their boundaries is fundamental in achieving global conservation goals. Despite this objective, wildlife abundance changes in PAs are patchily documented and poorly understood. Here, we use linear mixed effect models to explore correlates of population change in 1,902 populations of birds and mammals from 447 PAs globally. On an average, we find PAs are maintaining populations of monitored birds and mammals within their boundaries. Wildlife population trends are more positive in PAs located in countries with higher development scores, and for larger-bodied species. These results suggest that active management can consistently overcome disadvantages of lower reproductive rates and more severe threats experienced by larger species of birds and mammals. The link between wildlife trends and national development shows that the social and economic conditions supporting PAs are critical for the successful maintenance of their wildlife populations.","https://doi.org/10.1038/ncomms12747",,,,
"GA1-B-0013","In contrast, rising atmospheric carbon dioxide concentrations can be beneficial for net primary productivity and can enhance woody vegetation cover, especially in semi-arid regions","Major impacts of climate change on deep-sea benthic ecosystems","The deep sea encompasses the largest ecosystems on Earth. Although poorly known, deep seafloor ecosystems provide services that are vitally important to the entire ocean and biosphere. Rising atmospheric greenhouse gases are bringing about significant changes in the environmental properties of the ocean realm in terms of water column oxygenation, temperature, pH and food supply, with concomitant impacts on deep-sea ecosystems. Projections suggest that abyssal (3000–6000 m) ocean temperatures could increase by 1°C over the next 84 years, while abyssal seafloor habitats under areas of deep-water formation may experience reductions in water column oxygen concentrations by as much as 0.03 mL L–1 by 2100. Bathyal depths (200–3000 m) worldwide will undergo the most significant reductions in pH in all oceans by the year 2100 (0.29 to 0.37 pH units). O2 concentrations will also decline in the bathyal NE Pacific and Southern Oceans, with losses up to 3.7% or more, especially at intermediate depths. Another important environmental parameter, the flux of particulate organic matter to the seafloor, is likely to decline significantly in most oceans, most notably in the abyssal and bathyal Indian Ocean where it is predicted to decrease by 40–55% by the end of the century. Unfortunately, how these major changes will affect deep-seafloor ecosystems is, in some cases, very poorly understood. In this paper, we provide a detailed overview of the impacts of these changing environmental parameters on deep-seafloor ecosystems that will most likely be seen by 2100 in continental margin, abyssal and polar settings. We also consider how these changes may combine with other anthropogenic stressors (e.g., fishing, mineral mining, oil and gas extraction) to further impact deep-seafloor ecosystems and discuss the possible societal implications.","https://doi.org/10.1525/elementa.203",,,,
"GA1-B-0054","Despite a long history of resource use, conservation conflicts related to colonial expansion and land appropriation for parks and other uses","Linkages between cultural and scientific indicators of river and stream health","Scientific monitoring of river health is well established and has a significant role to play in environmental assessment by communities, managers and policy makers. Cultural indicators help to articulate cultural values, assess the state of the environment from a cultural perspective and assist with establishing a role for Māori in environmental monitoring. We reviewed the philosophies behind cultural and scientific monitoring of river health and compared the results from the two approaches at 25 sites in the Motueka and Riwaka catchments. Both scientific and cultural indicators suggested a decrease in river health in relation to increased land‐use pressure. There were also correlations between the results from the two approaches suggesting cultural indicators could be used in a similar manner as scientific indicators to set environmental benchmarks. Using scientific approaches alongside culturally based monitoring provides a wealth of knowledge to understand better what we mean by river health. The two approaches can be regarded as complementary and reflect two different knowledge systems and perspectives.","https://doi.org/10.1080/00288330.2011.570767",,,,
"GA1-B-0018","The ""Global sustainability"" scenario combines proactive environmental policy and sustainable production and consumption with low greenhouse gas emissions (SSP1, RCP2.6; top rows in each panel); The ""Regional competition"" scenario combines strong trade and other barriers and a growing gap between rich and poor with high emissions (SSP3, RCP6.0; middle rows); and The ""Economic optimism"" scenario combines rapid economic growth and low environmental regulation with very high greenhouse emissions (SSP5, RCP8.5; bottom rows). Multiple models were used with each of the scenarios to generate the first rigorous global-scale model comparison estimating the impact on biodiversity (change in species richness across a wide range of terrestrial plant and animal species at regional scales; orange bars), material NCP (food, feed, timber and bioenergy: purple bars) and regulating NCP (nitrogen retention, soil protection, crop pollination, crop pest control and ecosystem carbon storage and sequestration: white bars). The bars represent the normalized means of multiple models and the whiskers indicate the standard errors. The global means of percentage changes in individual indicators can be found in Figure 4.2.14.","Global food demand and the sustainable intensification of agriculture","Global food demand is increasing rapidly, as are the environmental impacts of agricultural expansion. Here, we project global demand for crop production in 2050 and evaluate the environmental impacts of alternative ways that this demand might be met. We find that per capita demand for crops, when measured as caloric or protein content of all crops combined, has been a similarly increasing function of per capita real income since 1960. This relationship forecasts a 100-110% increase in global crop demand from 2005 to 2050. Quantitative assessments show that the environmental impacts of meeting this demand depend on how global agriculture expands. If current trends of greater agricultural intensification in richer nations and greater land clearing (extensification) in poorer nations were to continue, ~1 billion ha of land would be cleared globally by 2050, with CO(2)-C equivalent greenhouse gas emissions reaching ~3 Gt y(-1) and N use ~250 Mt y(-1) by then. In contrast, if 2050 crop demand was met by moderate intensification focused on existing croplands of underyielding nations, adaptation and transfer of high-yielding technologies to these croplands, and global technological improvements, our analyses forecast land clearing of only ~0.2 billion ha, greenhouse gas emissions of ~1 Gt y(-1), and global N use of ~225 Mt y(-1). Efficient management practices could substantially lower nitrogen use. Attainment of high yields on existing croplands of underyielding nations is of great importance if global crop demand is to be met with minimal environmental impacts.","https://doi.org/10.1073/pnas.1116437108",,,,
"GA1-B-0063","The incorporation by society of the value of nature's contributions to people will entail shifts in governance even within private supply chains, for instance when civil society certifies and helps to reward desired practices, or when States block access to markets because of undesirable practices","Sustainable tourism certification marketing and its contribution to SME market access.","This chapter considers whether certifying (small- and medium-sized) tourism businesses for sustainability will contribute to greater consumer interest and build the market for ecotourism and sustainable tourism. The chapter reviews the literature on green consumer behaviour and sustainable tourism demand and the limited works available on the market for certified sustainable tourism. It also investigates key marketing challenges (as presented in the literature) in the green and sustainability marketplaces with respect to positioning, branding, business-to-business promotion and distribution. It is concluded that, while certification may be a valid method to involve businesses in quality and sustainability oversight of their businesses, there is insufficient evidence to suggest that certification of sustainable tourism will have market benefits, and that such benefits should not be used to justify government, NGO or donor support of tourism certification.","https://doi.org/10.1079/9781845932374.0147",,,,
"GA1-B-0056","Governments could reform subsidies and taxes to support nature and its contributions to people, removing perverse incentives and instead promoting diverse instruments such as payments linked to social and environmental metrics, as appropriate","Intra-settlement politics and conflict in enumerations","While traditionally an instrument of government power, enumerations are increasingly conducted by urban communities themselves to gain recognition and negotiate with city authorities. Most literature focuses on the productive relationship between communities and government enabled by enumerations, and how enumerations transfer power to communities. However, in highly unequal informal settlements, it is very important to understand who within the community gets such power. Through the ethnographic account of an enumeration promoted by a slum-upgrading project in Nairobi, this paper makes a contribution to the analysis of power in enumerations. The article reveals the strategies of local elites to shape the exercise in their favour. Often, local elites present themselves as representatives of the wider community and draw on this power and legitimacy to advance their specific claims. Therefore, rather than looking only at the relationship between state and community, analyses of enumeration processes should also pay more attention to the complexity of internal communities’ dynamics and conflicting interests, and how these play out in the relationships with the state.","https://doi.org/10.1177/0956247817700339",,,,
"GA1-B-0060","The deterioration of nature can exacerbate existing inequalities in access to health care or healthy diets.","Genetic Diversity for Stripe Rust Resistance in Wheat Landraces and Identification of Accessions with Resistance to Stem Rust and Stripe Rust","ABSTRACT Stripe rust, caused by Puccinia striiformis f. sp. tritici, and stem rust, caused by P. graminis f. sp. tritici, are economically important diseases of wheat (Triticum aestivum L.). Stripe rust continues to cause huge economic losses in major wheat‐growing regions as new races of the pathogen frequently emerge. Wheat landraces from diverse geographic regions are a potential source of novel rust resistance genes. In search of multiple rust resistance, a total of 652 landrace accessions from 54 countries previously screened for resistance to stem rust pathogen (race Ug99) were tested for resistance to current races of stripe rust in Pullman and Mt. Vernon, WA. Of the accessions, 165 showed resistance to stripe rust in the field, and 30 of them also had resistance to stem rust. The 652 landraces were genotyped with 72 simple sequence repeat markers, and 500 of them had data for 8633 single nucleotide polymorphism (SNP) markers covering the whole wheat genome. Genetic analysis based on SNP markers grouped the resistant landraces into nine different clusters in an unweighted pair group with arithmetic mean dendrogram and three groups in principal coordinates analyses, suggesting that resistant genotypes are genetically diverse and are expected to possess diverse resistance genes. Landraces with resistance to stem rust and stripe rust have both global and regional importance as sources of developing new and diverse resistant germplasm.","https://doi.org/10.2135/cropsci2013.07.0438",,,,
"GA1-B-0016","The effects of invasive alien species are often particularly severe for the native species and assemblages on islands and in other settings with high proportions of endemic species","Forecasting Agriculturally Driven Global Environmental Change","During the next 50 years, which is likely to be the final period of rapid agricultural expansion, demand for food by a wealthier and 50% larger global population will be a major driver of global environmental change. Should past dependences of the global environmental impacts of agriculture on human population and consumption continue, 10(9) hectares of natural ecosystems would be converted to agriculture by 2050. This would be accompanied by 2.4- to 2.7-fold increases in nitrogen- and phosphorus-driven eutrophication of terrestrial, freshwater, and near-shore marine ecosystems, and comparable increases in pesticide use. This eutrophication and habitat destruction would cause unprecedented ecosystem simplification, loss of ecosystem services, and species extinctions. Significant scientific advances and regulatory, technological, and policy changes are needed to control the environmental impacts of agricultural expansion.","https://doi.org/10.1126/science.1057544",,,,
"GA1-B-0079","Economic instruments that may be harmful to nature include subsidies, financial transfers, subsidized credit, tax abatements, and prices for commodities and industrial goods that hide environmental and social costs. Such instruments favour unsustainable production and, as a consequence, can promote deforestation, overfishing, urban sprawl, and wasteful uses of water. In 2015, agricultural support potentially harmful to nature amounted to $100 billion in countries belonging to the Organization for Economic Cooperation and Development, although some subsidy reforms to reduce unsustainable pesticide uses and adjust several other consequential development practices have been introduced","The Role of Participatory Governance and Community-Based Management in Integrated Coastal and Ocean Management in Canada","There is compelling evidence that participatory governance is crucial for contending with complex problems of managing for multiple values and outcomes to achieve ecological sustainability and economic development. Canada's Oceans Act, and federal oceans policy provide a strong basis for the participatory governance and community-based management of coastal and large ocean resources. The implementation of the Oceans Act and oceans policy has resulted in some steps toward participatory governance but has not adequately provided the mechanisms for a strong role for communities in integrated coastal and ocean management (ICOM). In order to strengthen and develop community participation in ICOM, nine initiatives are recommended: (1) shifting paradigms, (2) overcoming ‘turf protection,’ (3) ensuring compatibility of goals, (4) ensuring sufficiency of information, (5) dealing with internal community stratification, (6) creating cross-scale linkages, (7) creating a participatory policy environment, (8) building community capacity, and (9) monitoring and assessment of local-level initiatives.","https://doi.org/10.1080/10.1080/08920750600970511",,,,
"GA1-B-0086","Shifting diets towards a diversity of foods, including fish, fruit, nuts and vegetables, significantly reduces the risk of certain preventable non-communicable diseases, which are currently responsible for 20 per cent of premature mortality globally","Systemic insecticides (neonicotinoids and fipronil): trends, uses, mode of action and metabolites","Since their discovery in the late 1980s, neonicotinoid pesticides have become the most widely used class of insecticides worldwide, with large-scale applications ranging from plant protection (crops, vegetables, fruits), veterinary products, and biocides to invertebrate pest control in fish farming. In this review, we address the phenyl-pyrazole fipronil together with neonicotinoids because of similarities in their toxicity, physicochemical profiles, and presence in the environment. Neonicotinoids and fipronil currently account for approximately one third of the world insecticide market; the annual world production of the archetype neonicotinoid, imidacloprid, was estimated to be ca. 20,000 tonnes active substance in 2010. There were several reasons for the initial success of neonicotinoids and fipronil: (1) there was no known pesticide resistance in target pests, mainly because of their recent development, (2) their physicochemical properties included many advantages over previous generations of insecticides (i.e., organophosphates, carbamates, pyrethroids, etc.), and (3) they shared an assumed reduced operator and consumer risk. Due to their systemic nature, they are taken up by the roots or leaves and translocated to all parts of the plant, which, in turn, makes them effectively toxic to herbivorous insects. The toxicity persists for a variable period of time-depending on the plant, its growth stage, and the amount of pesticide applied. A wide variety of applications are available, including the most common prophylactic non-Good Agricultural Practices (GAP) application by seed coating. As a result of their extensive use and physicochemical properties, these substances can be found in all environmental compartments including soil, water, and air. Neonicotinoids and fipronil operate by disrupting neural transmission in the central nervous system of invertebrates. Neonicotinoids mimic the action of neurotransmitters, while fipronil inhibits neuronal receptors. In doing so, they continuously stimulate neurons leading ultimately to death of target invertebrates. Like virtually all insecticides, they can also have lethal and sublethal impacts on non-target organisms, including insect predators and vertebrates. Furthermore, a range of synergistic effects with other stressors have been documented. Here, we review extensively their metabolic pathways, showing how they form both compound-specific and common metabolites which can themselves be toxic. These may result in prolonged toxicity. Considering their wide commercial expansion, mode of action, the systemic properties in plants, persistence and environmental fate, coupled with limited information about the toxicity profiles of these compounds and their metabolites, neonicotinoids and fipronil may entail significant risks to the environment. A global evaluation of the potential collateral effects of their use is therefore timely. The present paper and subsequent chapters in this review of the global literature explore these risks and show a growing body of evidence that persistent, low concentrations of these insecticides pose serious risks of undesirable environmental impacts.","https://doi.org/10.1007/s11356-014-3470-y",,,,
"GA1-B-0078","Shifts in species distribution, changes in phenology, altered population dynamics and changes in the composition of species assemblage or the structure and function of ecosystems, are evident","Global Review of Social Indicators used in Protected Area Management Evaluation","Abstract Social considerations in conservation are increasingly recognized as important for successful environmental outcomes. However, social measures lack consistency and may underreport key issues. This article analyzes social indicators and well‐being dimensions used in protected area effectiveness tools, with specific attention to local communities and Indigenous peoples’ contexts. Using the Global Protected Area Management Effectiveness database, we reviewed 2,736 indicators from 38 methodologies applied in over 180 countries. We analyzed: (1) representation of human well‐being dimensions, (2) direction of impacts, and (3) level of neutrality in indicators. We found limited diversity and representation of important well‐being dimensions such as health and governance. While impacts on communities and nature are similarly measured, positive wording is used three times more often than negative, which may unintentionally bias evaluations. We recommend using and developing indicators with greater diversity, increased clarity, and reduced bias to enhance management and policy responses for biodiversity and human well‐being.","https://doi.org/10.1111/conl.12397",,,,
"GA1-B-0046","Nature can reduce levels of certain air pollutants","Hydrologic ecosystem services: linking ecohydrologic processes to human well‐being in water research and watershed management","Ecosystem services, the benefits ecosystems provide to people, and hydrologic services, the subset of terrestrial ecosystem services related to water, appear with increasing frequency in water resources research and watershed management. Linking biophysical function to human well‐being is central to the theory of ecosystem services, so distinctive characteristics of research on hydrologic services arise from addressing the way people are affected by ecohydrologic processes. However, based on a rapid scoping of 381 peer‐reviewed studies of hydrologic services, I identified only a small fraction that appear to effectively make the link from biophysical processes to people. In their abstracts, many of the reviewed articles use the language of hydrologic services but appear to be essentially disciplinary studies, accounting for either biophysical functioning or specific beneficiaries in their analysis, but not both. In addition to guiding research, the direct link from biophysical processes to human well‐being makes hydrologic services an appealing foundation for watershed management. The hydrologic services framework has been used to assess conservation benefits, evaluate management practices, prioritize siting, account for externalities, and perform trade‐off or cost‐benefit analysis. Hydrologic services hold potential for novel research and effective watershed management, but challenges remain in executing interdisciplinary research and in addressing the idiosyncratic demands of local management. WIREs Water 2015, 2:345–358. doi: 10.1002/wat2.1081 This article is categorized under: Water and Life > Conservation, Management, and Awareness Science of Water > Hydrological Processes Human Water > Value of Water","https://doi.org/10.1002/wat2.1081",,,,
"GA1-B-0066","Over 40 per cent of ocean area was strongly affected by multiple drivers in 2008, and 66 per cent was experiencing increasing cumulative impacts in 2014. Only 3 per cent of the ocean was described as free from human pressure in 2014.","A Quantitative Review of Urban Ecosystem Service Assessments: Concepts, Models, and Implementation","Although a number of comprehensive reviews have examined global ecosystem services (ES), few have focused on studies that assess urban ecosystem services (UES). Given that more than half of the world's population lives in cities, understanding the dualism of the provision of and need for UES is of critical importance. Which UES are the focus of research, and what types of urban land use are examined? Are models or decision support systems used to assess the provision of UES? Are trade-offs considered? Do studies of UES engage stakeholders? To address these questions, we analyzed 217 papers derived from an ISI Web of Knowledge search using a set of standardized criteria. The results indicate that most UES studies have been undertaken in Europe, North America, and China, at city scale. Assessment methods involve bio-physical models, Geographical Information Systems, and valuation, but few study findings have been implemented as land use policy.","https://doi.org/10.1007/s13280-014-0504-0",,,,
"GA1-B-0032","Nature can reduce levels of certain air pollutants","Seabird conservation status, threats and priority actions: a global assessment","Summary We review the conservation status of, and threats to, all 346 species of seabirds, based on BirdLife International’s data and assessments for the 2010 IUCN Red List. We show that overall, seabirds are more threatened than other comparable groups of birds and that their status has deteriorated faster over recent decades. The principal current threats at sea are posed by commercial fisheries (through competition and mortality on fishing gear) and pollution, whereas on land, alien invasive predators, habitat degradation and human disturbance are the main threats. Direct exploitation remains a problem for some species both at sea and ashore. The priority actions needed involve: a) formal and effective site protection, especially for Important Bird Area (IBA) breeding sites and for marine IBA feeding and aggregation sites, as part of national, regional and global networks of Marine Protected Areas; b) removal of invasive, especially predatory, alien species (a list of priority sites is provided), as part of habitat and species recovery initiatives; and c) reduction of bycatch to negligible levels, as part of comprehensive implementation of ecosystem approaches to fisheries. The main knowledge gaps and research priorities relate to the three topics above but new work is needed on impacts of aquaculture, energy generation operations and climate change (especially effects on the distribution of prey species and rise in sea level). We summarise the relevant national and international jurisdictional responsibilities, especially in relation to endemic and globally threatened species.","https://doi.org/10.1017/s0959270912000020",,,,
"GA1-B-0021","Nature can be conserved, restored and used sustainably while simultaneously meeting other global societal goals through urgent and concerted efforts fostering transformative change.","Stomatal conductance and gas exchange in four species of Caribbean mangroves exposed to ambient and increased CO 2","Stomatal conductance and gas exchange rates in sun leaves were measured in multiple individuals of four species of Caribbean mangroves common to south Florida, USA. Under ambient CO2 levels (340–360 ppm), stomatal conductance (mol m-2 s-1), net primary productivity (g CO2 m-2 min-1), transpiration (g H2O m-2 s-1), and instantaneous transpiration efficiency, ITE, (µmol CO2/mmol H2O) were not significantly different among the four species: Rhizophora mangle (Rm), Avicennia germinans (Ag), Laguncularia racemosa (Lr), and Conocarpus erectus (Ce). Under exposure to increased CO2 (361–485 ppm) there were highly significant ( P < 0.001) decreases in stomatal conductance and transpiration, and a highly significant increase in ITE in all four species. However, there was no significant change in net primary productivity in Rm, Ag and Ce, whereas there was a significant decrease ( P < 0.01) in net primary productivity in Lr.","https://doi.org/10.1071/mf98001",,,,
"GA1-B-0091","Many of nature's contributions to people are essential for human health and their decline thus threatens a good quality of life.","Review on urban vegetation and particle air pollution – Deposition and dispersion","Urban vegetation affects air quality through influencing pollutant deposition and dispersion. Both processes are described by many existing models and experiments, on-site and in wind tunnels, focussing e.g. on urban street canyons and crossings or vegetation barriers adjacent to traffic sources. There is an urgent need for well-structured experimental data, including detailed empirical descriptions of parameters that are not the explicit focus of the study. This review revealed that design and choice of urban vegetation is crucial when using vegetation as an ecosystem service for air quality improvements. The reduced mixing in trafficked street canyons on adding large trees increases local air pollution levels, while low vegetation close to sources can improve air quality by increasing deposition. Filtration vegetation barriers have to be dense enough to offer large deposition surface area and porous enough to allow penetration, instead of deflection of the air stream above the barrier. The choice between tall or short and dense or sparse vegetation determines the effect on air pollution from different sources and different particle sizes.","https://doi.org/10.1016/j.atmosenv.2015.01.052",,,,
"GA1-B-0050","Policy mixes that are harmonized across sectors, levels of governance and jurisdictions can account for ecological and social differences across and beyond the landscape, build on existing forms of knowledge and governance and address trade-offs between tangible and non-tangible benefits in a transparent and equitable manner.","Long-term research sites as refugia for threatened and over-harvested species","The presence of researchers, ecotourists or rangers inside protected areas is generally assumed to provide a protective effect for wildlife populations, mainly by reducing poaching pressure. However, this assumption has rarely been empirically tested. Here, we evaluate and quantify the conservation benefits of the presence of a long-term research area in Taï National Park, Côte d'Ivoire. A wildlife survey following 225 km of line transects revealed considerably higher primate and duiker encounter rates within the research area when compared with adjacent areas. This positive effect was particularly pronounced for threatened and over-harvested species, such as the endangered red colobus monkey (Procolobus badius). This pattern was clearly mirrored by a reversed gradient in signs of poaching, which decreased towards and inside the research area, a trend that was also supported with park-wide data. This study demonstrates that even relatively simple evidence-based analytical approaches can bridge the gap between conservation theory and practice. In addition, it emphasizes the value of establishing long-term research sites as an integral part of protected area management.","https://doi.org/10.1098/rsbl.2011.0155",,,,
"GA1-B-0035","Contemporary evolution is thus relevant to many policy concerns. Understanding and working with contemporary evolution can address important concerns surrounding pollination and dispersal, coral persistence in the face of ocean acidification, water quality, pest regulation, food production and options for the future","Biodiversity losses and conservation responses in the Anthropocene","Biodiversity is essential to human well-being, but people have been reducing biodiversity throughout human history. Loss of species and degradation of ecosystems are likely to further accelerate in the coming years. Our understanding of this crisis is now clear, and world leaders have pledged to avert it. Nonetheless, global goals to reduce the rate of biodiversity loss have mostly not been achieved. However, many examples of conservation success show that losses can be halted and even reversed. Building on these lessons to turn the tide of biodiversity loss will require bold and innovative action to transform historical relationships between human populations and nature.","https://doi.org/10.1126/science.aam9317",,,,
"GA1-B-0014","Sustaining freshwater in the context of climate change, rising demand for water extraction and increased levels of pollution involves both cross-sectoral and sector-specific interventions that improve water-use efficiency, increase storage, reduce sources of pollution, improve water quality, minimize disruption and foster the restoration of natural habitats and flow regimes","Efficiency indicators for waste-based business models: fostering private-sector participation in wastewater and faecal-sludge management","Opportunities for public–private partnerships based on cost recovery from the reuse of human waste remain unexplored. In this paper, the authors present four potential business models involving aquaculture, biogas recovery, compost production and the use of faecal sludge as an industrial fuel, and describe their associated financial flows. The business models are based on efficiency indicators that can provide decision support to local authorities and entrepreneurs in choosing options that are best suited to local conditions and needs. The ultimate target should be that a portion of revenues from reuse can help finance less-profitable sections of the sanitation service chain.","https://doi.org/10.1080/02508060.2011.594983",,,,
"GA1-B-0082","These coastal marine ecosystems are among the most productive systems globally, and their loss and deterioration reduce their ability to protect shorelines, and the people and species that live there, from storms, as well as their ability to provide sustainable livelihoods.","Global Review of Social Indicators used in Protected Area Management Evaluation","Abstract Social considerations in conservation are increasingly recognized as important for successful environmental outcomes. However, social measures lack consistency and may underreport key issues. This article analyzes social indicators and well‐being dimensions used in protected area effectiveness tools, with specific attention to local communities and Indigenous peoples’ contexts. Using the Global Protected Area Management Effectiveness database, we reviewed 2,736 indicators from 38 methodologies applied in over 180 countries. We analyzed: (1) representation of human well‐being dimensions, (2) direction of impacts, and (3) level of neutrality in indicators. We found limited diversity and representation of important well‐being dimensions such as health and governance. While impacts on communities and nature are similarly measured, positive wording is used three times more often than negative, which may unintentionally bias evaluations. We recommend using and developing indicators with greater diversity, increased clarity, and reduced bias to enhance management and policy responses for biodiversity and human well‐being.","https://doi.org/10.1111/conl.12397",,,,
"GA1-B-0015","Sea-level rise will displace close to 40 million people.","Continuity and change within the social-ecological and political landscape of the Maasai Mara, Kenya","Traditional livestock management has historically been blamed for the mismanagement of rangelands, but there is a growing recognition of the importance of extensive herding strategies and the local knowledge embedded in these practices. Here, we apply the lens of continuity and change to understand how local herders interpret environmental change. By exploring traditional rangeland indicators as used by Maasai herders, we highlight some of the forces of change that appear to constrain the application of local knowledge of rangeland health. Fieldwork was conducted from January to August 2013 in the Mara Division, Narok County, Kenya, employing semi-structured interviews, transect walks, focus groups, participatory mapping and participant observation. Findings suggest that continuity exists in many of the traditional methods of observing land and livestock. However, various obstructions are surfacing in a political landscape in which local knowledge holders are not always able to put their knowledge and observations into practice. These obstructions of knowledge, practices and skills occurred through three broad forces involving acculturation, prohibition and applicability. As possible consequences of a system in transition, these forces illustrate the unbalanced nature of overlap between heterogeneous users, conflicting interests and power differentials. In order to facilitate continued importance and growth of local knowledge, we conclude that resource and protected area managers must recognize local knowledge holders and ensure such knowledge is considered as more than anecdotal or strategic. By encouraging hybrid knowledge co-production in management decisions, the decision-making frame can be broadened to include herders for more inclusive decision-making.","https://doi.org/10.1186/s13570-016-0048-y",,,,
"GA1-B-0090","Sustainable landscape management can be better achieved through multifunctional, multi-use, multi-stakeholder and community-based approaches","Can social media be a tool for reducing consumers’ food waste? A behaviour change experiment by a UK retailer","This paper reports on a landmark study to field-test the influence of a large retailer to change the behaviour of its millions of customers. Previous studies have suggested that social media interaction can influence behaviour. This study implemented three interventions with messages to encourage reductions in food waste. The first was a social influence intervention that used the retailer’s Facebook pages to encourage its customers to interact. Two additional information interventions were used as a comparison through the retailer’s print/digital magazine and e-newsletter. Three national surveys tracked customers’ self-reported food waste one month before as well as two weeks after and five months after the interventions. The control group included those who said they had not seen any of the interventions. The results were surprising and significant in that the social media and e-newsletter interventions as well as the control group all showed significant reductions in self-reported food waste by customers over the study period. Hence in this field study, social media does not seem to replicate enough of the effect of ‘face-to-face’ interaction shown in previous studies to change behaviour above other factors in the shopping setting. This may indicate that results from laboratory-based studies may over-emphasise the effect of social media interventions.","https://doi.org/10.1016/j.resconrec.2016.10.016",,,,
"GA1-B-0036","Integrating cross-sectoral planning at the local, landscape and regional levels is important, as is involving diverse stakeholders","Communication and Cooperation in Social Dilemmas: A Meta-Analytic Review","Among the most researched solutions to social dilemmas is communication. Since the late 1950s, it has been well known that communication enhances cooperation in social dilemmas. This article reports a meta-analysis of this literature (forty-five effect sizes) and finds a large positive effect of communication on cooperation in social dilemmas ( d = 1.01). This effect is moderated by the type of communication, with a stronger effect of face-to-face discussion ( d = 1.21) compared to written messages ( d = 0.46). The communication-cooperation relationship is also stronger in larger, compared to smaller, group social dilemmas. Whether communication occurred before or during iterated dilemmas did not statistically affect the communication-cooperation effect size. Results are discussed according to theory and research on communication in social dilemmas.","https://doi.org/10.1177/0022002709352443",,,,
"GA1-B-0085","Marine ecosystems, from coastal to deep sea, now show the influence of human actions, with coastal marine ecosystems showing both large historical losses of extent and condition as well as rapid ongoing declines.","Results of efforts by the Convention on Biological Diversity to describe ecologically or biologically significant marine areas","In 2004, Parties to the Convention on Biological Diversity (CBD) addressed a United Nations (UN) call for area-based planning, including for marine-protected areas that resulted in a global effort to describe ecologically or biologically significant marine areas (EBSAs). We summarized the results, assessed their consistency, and evaluated the process developed by the Secretariat of the CBD to engage countries and experts in 9 regional workshops held from 2011 to 2014. Experts from 92 countries and 79 regional or international bodies participated. They considered 250 million km(2) of the world's ocean area (two-thirds of the total). The 204 areas they examined in detail differed widely in area (from 5.5 km(2) to 11.1 million km(2) ). Despite the initial focus of the CBD process on areas outside national jurisdiction, only 31 of the areas examined were solely outside national jurisdiction. Thirty-five extended into national jurisdictions, 137 were solely within national jurisdictions, and 28 included the jurisdictions of more than 1 country (1 area lacked precise boundaries). Data were sufficient to rank 88-99% of the areas relative to each of the 7 criteria for EBSAs agreed to previously by Parties to the CBD. The naturalness criterion ranked high for a smaller percentage of the EBSAs (31%) than other criteria (51-70%), indicating the difficulty in finding relatively undisturbed areas in the ocean. The highly participatory nature of the workshops, including easy and consistent access to the relevant information facilitated by 2 technical teams, contributed to the workshop participants success in identifying areas that could be ranked relative to most criteria and areas that extend across jurisdictional boundaries. The formal recognition of workshop results by the Conference of Parties to the CBD resulted in these 204 areas being identified as EBSAs by the 196 Parties. They represent the only suite of marine areas recognized by the international community for their greater importance for biodiversity it is their importance for biodiversity itself not conservation as process explicitly excluded management issues than their surroundings. This comes at a critical juncture in negotiations at the UN that will consider developing a new implementation agreement under UN Convention of the Law of the Sea to support the conservation and sustainable use of marine biological diversity beyond areas of national jurisdiction. The EBSA description process is a good example of how to bring the international community together to build a shared understanding of which ocean areas are particularly valuable to biodiversity.","https://doi.org/10.1111/cobi.12649",,,,
"GA1-B-0055","Nature provides among other contributions.","The empty forest revisited","Tropical forests are among the most species-rich ecosystems on the planet. Some authors argue that predictions of a tropical forest extinction crisis based on analyses of deforestation rates are overly pessimistic since they do not take account of future agricultural abandonment as a result of rural-urban migration and subsequent secondary regrowth. Even if such regrowth occurs, it is crucial to consider threats to species that are not directly correlated with area of forest cover. Hunting is an insidious but significant driver of tropical forest defaunation, risking cascading changes in forest plant and animal composition. Ineffective legislation and enforcement along with a failure of decision makers to address the threats of hunting is fanning the fire of a tropical forest extinction crisis. If tropical forest ecosystems are to survive, the threat of unsustainable hunting must be adequately addressed now.","https://doi.org/10.1111/j.1749-6632.2010.05908.x",,,,
"GA1-B-0049","In contrast, substantial increases in food, feed, timber and bioenergy production are predicted in most scenarios","Global change synergies and trade‐offs between renewable energy and biodiversity","Abstract Reliance on fossil fuels is causing unprecedented climate change and is accelerating environmental degradation and global biodiversity loss. Together, climate change and biodiversity loss, if not averted urgently, may inflict severe damage on ecosystem processes, functions and services that support the welfare of modern societies. Increasing renewable energy deployment and expanding the current protected area network represent key solutions to these challenges, but conflicts may arise over the use of limited land for energy production as opposed to biodiversity conservation. Here, we compare recently identified core areas for the expansion of the global protected area network with the renewable energy potential available from land‐based solar photovoltaic, wind energy and bioenergy (in the form of Miscanthus × giganteus ). We show that these energy sources have very different biodiversity impacts and net energy contributions. The extent of risks and opportunities deriving from renewable energy development is highly dependent on the type of renewable source harvested, the restrictions imposed on energy harvest and the region considered, with Central America appearing at particularly high potential risk from renewable energy expansion. Without restrictions on power generation due to factors such as production and transport costs, we show that bioenergy production is a major potential threat to biodiversity, while the potential impact of wind and solar appears smaller than that of bioenergy. However, these differences become reduced when energy potential is restricted by external factors including local energy demand. Overall, we found that areas of opportunity for developing solar and wind energy with little harm to biodiversity could exist in several regions of the world, with the magnitude of potential impact being particularly dependent on restrictions imposed by local energy demand. The evidence provided here helps guide sustainable development of renewable energy and contributes to the targeting of global efforts in climate mitigation and biodiversity conservation.","https://doi.org/10.1111/gcbb.12299",,,,
"GA1-B-0074","Climate change alone is projected to decrease ocean net primary production by between 3 and 10 per cent, and fish biomass by between 3 and 25 per cent (in low and high warming scenarios, respectively) by the end of the century","Simulated ocean acidification reveals winners and losers in coastal phytoplankton","The oceans absorb ~25% of the annual anthropogenic CO2 emissions. This causes a shift in the marine carbonate chemistry termed ocean acidification (OA). OA is expected to influence metabolic processes in phytoplankton species but it is unclear how the combination of individual physiological changes alters the structure of entire phytoplankton communities. To investigate this, we deployed ten pelagic mesocosms (volume ~50 m3) for 113 days at the west coast of Sweden and simulated OA (pCO2 = 760 μatm) in five of them while the other five served as controls (380 μatm). We found: (1) Bulk chlorophyll a concentration and 10 out of 16 investigated phytoplankton groups were significantly and mostly positively affected by elevated CO2 concentrations. However, CO2 effects on abundance or biomass were generally subtle and present only during certain succession stages. (2) Some of the CO2-affected phytoplankton groups seemed to respond directly to altered carbonate chemistry (e.g. diatoms) while others (e.g. Synechococcus) were more likely to be indirectly affected through CO2 sensitive competitors or grazers. (3) Picoeukaryotic phytoplankton (0.2-2 μm) showed the clearest and relatively strong positive CO2 responses during several succession stages. We attribute this not only to a CO2 fertilization of their photosynthetic apparatus but also to an increased nutrient competitiveness under acidified (i.e. low pH) conditions. The stimulating influence of high CO2/low pH on picoeukaryote abundance observed in this experiment is strikingly consistent with results from previous studies, suggesting that picoeukaryotes are among the winners in a future ocean.","https://doi.org/10.1371/journal.pone.0188198",,,,
"GA1-B-0083","Nature underpins quality of life by providing basic life support for humanity -regulating-, as well as material goods -material- and spiritual inspiration -non-material-","Potential Abiotic and Biotic Impacts of Zebra Mussels on the Inland Waters of North America","SYNOPSIS. The expansion of zebra mussel distribution into inland waterways of North America portends significant abiotic and biotic changes mediated either directly or indirectly by Dreissena. Dreissena fouls a wide array of submerged substrates including rock surfaces, macrophytes, native molluscs, canal and dock walls, and watercraft and motor outdrives. Fouling of water intake pipes and associated installations can severely impair water delivery to hydroelectric, municipal and industrial users, necessitating proactive or reactive control measures. Mussels increase water clarity by removing suspended clay, silt, bacteria, phytoplankton, and small zooplankton. Clear water phases associated with Dreissena grazing may exceed in magnitude and duration those generated by zooplankton grazing. Enhanced water clarity increases light transmittance and growth of benthic plants. Some benthic invertebrates {e.g., unionid molluscs) are adversely affected by Dreissena, whereas others, including amphipod crustaceans, exploit structure associated with or wastes generated by zebra mussels. Dreissena is exploited by a host of predators, most notably waterfowl, fish and crayfish. Waterfowl predators that consume contaminated Dreissena have elevated concentrations of organic pesticides and polychlorinated biphenyl compounds. Invasion of shallow lakes and ponds by Dreissena may divert production and biomass from pelagic to benthic foodwebs, shifting ecosystems to an alternative state.","https://doi.org/10.1093/icb/36.3.287",,,,
"GA1-B-0005","The proportion of species currently threatened with extinction according to the International Union for the Conservation of Nature's Red List criteria averages around 25 per cent across the many terrestrial, freshwater and marine vertebrate, invertebrate and plant groups that have been studied in sufficient detail to support a robust overall estimate","Filling in biodiversity threat gaps","Only 5% of global threat data sets meet a “gold standard”","https://doi.org/10.1126/science.aaf3565",,,,
"GA1-B-0075","To achieve the Sustainable Development Goals and the 2050 Vision for Biodiversity, future targets are likely to be more effective if they take into account the impacts of climate change","Local costs of conservation exceed those borne by the global majority","Cost data are crucial in conservation planning to identify more efficient and equitable land use options. However, many studies focus on just one cost type and neglect others, particularly those borne locally. We develop, for a high priority conservation area, spatial models of two local costs that arise from protected areas: foregone agricultural opportunities and increased wildlife damage. We then map these across the study area and compare them to the direct costs of reserve management, finding that local costs exceed management costs. Whilst benefits of conservation accrue to the global community, significant costs are borne by those living closest. Where livelihoods depend upon opportunities forgone or diminished by conservation intervention, outcomes are limited. Activities can be displaced (leakage); rules can be broken (intervention does not work); or the intervention forces a shift in livelihood profiles (potentially to the detriment of local peoples’ welfare). These raise concerns for both conservation and development outcomes and timely consideration of local costs is vital in conservation planning tools and processes.","https://doi.org/10.1016/j.gecco.2018.e00385",,,,
"GA1-B-0057","Human actions have already driven at least 680 vertebrate species to extinction since 1500, including the Pinta Giant Tortoise in the Galapagos in 2012, even though successful conservation efforts have saved from extinction at least 26 bird species and 6 ungulate species, including the Arabian Oryx and Przewalski's Horse.","More than 75 percent decline over 27 years in total flying insect biomass in protected areas","Global declines in insects have sparked wide interest among scientists, politicians, and the general public. Loss of insect diversity and abundance is expected to provoke cascading effects on food webs and to jeopardize ecosystem services. Our understanding of the extent and underlying causes of this decline is based on the abundance of single species or taxonomic groups only, rather than changes in insect biomass which is more relevant for ecological functioning. Here, we used a standardized protocol to measure total insect biomass using Malaise traps, deployed over 27 years in 63 nature protection areas in Germany (96 unique location-year combinations) to infer on the status and trend of local entomofauna. Our analysis estimates a seasonal decline of 76%, and mid-summer decline of 82% in flying insect biomass over the 27 years of study. We show that this decline is apparent regardless of habitat type, while changes in weather, land use, and habitat characteristics cannot explain this overall decline. This yet unrecognized loss of insect biomass must be taken into account in evaluating declines in abundance of species depending on insects as a food source, and ecosystem functioning in the European landscape.","https://doi.org/10.1371/journal.pone.0185809",,,,
"GA1-B-0073","Marine ecosystems, from coastal to deep sea, now show the influence of human actions, with coastal marine ecosystems showing both large historical losses of extent and condition as well as rapid ongoing declines.","Global Review of Social Indicators used in Protected Area Management Evaluation","Abstract Social considerations in conservation are increasingly recognized as important for successful environmental outcomes. However, social measures lack consistency and may underreport key issues. This article analyzes social indicators and well‐being dimensions used in protected area effectiveness tools, with specific attention to local communities and Indigenous peoples’ contexts. Using the Global Protected Area Management Effectiveness database, we reviewed 2,736 indicators from 38 methodologies applied in over 180 countries. We analyzed: (1) representation of human well‐being dimensions, (2) direction of impacts, and (3) level of neutrality in indicators. We found limited diversity and representation of important well‐being dimensions such as health and governance. While impacts on communities and nature are similarly measured, positive wording is used three times more often than negative, which may unintentionally bias evaluations. We recommend using and developing indicators with greater diversity, increased clarity, and reduced bias to enhance management and policy responses for biodiversity and human well‐being.","https://doi.org/10.1111/conl.12397",,,,
"GA1-B-0087","Local declines of insect populations such as wild bees and butterflies have often been reported, and insect abundance has declined very rapidly in some places even without large-scale land-use change, but the global extent of such declines is not known","Modern Insect Extinctions, the Neglected Majority","Abstract: Most extinctions estimated to have occurred in the historical past, or predicted to occur in the future, are of insects. Despite this, the study of insect extinctions has been neglected. Only 70 modern insect extinctions have been documented, although thousands are estimated to have occurred. By focusing on some of the 70 documented extinctions as case studies, I considered ways in which insect extinctions may differ from those of other taxa. These case studies suggested that two types of extinction might be common for insects but rare for other taxa: extinction of narrow habitat specialists and coextinctions of affiliates with the extinctions of their hosts. Importantly, both of these forms of extinction are often ignored by conservation programs focused on vertebrates and plants. Anecdotal evidence and recent simulations suggest that many insect extinctions may have already occurred because of loss of narrow habitat specialists from restricted habitats and the loss of hosts. If we are serious about insect conservation, we need to spend more time and money documenting such extinctions. To neglect such extinctions is to ignore the majority of species that are or were in need of conservation.","https://doi.org/10.1111/j.1523-1739.2005.00078.x",,,,
"GA1-B-0022","Nature can reduce levels of certain air pollutants","A typology of adaptation actions: A global look at climate adaptation actions financed through the Global Environment Facility","Climate change impacts threaten existing development efforts and achieving future sustainability goals. To build resilience and societal preparedness towards climate change, integration of adaptation into development is being increasingly emphasized. To date, much of the adaptation literature has been theoretical, reflecting the absence of empirical data from activities on the ground. However, the Funds established under the United Nations Framework Convention on Climate Change and managed by the Global Environment Facility, the Least Developed Countries Fund, the Special Climate Change Fund and the Strategic Priority for Adaptation, have approved financing for 133 adaptation projects in 70 countries with sufficient documented experience to allow for initial categorization and evaluation. This article provides the first substantial compendium of adaptation actions identified through the allocation and disbursement of these Funds and organizes these actions into a generalized typology of adaptation activities. The information obtained sheds new insight into what adaptation is, in practice, and suggests some next steps to strengthen the empirical database. Ten types of overarching adaptation activities were identified through an analysis of 92 projects financed through these Funds. This paper analyzes these adaptation activities and compares them with theoretical constructs of adaptation typologies. We find that many of the early ideas and concepts advanced by theoreticians are consistent with results from the field. The adaptation categories that recur the most in Global Environment Facility projects are enabling and relatively inexpensive measures, such as those related to capacity building, policy reform, and planning and management. However, a rich panoply of technical actions ranging from information and communications technology, to early warning systems, to new or improved infrastructure, are also identified as common project goals. Future refinements of the costs of various adaptation actions, the mixture of technical and management options, and evaluating the efficacy of actions implemented, will be key to informing the future global adaptation agenda.","https://doi.org/10.1016/j.gloenvcha.2014.01.003",,,,
"GA1-B-0039","The traits of species influence whether they persist or even thrive in human-modified ecosystems","IUCN SSC Invasive Species Specialist Group: invasive alien species information management supporting practitioners, policy makers and decision takers","The Invasive Species Specialist Group (ISSG) is a global network of scientific and policy experts on invasive species, organized under the auspices of the Species Survival Commission (SSC) of the International Union for Conservation of Nature (IUCN).ISSG aims to reduce threats to natural ecosystems and the native species they contain by increasing awareness of invasive alien species, and of ways to prevent, control or eradicate them.Since its establishment, over two decades ago, ISSG has taken the lead on collating, managing and disseminating global invasive species information, promoting practitioner networks and supporting development of policy and regulation aimed at reducing the insidious threat of biological invasions.All this has been accomplished through the development of knowledge products (such as the Global Invasive Species Database (GISD)), promoting dynamic networks such as Aliens-L, advocacy and publications.ISSG has actively catered to emerging needs with activities directed at key areas such as islands, threatened species, protected areas and developing invasive species indicators to support prioritising and monitoring management action.ISSG is working with partners advancing the adoption of a standardised framework of pathway categories and developing criteria for the ranking of known invasive species based on the type and magnitude of impacts.ISSG through participation in the Global Invasive Alien Species Information Partnership (GIASIPartnership) is working with other information providers supporting countries with current and authoritative information to effectively implement Article 8(h), Aichi Biodiversity Target 9 and other related decisions of the Convention on Biological Diversity (CBD) and other Multilateral Environmental Agreements (MEAs) such as the Convention on the Conservation of Migratory Species of Wild Animals (CMS) and the Ramsar Convention on Wetlands.","https://doi.org/10.3391/mbi.2015.6.2.03",,,,
"GA1-B-0011","Although such market-based policy instruments as payments for ecosystem services, voluntary certification and biodiversity offsetting have increased in use, their effectiveness is mixed, and they are often contested; thus, they should be carefully designed and applied to avoid perverse effects in context","An Uneven Playing Field: Regulatory Barriers to Communities Making a Living from the Timber from Their Forests–Examples from Cambodia, Nepal and Vietnam","Community forestry (CF) is widely viewed as the solution to many of the challenges facing forest management and governance in the Asia-Pacific region. However, it is often felt that CF is not delivering on its potential. This paper focuses on one possible limitation: the role of regulations in curbing communities’ ability to make a living from their timber resources. The work covers Cambodia, Nepal and Vietnam, using policy analyses, national level experts’ workshops, and focus group discussions in two CF sites in each country. The results highlight the fact that there are numerous, often prohibitive, regulations in place. One challenge is the regulations’ complexity, often requiring a level of capacity far beyond the ability of community members and local government staff. The paper puts forward various recommendations including simplifying regulations and making them more outcome-based, and facilitating key stakeholders, including government and community based organizations, working together on the design and piloting of forest monitoring based on mutually agreed forest management outcomes. The recommendations reflect the belief that for CF to succeed, communities must be allowed to make a meaningful living from their forests, a result of which would be increased investment in sustainable forest management.","https://doi.org/10.3390/f6103433",,,,
"GA1-B-0004","These options include integrated pest and nutrient management, organic agriculture, agroecological practices, soil and water conservation practices, conservation agriculture, agroforestry, silvopastoral systems, irrigation management, small or patch systems and practices to improve animal welfare. These practices could be enhanced through well-structured regulations, incentives and subsidies, the removal of distorting subsidies","Livestock production and the global environment: Consume less or produce better?","Proceedings of the National Academy of Sciences (PNAS), a peer reviewed journal of the National Academy of Sciences (NAS) - an authoritative source of high-impact, original research that broadly spans the biological, physical, and social sciences.","https://doi.org/10.1073/pnas.1012541107",,,,
"GA1-B-0025","Invasive alien species can have devastating effects on mainland assemblages as well: for example, a single invasive pathogen species, Batrachochytrium dendrobatidis, is a threat to nearly 400 amphibian species worldwide and has already caused a number of extinctions","Adaptive capabilities and fitness consequences associated with pollution exposure in fish","Many fish populations are exposed to harmful levels of chemical pollution and selection pressures associated with these exposures have led to the evolution of tolerance. Our understanding of the physiological basis for these adaptations is limited, but they are likely to include processes involved with the absorption, distribution, metabolism and/or excretion of the target chemical. Other potential adaptive mechanisms include enhancements in antioxidant responses, an increased capacity for DNA and/or tissue repair and alterations to the life cycle of fish that enable earlier reproduction. Analysis of single-nucleotide polymorphism frequencies has shown that tolerance to hydrocarbon pollutants in both marine and estuarine fish species involves alteration in the expression of the xenobiotic metabolism enzyme CYP1A. In this review, we present novel data showing also that variants of the CYP1A gene have been under selection in guppies living in Trinidadian rivers heavily polluted with crude oil. Potential costs associated with these adaptations could reduce fitness in unpolluted water conditions. Integrating knowledge of local adaptation to pollution is an important future consideration in conservation practices such as for successful restocking, and improving connectivity within river systems.This article is part of the themed issue 'Human influences on evolution, and the ecological and societal consequences'.","https://doi.org/10.1098/rstb.2016.0042",,,,
"GA1-B-0047","Large reductions and local extinctions of populations are widespread","Linking Public Participation in Scientific Research to the Indicators and Needs of International Environmental Agreements","Abstract Different monitoring approaches collect data that can measure progress toward achieving global environmental indicators. These indicators can: (1) Audit management actions; (2) Inform policy choices; and (3) Raise awareness among the public and policy makers. We present a generic, empirically based, framework of different environmental monitoring approaches, ranging from scientist‐driven to those undertaken by local people. This framework is used to assess monitoring possibilities for the Convention on Biological Diversity “2020” indicators, and those of 11 other international environmental agreements. Of the 186 indicators in these 12 environmental agreements, 69 (37%) require monitoring by professional scientists, whereas 117 (63%) can involve community members as “citizen scientists.” Promoting “community‐based” and “citizen science” approaches could significantly enrich monitoring progress within global environmental conventions. It would also link environmental monitoring to awareness raising and enhanced decision‐making at all levels of resource management.","https://doi.org/10.1111/conl.12024",,,,
"GA1-B-0027","Commercial fish populations have evolved to mature earlier under intensive harvesting, which sometimes can be minimized by mandating changes in fishing gear or fish size limits","Extinction risk and conservation of the world’s sharks and rays","The rapid expansion of human activities threatens ocean-wide biodiversity. Numerous marine animal populations have declined, yet it remains unclear whether these trends are symptomatic of a chronic accumulation of global marine extinction risk. We present the first systematic analysis of threat for a globally distributed lineage of 1,041 chondrichthyan fishes-sharks, rays, and chimaeras. We estimate that one-quarter are threatened according to IUCN Red List criteria due to overfishing (targeted and incidental). Large-bodied, shallow-water species are at greatest risk and five out of the seven most threatened families are rays. Overall chondrichthyan extinction risk is substantially higher than for most other vertebrates, and only one-third of species are considered safe. Population depletion has occurred throughout the world's ice-free waters, but is particularly prevalent in the Indo-Pacific Biodiversity Triangle and Mediterranean Sea. Improved management of fisheries and trade is urgently needed to avoid extinctions and promote population recovery. DOI: http://dx.doi.org/10.7554/eLife.00590.001.","https://doi.org/10.7554/elife.00590",,,,
"GA1-B-0071","Shifts in species distribution, changes in phenology, altered population dynamics and changes in the composition of species assemblage or the structure and function of ecosystems, are evident","Rare Species Support Vulnerable Functions in High-Diversity Ecosystems","Around the world, the human-induced collapses of populations and species have triggered a sixth mass extinction crisis, with rare species often being the first to disappear. Although the role of species diversity in the maintenance of ecosystem processes has been widely investigated, the role of rare species remains controversial. A critical issue is whether common species insure against the loss of functions supported by rare species. This issue is even more critical in species-rich ecosystems where high functional redundancy among species is likely and where it is thus often assumed that ecosystem functioning is buffered against species loss. Here, using extensive datasets of species occurrences and functional traits from three highly diverse ecosystems (846 coral reef fishes, 2,979 alpine plants, and 662 tropical trees), we demonstrate that the most distinct combinations of traits are supported predominantly by rare species both in terms of local abundance and regional occupancy. Moreover, species that have low functional redundancy and are likely to support the most vulnerable functions, with no other species carrying similar combinations of traits, are rarer than expected by chance in all three ecosystems. For instance, 63% and 98% of fish species that are likely to support highly vulnerable functions in coral reef ecosystems are locally and regionally rare, respectively. For alpine plants, 32% and 89% of such species are locally and regionally rare, respectively. Remarkably, 47% of fish species and 55% of tropical tree species that are likely to support highly vulnerable functions have only one individual per sample on average. Our results emphasize the importance of rare species conservation, even in highly diverse ecosystems, which are thought to exhibit high functional redundancy. Rare species offer more than aesthetic, cultural, or taxonomic diversity value; they disproportionately increase the potential breadth of functions provided by ecosystems across spatial scales. As such, they are likely to insure against future uncertainty arising from climate change and the ever-increasing anthropogenic pressures on ecosystems. Our results call for a more detailed understanding of the role of rarity and functional vulnerability in ecosystem functioning.","https://doi.org/10.1371/journal.pbio.1001569",,,,
"GA1-B-0003","This indicates that many species are unable to cope locally with the rapid pace of climate change, through either evolutionary or behavioural processes, and that their continued existence will also depend on the extent to which they are able to disperse, to track suitable climatic conditions, and to preserve their capacity to evolve.","Loss of functional diversity under land use intensification across multiple taxa","Land use intensification can greatly reduce species richness and ecosystem functioning. However, species richness determines ecosystem functioning through the diversity and values of traits of species present. Here, we analyze changes in species richness and functional diversity (FD) at varying agricultural land use intensity levels. We test hypotheses of FD responses to land use intensification in plant, bird, and mammal communities using trait data compiled for 1600+ species. To isolate changes in FD from changes in species richness we compare the FD of communities to the null expectations of FD values. In over one-quarter of the bird and mammal communities impacted by agriculture, declines in FD were steeper than predicted by species number. In plant communities, changes in FD were indistinguishable from changes in species richness. Land use intensification can reduce the functional diversity of animal communities beyond changes in species richness alone, potentially imperiling provisioning of ecosystem services.","https://doi.org/10.1111/j.1461-0248.2008.01255.x",,,,
"GA1-B-0097","Nature can help to regulate disease and the immune system.","Impact of diet in shaping gut microbiota revealed by a comparative study in children from Europe and rural Africa","Gut microbial composition depends on different dietary habits just as health depends on microbial metabolism, but the association of microbiota with different diets in human populations has not yet been shown. In this work, we compared the fecal microbiota of European children (EU) and that of children from a rural African village of Burkina Faso (BF), where the diet, high in fiber content, is similar to that of early human settlements at the time of the birth of agriculture. By using high-throughput 16S rDNA sequencing and biochemical analyses, we found significant differences in gut microbiota between the two groups. BF children showed a significant enrichment in Bacteroidetes and depletion in Firmicutes (P < 0.001), with a unique abundance of bacteria from the genus Prevotella and Xylanibacter, known to contain a set of bacterial genes for cellulose and xylan hydrolysis, completely lacking in the EU children. In addition, we found significantly more short-chain fatty acids (P < 0.001) in BF than in EU children. Also, Enterobacteriaceae (Shigella and Escherichia) were significantly underrepresented in BF than in EU children (P < 0.05). We hypothesize that gut microbiota coevolved with the polysaccharide-rich diet of BF individuals, allowing them to maximize energy intake from fibers while also protecting them from inflammations and noninfectious colonic diseases. This study investigates and compares human intestinal microbiota from children characterized by a modern western diet and a rural diet, indicating the importance of preserving this treasure of microbial diversity from ancient rural communities worldwide.","https://doi.org/10.1073/pnas.1005963107",,,,
"GA1-B-0002","Increasing awareness of interconnectedness in the context of the environmental crisis and new norms regarding interactions between humans and nature would support that change","Community conserved areas: policy issues in historic and contemporary context","Abstract Indigenous and community conserved areas (ICCAs) are natural and/or modified ecosystems containing biodiversity values, ecological services, and cultural values, voluntarily conserved by indigenous and other communities through local or customary laws. They are found in both terrestrial and marine areas; they range in size from <1 ha sacred groves to >30,000 km 2 indigenous territories in Brazil. ICCAs should be recognized for what they may contribute to national and global conservation systems, but there is little documentation of their potential or discussion of their policy implications. Here I examine the historic and contemporary context of ICCAs, provide examples, and raise policy issues related to: assessing the conservation benefits of ICCAs, integrating traditional knowledge into protected area management, finding the right mix of governance regimes, and dealing with challenges faced by them.","https://doi.org/10.1111/j.1755-263x.2008.00040.x",,,,
"GA1-B-0026","Nature underpins quality of life by providing basic life support for humanity -regulating-, as well as material goods -material- and spiritual inspiration -non-material-","Models meet data: Challenges and opportunities in implementing land management in Earth system models","As the applications of Earth system models (ESMs) move from general climate projections toward questions of mitigation and adaptation, the inclusion of land management practices in these models becomes crucial. We carried out a survey among modeling groups to show an evolution from models able only to deal with land-cover change to more sophisticated approaches that allow also for the partial integration of land management changes. For the longer term a comprehensive land management representation can be anticipated for all major models. To guide the prioritization of implementation, we evaluate ten land management practices-forestry harvest, tree species selection, grazing and mowing harvest, crop harvest, crop species selection, irrigation, wetland drainage, fertilization, tillage, and fire-for (1) their importance on the Earth system, (2) the possibility of implementing them in state-of-the-art ESMs, and (3) availability of required input data. Matching these criteria, we identify ""low-hanging fruits"" for the inclusion in ESMs, such as basic implementations of crop and forestry harvest and fertilization. We also identify research requirements for specific communities to address the remaining land management practices. Data availability severely hampers modeling the most extensive land management practice, grazing and mowing harvest, and is a limiting factor for a comprehensive implementation of most other practices. Inadequate process understanding hampers even a basic assessment of crop species selection and tillage effects. The need for multiple advanced model structures will be the challenge for a comprehensive implementation of most practices but considerable synergy can be gained using the same structures for different practices. A continuous and closer collaboration of the modeling, Earth observation, and land system science communities is thus required to achieve the inclusion of land management in ESMs.","https://doi.org/10.1111/gcb.13988",,,,
"GA1-B-0076","Almost half (47 per cent) of threatened terrestrial mammals, excluding bats, and one quarter (23 per cent) of threatened birds may have already been negatively affected by climate change in at least part of their distribution (birds in North America and Europe suggest effects of climate change in their population trends since the 1980s)","Catastrophes, Phase Shifts, and Large-Scale Degradation of a Caribbean Coral Reef","Many coral reefs have been degraded over the past two to three decades through a combination of human and natural disturbances. In Jamaica, the effects of overfishing, hurricane damage, and disease have combined to destroy most corals, whose abundance has declined from more than 50 percent in the late 1970s to less than 5 percent today. A dramatic phase shift has occurred, producing a system dominated by fleshy macroalgae (more than 90 percent cover). Immediate implementation of management procedures is necessary to avoid further catastrophic damage.","https://doi.org/10.1126/science.265.5178.1547",,,,
"GA1-B-0053","The lands of indigenous peoples and local communities, including farmers, pastoralists and herders, are often important areas for in situ conservation of the remaining varieties and breeds","Biodiversity in Agriculture","The introduction of plant and animal agriculture represents one of the most important milestones in human evolution. It contributed to the development of cities, alphabets, new technologies, and ultimately to civilizations, but it has also presented a threat to both human health and the environment. Bringing together research from a range of fields including anthropology, archaeology, ecology, economics, entomology, ethnobiology, genetics and geography, this book addresses key questions relating to agriculture. Why did agriculture develop and where did it originate? What are the patterns of domestication for plants and animals? How did agroecosystems originate and spread from their locations of origin? Exploring the cultural aspects of the development of agricultural ecosystems, the book also highlights how these topics can be applied to our understanding of contemporary agriculture, its long-term sustainability, the co-existence of agriculture and the environment, and the development of new crops and varieties.","https://doi.org/10.1017/cbo9781139019514",,,,
"GA1-B-0019","Climate change is already having an impact on nature, from genes to ecosystems. It poses a growing risk owing to the accelerated pace of change and interactions with other direct drivers","Extinction risk and conservation of the world’s sharks and rays","The rapid expansion of human activities threatens ocean-wide biodiversity. Numerous marine animal populations have declined, yet it remains unclear whether these trends are symptomatic of a chronic accumulation of global marine extinction risk. We present the first systematic analysis of threat for a globally distributed lineage of 1,041 chondrichthyan fishes-sharks, rays, and chimaeras. We estimate that one-quarter are threatened according to IUCN Red List criteria due to overfishing (targeted and incidental). Large-bodied, shallow-water species are at greatest risk and five out of the seven most threatened families are rays. Overall chondrichthyan extinction risk is substantially higher than for most other vertebrates, and only one-third of species are considered safe. Population depletion has occurred throughout the world's ice-free waters, but is particularly prevalent in the Indo-Pacific Biodiversity Triangle and Mediterranean Sea. Improved management of fisheries and trade is urgently needed to avoid extinctions and promote population recovery. DOI: http://dx.doi.org/10.7554/eLife.00590.001.","https://doi.org/10.7554/elife.00590",,,,
"GA1-B-0001","Shifting diets towards a diversity of foods, including fish, fruit, nuts and vegetables, significantly reduces the risk of certain preventable non-communicable diseases, which are currently responsible for 20 per cent of premature mortality globally","The Effectiveness, Costs and Coastal Protection Benefits of Natural and Nature-Based Defences","There is great interest in the restoration and conservation of coastal habitats for protection from flooding and erosion. This is evidenced by the growing number of analyses and reviews of the effectiveness of habitats as natural defences and increasing funding world-wide for nature-based defences-i.e. restoration projects aimed at coastal protection; yet, there is no synthetic information on what kinds of projects are effective and cost effective for this purpose. This paper addresses two issues critical for designing restoration projects for coastal protection: (i) a synthesis of the costs and benefits of projects designed for coastal protection (nature-based defences) and (ii) analyses of the effectiveness of coastal habitats (natural defences) in reducing wave heights and the biophysical parameters that influence this effectiveness. We (i) analyse data from sixty-nine field measurements in coastal habitats globally and examine measures of effectiveness of mangroves, salt-marshes, coral reefs and seagrass/kelp beds for wave height reduction; (ii) synthesise the costs and coastal protection benefits of fifty-two nature-based defence projects and; (iii) estimate the benefits of each restoration project by combining information on restoration costs with data from nearby field measurements. The analyses of field measurements show that coastal habitats have significant potential for reducing wave heights that varies by habitat and site. In general, coral reefs and salt-marshes have the highest overall potential. Habitat effectiveness is influenced by: a) the ratios of wave height-to-water depth and habitat width-to-wavelength in coral reefs; and b) the ratio of vegetation height-to-water depth in salt-marshes. The comparison of costs of nature-based defence projects and engineering structures show that salt-marshes and mangroves can be two to five times cheaper than a submerged breakwater for wave heights up to half a metre and, within their limits, become more cost effective at greater depths. Nature-based defence projects also report benefits ranging from reductions in storm damage to reductions in coastal structure costs.","https://doi.org/10.1371/journal.pone.0154735",,,,
"GA1-B-0028","Human-driven changes in species diversity within local ecological communities vary widely, depending on the net balance between species loss and the influx of alien species, disturbance-tolerant species, other human-adapted species or climate migrant species","Approaches to defining a planetary boundary for biodiversity","The idea that there is an identifiable set of boundaries, beyond which anthropogenic change will put the Earth system outside a safe operating space for humanity, is attracting interest in the scientific community and gaining support in the environmental policy world. Rockstrom et al. (2009) identify nine such boundaries and highlight biodiversity loss as being the single boundary where current rates of extinction put the Earth system furthest outside the safe operating space. Here we review the evidence to support a boundary based on extinction rates and identify weaknesses with this metric and its bearing on humanity's needs. While changes to biodiversity are of undisputed importance, we show that both extinction rate and species richness are weak metrics for this purpose, and they do not scale well from local to regional or global levels. We develop alternative approaches to determine biodiversity loss boundaries and extend our analysis to consider large-scale responses in the Earth system that could affect its suitability for complex human societies which in turn are mediated by the biosphere. We suggest three facets of biodiversity on which a boundary could be based: the genetic library of life; functional type diversity; and biome condition and extent. For each of these we explore the science needed to indicate how it might be measured and how changes would affect human societies. In addition to these three facets, we show how biodiversity's role in supporting a safe operating space for humanity may lie primarily in its interactions with other boundaries, suggesting an immediate area of focus for scientists and policymakers.","https://doi.org/10.1016/j.gloenvcha.2014.07.009",,,,
"GA1-B-0007","Many of nature's contributions to people are essential for human health.","The Growing Human Footprint on Coastal and Open-Ocean Biogeochemistry","Climate change, rising atmospheric carbon dioxide, excess nutrient inputs, and pollution in its many forms are fundamentally altering the chemistry of the ocean, often on a global scale and, in some cases, at rates greatly exceeding those in the historical and recent geological record. Major observed trends include a shift in the acid-base chemistry of seawater, reduced subsurface oxygen both in near-shore coastal water and in the open ocean, rising coastal nitrogen levels, and widespread increase in mercury and persistent organic pollutants. Most of these perturbations, tied either directly or indirectly to human fossil fuel combustion, fertilizer use, and industrial activity, are projected to grow in coming decades, resulting in increasing negative impacts on ocean biota and marine resources.","https://doi.org/10.1126/science.1185198",,,,
"GA1-B-0062","More generally, human-made replacements often do not provide the full range of benefits provided by nature","The rarity of direct experiences of nature in an urban population","As people live more urbanised lifestyles there is potential to lose daily contact with nature, diminishing access to the wide range of associated health benefits of interacting with nature. Experiences of nature vary widely across populations, but this variation is poorly understood. We surveyed 1023 residents of an urban population in the UK to measure four distinctly different nature interactions: indirect (viewing nature through a window at work and at home), incidental (spending time outside at work), intentional (time spent in private gardens) and intentional (time spent in public parks). Scaled-up to the whole study population, accumulation curves of the total number of hours per week that people were exposed to each type of nature interaction showed that 75% of nature interactions were experienced by half the population. Moreover, 75% of the interactions of a type where people were actually present in nature were experienced by just 32% of the population. The average hours each individual experienced nature per week varied across interactions: indirect (46.0 ± 27.3 SD), incidental (6.4 ± 12.7 SD), intentional-gardens (2.5 ± 2.9 SD) and intentional-parks (2.3 ± 2.7 SD). Experiencing nature regularly appears to be the exception rather than the norm, with a person’s connection to nature being positively associated with incidental and intentional experiences. This novel study provides baseline information regarding how an urban population experiences different types of nature. Deconstructing nature experience will pave the way for developing recommendations for targeted health outcomes.","https://doi.org/10.1016/j.landurbplan.2016.12.006",,,,
"GA1-B-0069","Climate change is already having an impact on nature, from genes to ecosystems. It poses a growing risk owing to the accelerated pace of change and interactions with other direct drivers","Pattern and process of biotic homogenization in the New Pangaea","Human activities have reorganized the earth's biota resulting in spatially disparate locales becoming more or less similar in species composition over time through the processes of biotic homogenization and biotic differentiation, respectively. Despite mounting evidence suggesting that this process may be widespread in both aquatic and terrestrial systems, past studies have predominantly focused on single taxonomic groups at a single spatial scale. Furthermore, change in pairwise similarity is itself dependent on two distinct processes, spatial turnover in species composition and changes in gradients of species richness. Most past research has failed to disentangle the effect of these two mechanisms on homogenization patterns. Here, we use recent statistical advances and collate a global database of homogenization studies (20 studies, 50 datasets) to provide the first global investigation of the homogenization process across major faunal and floral groups and elucidate the relative role of changes in species richness and turnover. We found evidence of homogenization (change in similarity ranging from -0.02 to 0.09) across nearly all taxonomic groups, spatial extent and grain sizes. Partitioning of change in pairwise similarity shows that overall change in community similarity is driven by changes in species richness. Our results show that biotic homogenization is truly a global phenomenon and put into question many of the ecological mechanisms invoked in previous studies to explain patterns of homogenization.","https://doi.org/10.1098/rspb.2012.1651",,,,
"GA1-B-0009","National Governments play a central role in supporting primary research, effective conservation and the sustainable use of multi-functional landscapes and seascapes. This entails planning ecologically representative networks of interconnected protected areas to cover key biodiversity areas and managing trade-offs between societal objectives that represent diverse worldviews and multiple values of nature.","Community-Based Conservation and Traditional Ecological Knowledge: Implications for Social-Ecological Resilience","Ruiz-Mallén, I. and E. Corbera. 2013. Community-based conservation and traditional ecological knowledge: implications for social-ecological resilience. Ecology and Society 18(4):12. https://doi.org/10.5751/ES-05867-180412","https://doi.org/10.5751/es-05867-180412",,,,
"GA1-B-0048","Integrating cross-sectoral planning at the local, landscape and regional levels is important, as is involving diverse stakeholders","Changing Norms to Change Behavior","Providing people with information about the behavior and attitudes of their peers is a strategy commonly employed by those seeking to reduce behavior deemed harmful either to individuals (e.g., high alcohol consumption) or the collective (e.g., high energy consumption). We review norm-based interventions, detailing the logic behind them and the various forms they can take. We give special attention to interventions designed to decrease college students' drinking and increase environment-friendly behaviors. We identify the conditions under which norm information has the highest likelihood of changing the targeted behavior and discuss why this is the case.","https://doi.org/10.1146/annurev-psych-010814-015013",,,,
"GA1-B-0041","Although such market-based policy instruments as payments for ecosystem services, voluntary certification and biodiversity offsetting have increased in use, their effectiveness is mixed, and they are often contested; thus, they should be carefully designed and applied to avoid perverse effects in context","“Opening Up” and “Closing Down”","Discursive deference in the governance of science and technology is rebalancing from expert analysis toward participatory deliberation. Linear, scientistic conceptions of innovation are giving ground to more plural, socially situated understandings. Yet, growing recognition of social agency in technology choice is countered by persistently deterministic notions of technological progress. This article addresses this increasingly stark disjuncture. Distinguishing between “appraisal” and “commitment” in technology choice, it highlights contrasting implications of normative, instrumental, and substantive imperatives in appraisal. Focusing on the role of power, it identifies key commonalities transcending the analysis/participation dichotomy. Each is equally susceptible to instrumental framing for variously weak and strong forms of justification. To address the disjuncture, it is concluded that greater appreciation is required—in both analytic and participatory appraisal—to facilitating the opening up (rather than the closing down) of governance commitments on science and technology.","https://doi.org/10.1177/0162243907311265",,,,
"GA1-B-0092","Decision makers have a range of options and tools for improving the sustainability of economic and financial systems.","An Uneven Playing Field: Regulatory Barriers to Communities Making a Living from the Timber from Their Forests–Examples from Cambodia, Nepal and Vietnam","Community forestry (CF) is widely viewed as the solution to many of the challenges facing forest management and governance in the Asia-Pacific region. However, it is often felt that CF is not delivering on its potential. This paper focuses on one possible limitation: the role of regulations in curbing communities’ ability to make a living from their timber resources. The work covers Cambodia, Nepal and Vietnam, using policy analyses, national level experts’ workshops, and focus group discussions in two CF sites in each country. The results highlight the fact that there are numerous, often prohibitive, regulations in place. One challenge is the regulations’ complexity, often requiring a level of capacity far beyond the ability of community members and local government staff. The paper puts forward various recommendations including simplifying regulations and making them more outcome-based, and facilitating key stakeholders, including government and community based organizations, working together on the design and piloting of forest monitoring based on mutually agreed forest management outcomes. The recommendations reflect the belief that for CF to succeed, communities must be allowed to make a meaningful living from their forests, a result of which would be increased investment in sustainable forest management.","https://doi.org/10.3390/f6103433",,,,
"GA1-B-0084","(for example, see Figure SPM.8).","Coral reefs will transition to net dissolving before end of century","Acid reef-flux The uptake of anthropogenic carbon dioxide from the atmosphere is reducing the pH of the oceans. Ocean acidification means that calcium carbonate—the material with which coral reefs are built—will be more difficult for organisms to generate and will dissolve more quickly. Eyre et al. report that some reefs are already experiencing net sediment dissolution. Worryingly, the rates of loss will increase as ocean acidification intensifies. Science , this issue p. 908","https://doi.org/10.1126/science.aao1118",,,,
"GA1-B-0081","Achieving a sustainable economy involves making fundamental reforms to economic and financial systems and tackling poverty and inequality as vital parts of sustainability","Can Catch Shares Prevent Fisheries Collapse?","Recent reports suggest that most of the world's commercial fisheries could collapse within decades. Although poor fisheries governance is often implicated, evaluation of solutions remains rare. Bioeconomic theory and case studies suggest that rights-based catch shares can provide individual incentives for sustainable harvest that is less prone to collapse. To test whether catch-share fishery reforms achieve these hypothetical benefits, we have compiled a global database of fisheries institutions and catch statistics in 11,135 fisheries from 1950 to 2003. Implementation of catch shares halts, and even reverses, the global trend toward widespread collapse. Institutional change has the potential for greatly altering the future of global fisheries.","https://doi.org/10.1126/science.1159478",,,,
"GA1-B-0020","Nature provides among other contributions.","Systemic insecticides (neonicotinoids and fipronil): trends, uses, mode of action and metabolites","Since their discovery in the late 1980s, neonicotinoid pesticides have become the most widely used class of insecticides worldwide, with large-scale applications ranging from plant protection (crops, vegetables, fruits), veterinary products, and biocides to invertebrate pest control in fish farming. In this review, we address the phenyl-pyrazole fipronil together with neonicotinoids because of similarities in their toxicity, physicochemical profiles, and presence in the environment. Neonicotinoids and fipronil currently account for approximately one third of the world insecticide market; the annual world production of the archetype neonicotinoid, imidacloprid, was estimated to be ca. 20,000 tonnes active substance in 2010. There were several reasons for the initial success of neonicotinoids and fipronil: (1) there was no known pesticide resistance in target pests, mainly because of their recent development, (2) their physicochemical properties included many advantages over previous generations of insecticides (i.e., organophosphates, carbamates, pyrethroids, etc.), and (3) they shared an assumed reduced operator and consumer risk. Due to their systemic nature, they are taken up by the roots or leaves and translocated to all parts of the plant, which, in turn, makes them effectively toxic to herbivorous insects. The toxicity persists for a variable period of time-depending on the plant, its growth stage, and the amount of pesticide applied. A wide variety of applications are available, including the most common prophylactic non-Good Agricultural Practices (GAP) application by seed coating. As a result of their extensive use and physicochemical properties, these substances can be found in all environmental compartments including soil, water, and air. Neonicotinoids and fipronil operate by disrupting neural transmission in the central nervous system of invertebrates. Neonicotinoids mimic the action of neurotransmitters, while fipronil inhibits neuronal receptors. In doing so, they continuously stimulate neurons leading ultimately to death of target invertebrates. Like virtually all insecticides, they can also have lethal and sublethal impacts on non-target organisms, including insect predators and vertebrates. Furthermore, a range of synergistic effects with other stressors have been documented. Here, we review extensively their metabolic pathways, showing how they form both compound-specific and common metabolites which can themselves be toxic. These may result in prolonged toxicity. Considering their wide commercial expansion, mode of action, the systemic properties in plants, persistence and environmental fate, coupled with limited information about the toxicity profiles of these compounds and their metabolites, neonicotinoids and fipronil may entail significant risks to the environment. A global evaluation of the potential collateral effects of their use is therefore timely. The present paper and subsequent chapters in this review of the global literature explore these risks and show a growing body of evidence that persistent, low concentrations of these insecticides pose serious risks of undesirable environmental impacts.","https://doi.org/10.1007/s11356-014-3470-y",,,,
"GA1-B-0030","Implementation beyond protected areas includes combating wildlife and timber trafficking through effective enforcement and ensuring the legality and sustainability of trade in wildlife. Such actions include prioritizing the prosecution of wildlife trafficking in criminal justice systems, using community-based social marketing to reduce demand and implementing strong measures to combat corruption at all levels","The Illegal Wildlife Trade","Abstract The illegal wildlife trade is a growing problem driven by a number of factors (e.g. subsistence, alternative medicine, accessories, the pet trade). High demand for illicit wildlife products is threatening the existence of many of the most-endangered species. By unsustainably removing coveted species from the wild, communities that depend on such species for subsistence or eco-tourism will be adversely impacted by depleting populations. Laws and regulations have been implemented over the years, most notably CITES, to regulate the commercial trade in wildlife and prohibit trade in other species that are at-risk of overexploitation albeit with mixed success. Criminologists have recently entered the fold and provided insight to the wildlife trade through various perspectives. Researchers are beginning to better understand why and how the trade operates and what solutions might be implemented to reduce it. The article ends with implications for future research.","https://doi.org/10.1093/oxfordhb/9780199935383.013.161",,,,
"GA1-B-0017","Many of these changes can have significant impacts on a number of important economic sectors, and cascading effects for other components of biodiversity. Island nations, in particular those in East Asia and the Pacific region, will be most vulnerable to sea-level rise (1m) as projected by all climate change scenarios.","Indirect effects of invasive species removal devastate World Heritage Island","Summary Owing to the detrimental impacts of invasive alien species, their control is often a priority for conservation management. Whereas the potential for unforeseen consequences of management is recognized, their associated complexity and costs are less widely appreciated. We demonstrate that theoretically plausible trophic cascades associated with invasive species removal not only take place in reality, but can also result in rapid and drastic landscape‐wide changes to ecosystems. Using a combination of population data from of an invasive herbivore, plot‐scale vegetation analyses, and satellite imagery, we show how a management intervention to eradicate a mesopredator has inadvertently and rapidly precipitated landscape‐wide change on sub‐Antarctic Macquarie Island. This happened despite the eradication being positioned within an integrated pest management framework. Following eradication of cats Felis catus in 2001, rabbit Oryctolagus cuniculus numbers increased substantially although a control action was in place ( Myxoma virus), resulting in island‐wide ecosystem effects. Synthesis and applications . Our results highlight an important lesson for conservation agencies working to eradicate invasive species globally; that is, risk assessment of management interventions must explicitly consider and plan for their indirect effects, or face substantial subsequent costs. On Macquarie Island, the cost of further conservation action will exceed AU$24 million.","https://doi.org/10.1111/j.1365-2664.2008.01601.x",,,,
"GA1-B-0051","National Governments play a central role in supporting primary research, effective conservation and the sustainable use of multi-functional landscapes and seascapes. This entails planning ecologically representative networks of interconnected protected areas to cover key biodiversity areas and managing trade-offs between societal objectives that represent diverse worldviews and multiple values of nature.","Ex-post compensation payments for wolf predation on livestock in Italy: a tool for conservation?","Context. Compensation programs have become a common tool to mitigate conflicts between farmers and large predators; however, their effectiveness is based on a series of assumptions that should be carefully and continuously assessed within an adaptive management framework. Ex-post compensation programs were adopted in Italy as a financial incentive to aid wolf conservation since the 1970s; however, their implementation has never been monitored nor actively managed in the past 35 years, during which time a remarkable recovery of wolf population and range expansion into more human-dominated landscapes has taken place. Aims. We hereby report on wolf-damage compensation programs in Italy and discuss their conservation value. Methods. We used data on wolf-damage compensation that we compiled at the national scale for the period 1991–95. Although not recent, these were unfortunately the only available data at the national scale, and were instrumental in supporting our discussion on compensation programs, as these are increasingly becoming a politically and economically sensitive issue. Key results. From 1991 to 1995, annual compensation costs represented on average 86% of the alleged losses to farmers, and averaged €1 825 440 (±169 760 s.d.), or about €5150 (±750) per wolf per year. Compensation costs varied markedly from region to region, although local differences were hardly explainable in terms of wolf densities and their trends at the regional scale. On the contrary, they appeared largely affected by inconsistencies in rules and procedures of regional compensation schemes. Conclusions. In the light of persistently high occurrence of wolf–livestock conflict, and widespread illegal killing of wolves, we argue that compensation programs in Italy currently provide no evidence of being a functional and cost-effective conservation tool. However, lack of monitoring of compensation costs in Italy at all institutional levels, including non-government organisations (NGOs), reveals that compensation policies are not being evaluated, nor is their effectiveness being assessed. Implications. We contend this is an unwise and unsustainable strategy to reduce the conflict, especially in the light of the recent increase in wolf numbers and, most importantly, a marked change in livestock husbandry practices. By emphasising the need for a thorough revision of the compensation schemes adopted for wolf conservation in Italy, we advocate new and theoretically sound solutions to current compensation policies.","https://doi.org/10.1071/wr10029",,,,
"GA1-B-0070","Those proportions suggest that, of an estimated 8 million animal and plant species (75 per cent of which are insects), around 1 million are threatened with extinction","Estimating local biodiversity change: a critique of papers claiming no net loss of local diversity","Global species extinction rates are orders of magnitude above the background rate documented in the fossil record. However, recent data syntheses have found mixed evidence for patterns of net species loss at local spatial scales. For example, two recent data meta-analyses have found that species richness is decreasing in some locations and is increasing in others. When these trends are combined, these papers argued there has been no net change in species richness, and suggested this pattern is globally representative of biodiversity change at local scales. Here we reanalyze results of these data syntheses and outline why this conclusion is unfounded. First, we show the datasets collated for these syntheses are spatially biased and not representative of the spatial distribution of species richness or the distribution of many primary drivers of biodiversity change. This casts doubt that their results are representative of global patterns. Second, we argue that detecting the trend in local species richness is very difficult with short time series and can lead to biased estimates of change. Reanalyses of the data detected a signal of study duration on biodiversity change, indicating net biodiversity loss is most apparent in studies of longer duration. Third, estimates of species richness change can be biased if species gains during post-disturbance recovery are included without also including species losses that occurred during the disturbance. Net species gains or losses should be assessed with respect to common baselines or reference communities. Ultimately, we need a globally coordinated effort to monitor biodiversity so that we can estimate and attribute human impacts as causes of biodiversity change. A combination of technologies will be needed to produce regularly updated global datasets of local biodiversity change to guide future policy. At this time the conclusion that there is no net change in local species richness is not the consensus state of knowledge.","https://doi.org/10.1890/15-1759.1",,,,
"GA1-B-0029","Climate change alone is projected to decrease ocean net primary production by between 3 and 10 per cent, and fish biomass by between 3 and 25 per cent (in low and high warming scenarios, respectively) by the end of the century","Carrying capacity of U.S. agricultural land: Ten diet scenarios","Abstract Strategies for environmental sustainability and global food security must account for dietary change. Using a biophysical simulation model we calculated human carrying capacity under ten diet scenarios. The scenarios included two reference diets based on actual consumption and eight “Healthy Diet” scenarios that complied with nutritional recommendations but varied in the level of meat content. We considered the U.S. agricultural land base and accounted for losses, processing conversions, livestock feed needs, suitability of land for crops or grazing, and land productivity. Annual per capita land requirements ranged from 0.13 to 1.08 ha person-1 year-1 across the ten diet scenarios. Carrying capacity varied from 402 to 807 million persons; 1.3 to 2.6 times the 2010 U.S. population. Carrying capacity was generally higher for scenarios with less meat and highest for the lacto-vegetarian diet. However, the carrying capacity of the vegan diet was lower than two of the healthy omnivore diet scenarios. Sensitivity analysis showed that carrying capacity estimates were highly influenced by starting assumptions about the proportion of cropland available for cultivated cropping. Population level dietary change can contribute substantially to meeting future food needs, though ongoing agricultural research and sustainable management practices are still needed to assure sufficient production levels.","https://doi.org/10.12952/journal.elementa.000116",,,,
"GA1-B-0008","Nature can be conserved, restored and used sustainably while simultaneously meeting other global societal goals through urgent and concerted efforts fostering transformative change.","Global reductions in seafloor biomass in response to climate change","Seafloor organisms are vital for healthy marine ecosystems, contributing to elemental cycling, benthic remineralization, and ultimately sequestration of carbon. Deep-sea life is primarily reliant on the export flux of particulate organic carbon from the surface ocean for food, but most ocean biogeochemistry models predict global decreases in export flux resulting from 21st century anthropogenically induced warming. Here we show that decadal-to-century scale changes in carbon export associated with climate change lead to an estimated 5.2% decrease in future (2091-2100) global open ocean benthic biomass under RCP8.5 (reduction of 5.2 Mt C) compared with contemporary conditions (2006-2015). Our projections use multi-model mean export flux estimates from eight fully coupled earth system models, which contributed to the Coupled Model Intercomparison Project Phase 5, that have been forced by high and low representative concentration pathways (RCP8.5 and 4.5, respectively). These export flux estimates are used in conjunction with published empirical relationships to predict changes in benthic biomass. The polar oceans and some upwelling areas may experience increases in benthic biomass, but most other regions show decreases, with up to 38% reductions in parts of the northeast Atlantic. Our analysis projects a future ocean with smaller sized infaunal benthos, potentially reducing energy transfer rates though benthic multicellular food webs. More than 80% of potential deep-water biodiversity hotspots known around the world, including canyons, seamounts, and cold-water coral reefs, are projected to experience negative changes in biomass. These major reductions in biomass may lead to widespread change in benthic ecosystems and the functions and services they provide.","https://doi.org/10.1111/gcb.12480",,,,
"GA1-B-0024","Safeguarding protected areas into the future also entails enhancing monitoring and enforcement systems, managing biodiversity-rich land and sea beyond protected areas, addressing property rights conflicts and protecting environmental legal frameworks against the pressure of powerful interest groups. In many areas, conservation depends on building capacity and enhancing stakeholder collaboration, involving non-profit groups as well as indigenous peoples and local communities to establish and manage marine protected areas and marine protected area networks, and proactively using instruments such as landscape-scale and seascape-scale participatory scenarios and spatial planning, including transboundary conservation planning","Community-Based Conservation and Traditional Ecological Knowledge: Implications for Social-Ecological Resilience","Ruiz-Mallén, I. and E. Corbera. 2013. Community-based conservation and traditional ecological knowledge: implications for social-ecological resilience. Ecology and Society 18(4):12. https://doi.org/10.5751/ES-05867-180412","https://doi.org/10.5751/es-05867-180412",,,,
"GA1-B-0031","Climate change alone is projected to decrease ocean net primary production by between 3 and 10 per cent, and fish biomass by between 3 and 25 per cent (in low and high warming scenarios, respectively) by the end of the century","Global scenarios for biodiversity need to better integrate climate and land use change","It is now widely recognized that climate and land use changes are among the most important threats to biodiversity and ecosystem services (Maxwell, Fuller, Brooks, & Watson, 2016; Scheffers et al., 2016). Biodiversity models and scenarios are developed to explore the possible future impacts of these threats (Thuiller et al., 2013; Urban et al., 2016). Such approaches are needed to inform decision-makers on conservation or management options that anticipate the response of biodiversity to future climate and land use change. From the 1990s to the early 2000s, biodiversity models and scenarios based on climate change simulations accumulated in the scientific literature at a rate similar to that of scenarios assessing the future impacts of land use change on biodiversity. Since the early 2000s, the number of scenarios based on climate change simulations has shot up while those addressing the effects of land use change have increased only slightly (Titeux et al., 2016). The research focus on the future impacts of climate change on biodiversity is now stronger than ever before (Figure 1). The steep increase in the consideration of climate change in biodiversity models and scenarios coincides with the release of the special report on emission scenarios (SRES) by the Intergovernmental Panel on Climate Change (IPCC) in 2000 (Nakicenovic et al., 2000) and its use in the Third Assessment Report in 2001 (Figure 1). The IPCC has played a key role in assessing the scientific information available from research co-ordinated at the global level. The SRES provided an overarching framework for the development of climate change simulations that are used as a reference and made widely accessible through dedicated data distribution centres. Through its endeavour to provide decision-makers with scientifically credible information on climate change and its effects on the environment and the society, the IPCC has also raised public awareness and impacted policy (Zhao, 2017). Climate change has become part of a large number of research programmes and funding instruments within, but also beyond, the scope of climate research. The whole scientific community has been increasingly stimulated to examine the impacts of climate change as an issue of societal concern. The focus on climate change in biodiversity scenarios has not been matched by similar attention to the consequences of land use change (Sirami et al., 2017; Titeux et al., 2016), despite the publication of an IPCC special report on this issue at the same time as the SRES (Watson et al., 2000). Underrepresenting land use change in scenarios that explore possible futures for biodiversity is not a credible approach because the direct destruction and modification of habitats will remain a significant conservation threat in the near future (Maxwell et al., 2016; Pereira, Navarro, & Martins, 2012; Tingley, Estes, & Wilcove, 2013). This imbalanced research agenda now imposes critical constraints when it comes to guiding anticipative conservation actions and to weighing the future outcomes of different policy or management options (Titeux, Henle, Mihoub, & Brotons, 2016). Most of the few studies that project the combined impacts of multiple threats such as climate and land use change on biodiversity are based on integrated assessment models developed for the climate change community and adopted by the IPCC. These models simulate future changes in the main types of vegetation and their impacts on climate (Verburg, van Asselen, van der Zanden, & Stehfest, 2012), but they only capture a part of the key aspects of land use that impact biodiversity (Harfoot et al., 2014; Martin, Van Dyck, Dendoncker, & Titeux, 2013). For instance, changing land management and the intensity of land use will cause unprecedented habitat modifications in the future but are largely ignored in current integrated assessment models, or they are represented in a highly aggregated and simplistic manner (van Asselen & Verburg, 2013). These models are therefore insufficient to properly predict the full range of responses of biodiversity to future land use change (Harfoot et al., 2014; Titeux et al., 2016). Efforts are underway to achieve a more detailed representation of future land use trajectories based on a more realistic representation of (variations in) human decision-making than in current integrated assessment models. Recently developed models simulate the interactions between global forces and the diversity of local factors that determine changes in the way humans will exploit the land surface (Rounsevell et al., 2012; Sleeter et al., 2012; Verburg et al., 2016). These models offer promising perspectives to increase our ability to predict how the local impacts of land use change will scale up and interplay with the effects of climate change to determine the future of biodiversity at the global level. Co-ordinated work at the international level is needed to compare a wide range of models that simulate future land use change beyond the current integrated assessment approaches. Previous intercomparison studies have shown that a diverse set of models is needed to capture the high degree of uncertainty associated with future land use change, but these comparisons mainly focused on the types of vegetation (e.g., cropland, pastures, forests) that impact the climate system (Alexander et al., 2017; Prestele et al., 2016; Schmitz et al., 2014). Similar studies with a strong and explicit focus on biodiversity should now evaluate the relative potential of different models for adequately representing the ways in which human activities will impact those land use and landscape characteristics that are critical to biodiversity at varying scales. Only if the different ways that people manage and impact ecosystems are represented in the models, it will be possible to use their outcomes in a manner that allows anticipating the positive or negative impacts of human activities on biodiversity. Identifying the aspects of land management and policies that are still poorly captured in the range of currently available models will also be needed to propose further data acquisition and modelling efforts. We believe this is a first critical step for the development of a roadmap to integrate climate and land use change at multiple scales into models and scenarios that explore possible futures for biodiversity. The Intergovernmental Platform on Biodiversity and Ecosystem Services (IPBES) was established to help implement effective policies for conserving biodiversity based on a strengthened dialogue between the scientific community, governments and other stakeholders (Díaz et al., 2015; Vohland & Nadim, 2015). This platform is in the process of establishing a long-term research agenda for the development of a new generation of models and scenarios that could contribute more significantly to policy support for biodiversity conservation (IPBES, 2016). For moving towards novel management strategies and policies that could address the future and cross-scale impacts of climate and land use change on biodiversity, we invite the expert group on models and scenarios of the IPBES to facilitate and encourage new model intercomparison approaches targeted to the specific needs of the biodiversity community. The success of the IPCC has shown that the effective implementation of an ambitious research agenda does not solely depend on research efforts—it also requires a sufficient level of societal acceptance to effect political change. As it focuses on reinforcing the science–policy interface for biodiversity and on improving the connection between nature and people, the IPBES is offering a suitable context and should play a central role in pushing the research needs that we highlight here up in the programme of international and interdisciplinary research funding instruments. We encourage all those who are engaging in the IPBES to build on the experience and success of the IPCC in mobilizing the scientific and non-scientific communities. N.T., K.H., J.B.M., I.R.G., W.C. and L.B. acknowledge support from the EU BON project (no. 308454, FP7-ENV-2012, European Commission). A.R. was funded by the Xunta de Galicia (post-doctoral fellowship ED481B2016/084-0). W.C. contribute to the Labex OT-Med (no. ANR-11-LABX-0061) funded by the French Government through the A*MIDEX project (no. ANR-11-IDEX-0001-02). P.H.V. received funding from the GLOLAND project (no. 311819, FP7-IDEAS-ERC, European Commission). Nicolas Titeux is a researcher at the Forest Sciences Centre of Catalonia and at the German Centre for Integrative Biodiversity Research. The emphasis of his activities is on assessing and predicting the impact of global change on biodiversity across a range of spatial and temporal scales, combining structured and unstructured observation data to describe biodiversity dynamics, and understanding habitat selection patterns and processes in human-modified environments (https://nicolastiteux.wordpress.com). Authors contributions: N.T. and L.B. conceived the ideas. N.T. analysed the data. All authors contributed equally to the writing of the manuscript.","https://doi.org/10.1111/ddi.12624",,,,
"GA1-B-0067","Other measures to expand multi-sectoral cooperation on coastal management include corporate social responsibility measures, standards for building and construction, and eco-labelling","“Opening Up” and “Closing Down”","Discursive deference in the governance of science and technology is rebalancing from expert analysis toward participatory deliberation. Linear, scientistic conceptions of innovation are giving ground to more plural, socially situated understandings. Yet, growing recognition of social agency in technology choice is countered by persistently deterministic notions of technological progress. This article addresses this increasingly stark disjuncture. Distinguishing between “appraisal” and “commitment” in technology choice, it highlights contrasting implications of normative, instrumental, and substantive imperatives in appraisal. Focusing on the role of power, it identifies key commonalities transcending the analysis/participation dichotomy. Each is equally susceptible to instrumental framing for variously weak and strong forms of justification. To address the disjuncture, it is concluded that greater appreciation is required—in both analytic and participatory appraisal—to facilitating the opening up (rather than the closing down) of governance commitments on science and technology.","https://doi.org/10.1177/0162243907311265",,,,
"GA1-B-0012","The deterioration of nature and consequent disruption of benefits to people has both direct and indirect implications for public health","Intestinal Microbiota of 6‐week‐old Infants Across Europe: Geographic Influence Beyond Delivery Mode, Breast‐feeding, and Antibiotics","OBJECTIVES: : There are many differences in diet and lifestyle across Europe that may influence the development of the infant gut microbiota. This work aimed to assess the impact of geographic area, mode of delivery, feeding method, and antibiotic treatment on the fecal microbiota of infants from 5 European countries with different lifestyle characteristics: Sweden, Scotland, Germany, Italy, and Spain. PATIENTS AND METHODS: : Fecal samples from 606 infants (age 6 weeks) recruited within the European project INFABIO were analyzed by fluorescent in situ hybridization combined with flow cytometry using a panel of 10 rRNA targeted group- and species-specific oligonucleotide probes. Information on factors potentially affecting gut microbiota composition was collected with questionnaires and associations were evaluated with multivariate analyses. RESULTS: : The Bifidobacterium genus was predominant (40% average proportion of total detectable bacteria), followed by Bacteroides (11.4%) and enterobacteria (7.5%). Northern European countries were associated with higher proportions of bifidobacteria in infant feces, whereas a more diverse microbiota with more bacteroides characterized southern countries. Bifidobacteria dominated the microbiota of breast-fed infants, whereas formula-fed babies had significantly higher proportions of Bacteroides and members of the Clostridium coccoides and Lactobacillus groups. Newborns delivered by cesarean section or from mothers treated with antibiotics perinatally had lower proportions of Bacteroides and members of the Atopobium cluster. CONCLUSIONS: : Delivery mode and feeding method influenced the fecal microbiota of European infants at 6 weeks, as expected, but the effect of country of birth was more pronounced, with dominant bifidobacteria in northern countries and greater early diversification in southern European countries.","https://doi.org/10.1097/mpg.0b013e3181d1b11e",,,,
"GA1-B-0040","Many of nature's contributions to people are essential for human health and their decline thus threatens a good quality of life.","Metrics for land-scarce agriculture","Nutrient content must be better integrated into planning","https://doi.org/10.1126/science.aaa5766",,,,
"GA1-B-0080","On land, wild species that are endemic (narrowly distributed) have typically seen larger-than-average changes to their habitats and shown faster-than-average declines","Consistent response of bird populations to climate change on two continents","Global climate change is a major threat to biodiversity. Large-scale analyses have generally focused on the impacts of climate change on the geographic ranges of species and on phenology, the timing of ecological phenomena. We used long-term monitoring of the abundance of breeding birds across Europe and the United States to produce, for both regions, composite population indices for two groups of species: those for which climate suitability has been either improving or declining since 1980. The ratio of these composite indices, the climate impact indicator (CII), reflects the divergent fates of species favored or disadvantaged by climate change. The trend in CII is positive and similar in the two regions. On both continents, interspecific and spatial variation in population abundance trends are well predicted by climate suitability trends.","https://doi.org/10.1126/science.aac4858",,,,
"GA1-B-0064","In 2011, illegal, unreported or unregulated fishing represented up to one third of the world's reported catch","Plastic waste associated with disease on coral reefs","Plastic waste can promote microbial colonization by pathogens implicated in outbreaks of disease in the ocean. We assessed the influence of plastic waste on disease risk in 124,000 reef-building corals from 159 reefs in the Asia-Pacific region. The likelihood of disease increases from 4% to 89% when corals are in contact with plastic. Structurally complex corals are eight times more likely to be affected by plastic, suggesting that microhabitats for reef-associated organisms and valuable fisheries will be disproportionately affected. Plastic levels on coral reefs correspond to estimates of terrestrial mismanaged plastic waste entering the ocean. We estimate that 11.1 billion plastic items are entangled on coral reefs across the Asia-Pacific and project this number to increase 40% by 2025. Plastic waste management is critical for reducing diseases that threaten ecosystem health and human livelihoods.","https://doi.org/10.1126/science.aar3320",,,,
"GA1-B-0037","Nature can reduce levels of certain air pollutants","Impact of Artificial Reservoir Water Impoundment on Global Sea Level","By reconstructing the history of water impoundment in the world's artificial reservoirs, we show that a total of approximately 10,800 cubic kilometers of water has been impounded on land to date, reducing the magnitude of global sea level (GSL) rise by -30.0 millimeters, at an average rate of -0.55 millimeters per year during the past half century. This demands a considerably larger contribution to GSL rise from other (natural and anthropogenic) causes than otherwise required. The reconstructed GSL history, accounting for the impact of reservoirs by adding back the impounded water volume, shows an essentially constant rate of rise at +2.46 millimeters per year over at least the past 80 years. This value is contrary to the conventional view of apparently variable GSL rise, which is based on face values of observation.","https://doi.org/10.1126/science.1154580",,,,
"GA1-B-0010","The proportion of insect species threatened with extinction is a key uncertainty, but available evidence supports a tentative estimate of 10 per cent","Plastic Pollution in the World's Oceans: More than 5 Trillion Plastic Pieces Weighing over 250,000 Tons Afloat at Sea","Plastic pollution is ubiquitous throughout the marine environment, yet estimates of the global abundance and weight of floating plastics have lacked data, particularly from the Southern Hemisphere and remote regions. Here we report an estimate of the total number of plastic particles and their weight floating in the world's oceans from 24 expeditions (2007-2013) across all five sub-tropical gyres, costal Australia, Bay of Bengal and the Mediterranean Sea conducting surface net tows (N = 680) and visual survey transects of large plastic debris (N = 891). Using an oceanographic model of floating debris dispersal calibrated by our data, and correcting for wind-driven vertical mixing, we estimate a minimum of 5.25 trillion particles weighing 268,940 tons. When comparing between four size classes, two microplastic <4.75 mm and meso- and macroplastic >4.75 mm, a tremendous loss of microplastics is observed from the sea surface compared to expected rates of fragmentation, suggesting there are mechanisms at play that remove <4.75 mm plastic particles from the ocean surface.","https://doi.org/10.1371/journal.pone.0111913",,,,
"GA1-B-0058","The deterioration of nature and consequent disruption of benefits to people has both direct and indirect implications for public health","Impacts of large‐scale forest restoration on socioeconomic status and local livelihoods: what we know and do not know","Abstract Forests are sources of wood, non‐timber forest products and ecosystems services and goods that benefit society as a whole, and are especially important to rural livelihoods. Forest landscape restoration (FLR) has been proposed as a way to counteract deforestation and reconcile the production of ecosystem services and goods with conservation and development goals. But limited evidence indicates how large‐scale forest restoration could contribute to improving local livelihoods. Here, we present a conceptual framework to analyze the effects of large‐scale restoration on local livelihoods, and use it to review the scientific literature and reduce this knowledge gap. Most of the literature referred to case studies (89%), largely concentrated in China (49%). The main theme explored was income, followed by livelihoods diversification, off‐farm employment opportunities, poverty reduction, equity and the provision of timber and energy as ecosystem services. Nearly 60 percent of the papers discussed the importance of governance systems to socioeconomic outcomes. The reforestation/restoration programs and policies investigated in the studies had mixed socioeconomic effects on local livelihoods depending on other variables, such as availability of off‐farm jobs, household characteristics, land productivity, land tenure, and markets for forest products and ecosystem services. We conclude that the effects of large‐scale restoration initiatives on local livelihoods may vary due to several factors and is still not clear for many situations; therefore, monitoring over time with clear indicators is needed.","https://doi.org/10.1111/btp.12385",,,,
"GA1-B-0033","(for example, see Figure SPM.8).","Could consumption of insects, cultured meat or imitation meat reduce global agricultural land use?","Animal products, i.e. meat, milk and eggs, provide an important component in global diets, but livestock dominate agricultural land use by area and are a major source of greenhouse gases. Cultural and personal associations with animal product consumption create barriers to moderating consumption, and hence reduced environmental impacts. Here we review alternatives to conventional animal products, including cultured meat, imitation meat and insects (i.e. entomophagy), and explore the potential change in global agricultural land requirements associated with each alternative. Stylised transformative consumption scenarios where half of current conventional animal products are substituted to provide at least equal protein and calories are considered. The analysis also considers and compares the agricultural land area given shifts between conventional animal product consumption. The results suggest that imitation meat and insects have the highest land use efficiency, but the land use requirements are only slightly greater for eggs and poultry meat. The efficiency of insects and their ability to convert agricultural by-products and food waste into food, suggests further research into insect production is warranted. Cultured meat does not appear to offer substantial benefits over poultry meat or eggs, with similar conversion efficiency, but higher direct energy requirements. Comparison with the land use savings from reduced consumer waste, including over-consumption, suggests greater benefits could be achieved from alternative dietary transformations considered. We conclude that although a diet with lower rates of animal product consumption is likely to create the greatest reduction in agricultural land, a mix of smaller changes in consumer behaviour, such as replacing beef with chicken, reducing food waste and potentially introducing insects more commonly into diets, would also achieve land savings and a more sustainable food system.","https://doi.org/10.1016/j.gfs.2017.04.001",,,,
"GA1-B-0034","More than 40 per cent of amphibian species, almost a third of reef-forming corals, sharks and shark relatives and over a third of marine mammals are currently threatened","Does aquaculture add resilience to the global food system?","Aquaculture is the fastest growing food sector and continues to expand alongside terrestrial crop and livestock production. Using portfolio theory as a conceptual framework, we explore how current interconnections between the aquaculture, crop, livestock, and fisheries sectors act as an impediment to, or an opportunity for, enhanced resilience in the global food system given increased resource scarcity and climate change. Aquaculture can potentially enhance resilience through improved resource use efficiencies and increased diversification of farmed species, locales of production, and feeding strategies. However, aquaculture's reliance on terrestrial crops and wild fish for feeds, its dependence on freshwater and land for culture sites, and its broad array of environmental impacts diminishes its ability to add resilience. Feeds for livestock and farmed fish that are fed rely largely on the same crops, although the fraction destined for aquaculture is presently small (∼4%). As demand for high-value fed aquaculture products grows, competition for these crops will also rise, as will the demand for wild fish as feed inputs. Many of these crops and forage fish are also consumed directly by humans and provide essential nutrition for low-income households. Their rising use in aquafeeds has the potential to increase price levels and volatility, worsening food insecurity among the most vulnerable populations. Although the diversification of global food production systems that includes aquaculture offers promise for enhanced resilience, such promise will not be realized if government policies fail to provide adequate incentives for resource efficiency, equity, and environmental protection.","https://doi.org/10.1073/pnas.1404067111",,,,
"GA1-B-0006","In fisheries, subsidies to increase and maintain capacity, which in turn often lead to the degradation of nature, constitute perhaps a majority of the tens of US$ billions spent on supports.","What Drives Deforestation in the Brazilian Amazon?","While previous empirical analysis of deforestation focused on population, this paper builds from a model of land use which suggests many determinants of deforestation in the Brazilian Amazon. I derive a deforestation equation from this model and test a number of those factors using county-level data for the period 1978–1988. The data include a satellite deforestation measure which allows improved within-country analysis. The major empirical finding is the significance of both land characteristics (such as soil quality and vegetation density) and factors affecting transport costs (such as distance to major markets and both own- and neighboring-county roads). Government development projects also appear to affect clearing, although credit infrastructure does not. However, as such policies themselves may be functions of other factors, estimated effects of policies must be interpreted with some caution. Finally, the population density does not have a significant effect on deforestation when many potential determinants are included. However, a quadratic specification reveals a more robust result: the first migrants to a county have greater impact than later immigrants. This implies that the distribution of population affects its impact.","https://doi.org/10.1006/jeem.1998.1056",,,,
"GA1-B-0093","Climate change and business-as-usual fishing scenarios are expected to worsen the status of marine biodiversity","The Mediterranean Sea as a ‘cul‐de‐sac’ for endemic fishes facing climate change","Abstract The Mediterranean Sea is a hotspot of biodiversity, and climate warming is expected to have a significant influence on its endemic fish species. However, no previous studies have predicted whether fish species will experience geographic range extensions or contractions as a consequence of warming. Here, we projected the potential future climatic niches of 75 Mediterranean Sea endemic fish species based on a global warming scenario implemented with the Mediterranean model OPAMED8 and a multimodel inference, which included uncertainty. By 2070–2099, the average surface temperature of the Mediterranean Sea was projected to warm by 3.1 °C. Projections for 2041–2060 are that 25 species would qualify for the International Union for the Conservation of Nature and Natural Resources (IUCN) Red List, and six species would become extinct. By 2070–2099, 45 species were expected to qualify for the IUCN Red List whereas 14 were expected to become extinct. By the middle of the 21st century, the coldest areas of the Mediterranean Sea (Adriatic Sea and Gulf of Lion) would act as a refuge for cold‐water species, but by the end of the century, those areas were projected to become a ‘cul‐de‐sac’ that would drive those species towards extinction. In addition, the range size of endemic species was projected to undergo extensive fragmentation, which is a potentially aggravating factor. Since a majority of endemic fishes are specialists, regarding substratum and diet, we may expect a reduced ability to track projected climatic niches. As a whole, 25% of the Mediterranean Sea continental shelf was predicted to experience a total modification of endemic species assemblages by the end of the 21st century. This expected turnover rate could be mitigated by marine protected areas or accelerated by fishing pressure or competition from exotic fishes. It remains a challenge to predict how these assemblage modifications might affect ecosystem function.","https://doi.org/10.1111/j.1365-2486.2010.02224.x",,,,
"GA1-B-0052","For example, species that are large, grow slowly, are habitat specialists or are carnivores – such as great apes, tropical hardwood trees, sharks and big cats – are disappearing from many areas. Many other species, including those with opposite characteristics, are becoming more abundant locally and are spreading quickly around the world; across a set of 21 countries with detailed records, the numbers of invasive alien species per country have risen by some 70 per cent since 1970","Human-felid conflict: a review of patterns and priorities worldwide","Abstract Conflict between people and felids is one of the most urgent wild cat conservation issues worldwide, yet efforts to synthesize knowledge about these conflicts have been few. For management strategies to be effective a thorough understanding of the dynamics of human-felid conflicts is necessary. Here we present the results of a cross-species, systematic review of human-felid conflicts worldwide. Using a combination of literature review and geographical information system analyses, we provide a quantitative as well as qualitative assessment of patterns and determinants that are known to influence the severity of human-felid conflicts, and a geographical overview of the occurrence of conflict worldwide. We found evidence of conflict affecting over 75% of the world's felid species. The severity of conflict increases with felid body mass and is of greatest conservation significance to nine species: caracal, cheetah, Eurasian lynx, jaguar, leopard, lion, puma, snow leopard and tiger. We also reveal specific gaps in knowledge about human-felid conflicts, and required actions within this aspect of felid conservation. With only 31% of implemented management strategies having been evaluated scientifically, there is a need for greater and more rigorous evaluation and a wider dissemination of results. Also urgently required are standardized reporting techniques to reduce the current disparity in conflict reporting methods and facilitate resolution of patterns and trends in the scale of human-felid conflict worldwide. This review provides a basis both for further synthesis and for the coordination of human-felid conflict management among researchers, practitioners and organizations.","https://doi.org/10.1017/s003060530899030x",,,,
"GA1-B-0094","Human-driven changes in species diversity within local ecological communities vary widely, depending on the net balance between species loss and the influx of alien species, disturbance-tolerant species, other human-adapted species or climate migrant species","Plant Biodiversity Change Across Scales During the Anthropocene","Plant communities have undergone dramatic changes in recent centuries, although not all such changes fit with the dominant biodiversity-crisis narrative used to describe them. At the global scale, future declines in plant species diversity are highly likely given habitat conversion in the tropics, although few extinctions have been documented for the Anthropocene to date (<0.1%). Nonnative species introductions have greatly increased plant species richness in many regions of the world at the same time that they have led to the creation of new hybrid polyploid species by bringing previously isolated congeners into close contact. At the local scale, conversion of primary vegetation to agriculture has decreased plant diversity, whereas other drivers of change-e.g., climate warming, habitat fragmentation, and nitrogen deposition-have highly context-dependent effects, resulting in a distribution of temporal trends with a mean close to zero. These results prompt a reassessment of how conservation goals are defined and justified.","https://doi.org/10.1146/annurev-arplant-042916-040949",,,,
"GA1-B-0065","Human-driven changes in species diversity within local ecological communities vary widely, depending on the net balance between species loss and the influx of alien species, disturbance-tolerant species, other human-adapted species or climate migrant species","Plant invasion across space and time: factors affecting nonindigenous species success during four stages of invasion","Invasive nonindigenous plant species (NIPS) threaten native diversity, alter ecosystem processes, and may interact with other components of global environmental change. Here, a general framework is outlined that attempts to connect patterns of plant invasion to processes underlying these patterns at four well-established spatio-temporal stages of the invasion process: transport, colonization, establishment, and landscape spread. At each stage we organize findings and ideas about the filters that limit NIPS success and the interaction of these filters with historical aspects of introduction events, NIPS traits, and ecosystem properties. While it remains difficult to draw conclusions about the risk of invasion across ecosystems, to delineate universal 'invader traits', or to predict large-scale extinctions following invasions, this review highlights the growing body of research that suggests that the success of invasive NIPS is controlled by a series of key processes or filters. These filters are common to all invasion events, and will interact throughout the stages of plant invasion, although the relative importance of a filter may be stage, species or location specific. It is suggested that both research and management programs may benefit from employing multiscale and stage approaches to studying and controlling invasion. We further use the framework to briefly examine potential interactions between climate change and filters that limit NIPS invasion.","https://doi.org/10.1111/j.1469-8137.2007.02207.x",,,,
"GA1-B-0061","As a result of human-caused changes in community composition, naturally occurring species in local terrestrial ecosystems worldwide are estimated to have lost at least 20 per cent of their original abundance on average, with hotspots of endemic species tending to have lost even more","Determinants of loss of mammal species during the Late Quaternary ‘megafauna’ extinctions: life history and ecology, but not body size","Extinctions of megafauna species during the Late Quaternary dramatically reduced the global diversity of mammals. There is intense debate over the causes of these extinctions, especially regarding the extent to which humans were involved. Most previous analyses of this question have focused on chronologies of extinction and on the archaeological evidence for human-megafauna interaction. Here, I take an alternative approach: comparison of the biological traits of extinct species with those of survivors. I use this to demonstrate two general features of the selectivity of Late Quaternary mammal extinctions in Australia, Eurasia, the Americas and Madagascar. First, large size was not directly related to risk of extinction; rather, species with slow reproductive rates were at high risk regardless of their body size. This finding rejects the 'blitzkrieg' model of overkill, in which extinctions were completed during brief intervals of selective hunting of large-bodied prey. Second, species that survived despite having low reproductive rates typically occurred in closed habitats and many were arboreal or nocturnal. Such traits would have reduced their exposure to direct interaction with people. Therefore, although this analysis rejects blitzkrieg as a general scenario for the mammal megafauna extinctions, it is consistent with extinctions being due to interaction with human populations.","https://doi.org/10.1098/rspb.2002.2130",,,,
"GA1-B-0045","Industrial fishing is concentrated in a few countries and corporations.","Has Climate Change Taken Prominence over Biodiversity Conservation?","The growing prominence of climate change has led to concerns that other important environmental issues, such as biodiversity loss, are being overshadowed. We investigate this assertion by examining trends in biodiversity and climate change coverage within the scientific and newspaper press, as well as the relative distribution of funding through the World Bank and the National Science Foundation, since the late 1980s. Our indicators substantiate some of these fears. To prevent biodiversity from becoming a declining priority, conservationists need to analyze the discourse surrounding climate change and determine how it has become the predominant environmental topic. In addition, given the common drivers of biodiversity loss and climate change, we argue that win–win solutions must be sought wherever possible. Conservationists need to be proactive and take this opportunity to use the mounting interest in climate change as a flagship to leverage more support and action to prevent further biodiversity loss.","https://doi.org/10.1093/biosci/biu079",,,,
"GA1-B-0095","Nature provides among other contributions.","Marine ecosystem services: Linking indicators to their classification","There is a multitude of ecosystem service classifications available within the literature, each with its own advantages and drawbacks. Elements of them have been used to tailor a generic ecosystem service classification for the marine environment and then for a case study site within the North Sea: the Dogger Bank. Indicators for each of the ecosystem services, deemed relevant to the case study site, were identified. Each indicator was then assessed against a set of agreed criteria to ensure its relevance and applicability to environmental management. This paper identifies the need to distinguish between indicators of ecosystem services that are entirely ecological in nature (and largely reveal the potential of an ecosystem to provide ecosystem services), indicators for the ecological processes contributing to the delivery of these services, and indicators of benefits that reveal the realized human use or enjoyment of an ecosystem service. It highlights some of the difficulties faced in selecting meaningful indicators, such as problems of specificity, spatial disconnect and the considerable uncertainty about marine species, habitats and the processes, functions and services they contribute to.","https://doi.org/10.1016/j.ecolind.2014.09.026",,,,
"GA1-B-0042","These changes arise from continued human population growth, increasing purchasing power, and increasing per capita consumption. The projected effects of climate change and land use change on terrestrial and freshwater biodiversity are mostly negative, increase with the degree of global warming and land use change, and have an impact on marine biodiversity through increased eutrophication and deoxygenation of coastal waters.","Dynamic management of crop diversity: From an experimental approach to on-farm conservation","In agricultural systems, biodiversity includes diversity within species and among species and provides many benefits for production, resilience and conservation. This article addresses the effects of a strategy of in situ conservation called dynamic management (DM) on population evolution, adaptation and diversity. Two French DM initiatives are considered, the first one corresponding to an experimental context, the second to an on-farm management. Results from a study over 26 years of experimental DM of bread wheat (Triticum aestivum L.) are first presented, including the evolution of agronomic traits and genetic diversity at neutral and fitness related loci. While this experiment greatly increased scientific knowledge of the effects of natural selection on cultivated populations, it also showed that population conservation cannot rely only on a network of experimental stations. In collaboration with a farmers' network in France, researchers have begun studying the effects of on-farm DM (conservation and selection) on diversity and adaptation. Results from these studies show that on-farm DM is a key element for the long-term conservation and use of agricultural biodiversity. This method of in situ conservation deserves more attention in industrialised countries.","https://doi.org/10.1016/j.crvi.2011.03.005",,,,
"GA1-B-0099","The Sustainable Development Goals and the 2050 Vision for Biodiversity cannot be achieved without transformative change, the conditions for which can be put in place now","Redeeming REDD","It is now well accepted that deforestation is a key source of greenhouse gas emissions and of climate change, with forests representing major sinks for carbon. As a result, public and private initiatives for reducing emissions from deforestation and forest degradation (REDD) have been widely endorsed by policy-makers. A key issue is the feasibility of carbon trading or other incentives to encourage land-owners and indigenous people, particularly in developing tropical countries, to conserve forests, rather than to cut them down for agricultural or other development purposes. This book presents a major critique of the aims and policies of REDD as currently structured, particularly in terms of their social feasibility. It is shown how the claims to be able to reduce greenhouse gas emissions as well as enhance people's livelihoods and biodiversity conservation are unrealistic. There is a naive assumption that technical or economic fixes are sufficient for success. However, the social and governance aspects of REDD, and its enhanced version known as REDD+, are shown to be implausible. Instead to enhance REDD's prospects, the author provides a roadmap for developing a new social contract that puts people first.","https://doi.org/10.4324/9780203123652",,,,
"GA1-B-0068","Many of nature's contributions to people are essential for human health.","Searching for sustainability: are assessments of wildlife harvests behind the times?","The unsustainable harvest of wildlife is a major threat to global biodiversity and to the millions of people who depend on wildlife for food and income. Past research has called attention to the fact that commonly used methods to evaluate the sustainability of wildlife hunting perform poorly, yet these methods remain in popular use today. Here, we conduct a systematic review of empirical sustainability assessments to quantify the use of sustainability indicators in the scientific literature and highlight associations between analytical methods and their outcomes. We find that indicator type, continent of study, species body mass, taxonomic group and socio-economic status of study site are important predictors of the probability of reported sustainability. The most common measures of sustainability include population growth models, the Robinson & Redford (1991) model and population trends through time. Indicators relying on population-specific biological data are most often used in North America and Europe, while cruder estimates are more often used in Africa, Latin America and Oceania. Our results highlight both the uncertainty and lack of uniformity in sustainability science. Given our urgent need to conserve both wildlife and the food security of rural peoples around the world, improvements in sustainability indicators are of utmost importance.","https://doi.org/10.1111/ele.12008",,,,
"GA1-B-0043","Scenarios that include substantial shifts towards sustainable management of resource exploitation and land use, market reform, globally equitable and moderate animal protein consumption, and reduction of food waste and losses result in low loss or even recovery of biodiversity","More, smaller bacteria in response to ocean's warming?","Heterotrophic bacteria play a major role in organic matter cycling in the ocean. Although the high abundances and relatively fast growth rates of coastal surface bacterioplankton make them suitable sentinels of global change, past analyses have largely overlooked this functional group. Here, time series analysis of a decade of monthly observations in temperate Atlantic coastal waters revealed strong seasonal patterns in the abundance, size and biomass of the ubiquitous flow-cytometric groups of low (LNA) and high nucleic acid (HNA) content bacteria. Over this relatively short period, we also found that bacterioplankton cells were significantly smaller, a trend that is consistent with the hypothesized temperature-driven decrease in body size. Although decadal cell shrinking was observed for both groups, it was only LNA cells that were strongly coherent, with ecological theories linking temperature, abundance and individual size on both the seasonal and interannual scale. We explain this finding because, relative to their HNA counterparts, marine LNA bacteria are less diverse, dominated by members of the SAR11 clade. Temperature manipulation experiments in 2012 confirmed a direct effect of warming on bacterial size. Concurrent with rising temperatures in spring, significant decadal trends of increasing standing stocks (3% per year) accompanied by decreasing mean cell size (-1% per year) suggest a major shift in community structure, with a larger contribution of LNA bacteria to total biomass. The increasing prevalence of these typically oligotrophic taxa may severely impact marine food webs and carbon fluxes by an overall decrease in the efficiency of the biological pump.","https://doi.org/10.1098/rspb.2015.0371",,,,
