"id","claim","title","abstract","doi","verdict","note","reviewer","date"
"GA1-A-0005","Furthermore, increases in the production of some of nature's contributions cause declines in others (Figure SPM.1)","A global estimate of monthly vegetation and soil fractions from spatiotemporally adaptive spectral mixture analysis during 2001–2022","Multifaceted regime shifts of Earth's surface are ongoing dramatically and – in turn – considerably alter the global carbon budget, energy balance and biogeochemical cycles. Sustainably managing terrestrial ecosystems necessitates a deeper comprehension of the diverse and dynamic nature of multicomponent information within these environments. However, comprehensive records of global-scale fractional vegetation and soil information that encompass these structural and functional complexities remain limited. Here, we provide a globally comprehensive record of monthly vegetation and soil fractions during the period 2001–2022 using a spatiotemporally adaptive spectral mixture analysis framework. This product is designed to continuously represent Earth's terrestrial surface as a percentage of five physically meaningful vegetation and soil endmembers, including photosynthetic vegetation (PV), nonphotosynthetic vegetation (NPV), bare soil (BS), ice or snow (IS) and dark surface (DA), with high accuracy and low uncertainty compared to the previous vegetation index and vegetation continuous-field product as well as traditional fully constrained linear spectral mixture models. We also adopt nonparametric seasonal Mann–Kendall tested fractional dynamics to identify shifts based on interactive changes in these fractions. Our results – superior to previous portrayals of the greening planet – not only report a +9.35 × 10 5 km 2 change in photosynthetic vegetation, but also explore decreases in nonphotosynthetic vegetation (−2.19 × 10 5 km 2 ), bare soil (−5.14 × 10 5 km 2 ) and dark surfaces (−2.27 × 10 5 km 2 ). In addition, interactive changes in these fractions yield multifaceted regime shifts with important implications, such as a simultaneous increase in PV and NPV in central and southwestern China during afforestation activities, an increase in PV in cropland of China and India due to intensive agricultural development, a decrease in PV and an increase in BS in tropical zones resulting from deforestation. These advantages emphasize that our dataset provides locally relevant information on multifaceted regime shifts at the required scale, enabling scalable modeling and effective governance of future terrestrial ecosystems. The data about five fractional surface vegetation and soil components are available in the Science Data Bank (https://doi.org/10.57760/sciencedb.13287, Sun and Sun, 2023).","https://doi.org/10.5194/essd-16-1333-2024",,,,
"GA1-A-0186","The magnitude of the impacts on biodiversity and ecosystem functions and services and the differences between regions are smaller in scenarios that focus on global or regional sustainability","Climate change reduces wetland size and shifts its seasonal regime in North America","Abstract Inland wetlands are important ecosystems sustained by excessive water. Climate change can alter wetland extent and functions, but such impacts are unclear because hydroclimatic changes influence wetland processes in different ways. Here we project future changes in wetland characteristics over North America under low and high emission scenarios, using a state-of-the-science Earth system model that represents both fluvial and pluvial inundation processes. We project a reduction in wetland areas in all seasons except winter. At the continental scale, annual wetland area decreases by ~10% under the high emission scenario by the end of the century, with much larger and divergent regional changes of up to ±50%. However, the evolution of functional wetland habitats can be different from that of wetland area dynamics. The wetland reduction increases with global warming level as temperature is projected to play a more dominant role in wetland dynamics than precipitation under the high emission scenario.","https://doi.org/10.21203/rs.3.rs-2733749/v1",,,,
"GA1-A-0140","Nature underpins quality of life by providing basic life support for humanity -regulating-, as well as material goods -material- and spiritual inspiration -non-material-","Hydrological and water cycle processes of inland river basins in the arid region of Northwest China","The increasing shortage in water resources is a key factor affecting sustainable socio-economic development in the arid region of Northwest China (ARNC). Water shortages also affect the stability of the region’s oasis ecosystem. This paper summarizes the hydrological processes and water cycle of inland river basins in the ARNC, focusing on the following aspects: the spatial-temporal features of water resources (including air water vapor resources, runoff, and glacial meltwater) and their driving forces; the characteristics of streamflow composition in the inland river basins; the characteristics and main controlling factors of baseflow in the inland rivers; and anticipated future changes in hydrological processes and water resources. The results indicate that: (1) although the runoff in most inland rivers in the ARNC showed a significant increasing trend, both the glaciated area and glacial ice reserves have been reduced in the mountains; (2) snow melt and glacier melt are extremely important hydrological processes in the ARNC, especially in the Kunlun and Tianshan mountains; (3) baseflow in the inland rivers of the ARNC is the result of climate change and human activities, with the main driving factors being the reduction in forest area and the over-exploitation and utilization of groundwater in the river basins; and (4) the contradictions among water resources, ecology and economy will further increase in the future. The findings of this study might also help strengthen the ecological, economic and social sustainable development in the study region.","https://doi.org/10.1007/s40333-019-0050-5",,,,
"GA1-A-0231","Many drivers add already widespread species to ecological communities in many places; and many drivers cause endemic species to decline in many places. These two processes have contributed to the widespread erosion of differences between ecological communities in different places, a phenomenon known as biotic homogenization or the ""anthropogenic blender""","Native and non-native fish across aquatic habitats in the Ebro Delta","We describe the variability in the composition of fish communities in the Ebro Delta (NE Iberian Peninsula) and report the habitat preferences of the most common species. The Ebro Delta is a large coastal wetland that has been intensively modified, mainly for rice cultivation involving the input of a large amount of low-conductivity waters into an originally brackish and saline system. We de- fined nine main habitat types within the Ebro Delta (the river, inflow channels, rice fields, outflow channels, springs, marshes, lagoons, lagoon mouths and bays) and sampled fish communities in them by establishing 376 sampling sites, in which we set 1431 fyke nets. We captured more than 120,000 fish belonging to 52 species, of which 37 were native and 15 were non-native. The ichthyofauna of the Ebro Delta is strongly structured in relation to habitat type, following variations in water salinity, and there is a clear segregation of native and non-native fish species. Native species are clearly dominant in the more saline habitats, namely bays, lagoons, lagoon mouths and marshes, while non-natives dominate the aquatic habitats related to rice cultivation (inflow and outflow channels as well as rice fields). Freshwater springs are dominated by non-natives in terms of abundance, but not in terms of richness. Since the decline and loss of native fish species in the Ebro Delta seems linked to the massive inflow of low- conductivity waters for rice irrigation, fish conservation must focus in reducing the influence of those outflows on the remaining natural and semi-natural wetlands.","https://doi.org/10.29094/fishmed.2021.002",,,,
"GA1-A-0036","Many organisms show ongoing biological evolution so rapid that it is detectable within only a few years or even more quickly – in response to anthropogenic drivers","Contemporary adaptive evolution in fragmenting river landscapes: evidence from the native waterflea Ceriodaphnia cornuta","Abstract The hypothesis that adaptive evolution in cities can occur on both contemporary and microgeographic scales was tested by investigating morphological, genetic and life history traits of waterflea Ceriodaphnia cornuta in an urbanized river. After the partial isolation from the Yingtao River by urban construction 16 years ago, the population of C. cornuta in the Shangyi Pond showed a different pattern of genotypic composition. Nuclear microsatellite markers revealed significant population genetic structure of C. cornuta among the Shangyi Pond, the Yingtao River and the Dianshan Lake in the upstream area. Migration analyses demonstrated little gene flow among different waters. In a common garden experiment, the changes in multivariate reaction norms provided evidence of local adaptation to dietary cyanobacteria in the river and lake populations. The results indicated that fragmenting river landscapes with urbanization resulted in the significant genetic differentiation and subsequent adaptive evolution in zooplankton populations on a short temporal and geographical scale.","https://doi.org/10.1093/plankt/fbab077",,,,
"GA1-A-0239","The deterioration of nature and consequent disruption of benefits to people has both direct and indirect implications for public health","An Investigation on Shenzhen Urban Green Space Changes and Their Effect on Local Eco-Environment in Recent Decades","Rapid urbanization and population growth impact enormous pressures on urban natural, economic and social environments. The quantitative analysis of urban green space (UGS) landscape dynamics and their impact on the urban eco-environment is of great significance for urban planning and eco-environment protection. Taking Shenzhen as an example, the UGS landscape changes and their impact on urban heat islands (UHI), surface wetness, air pollution and carbon storage were comprehensively investigated with Landsat and MODIS images. Results showed a large number of lands transferring from UGS to non-UGS from 1978 to 2018, especially for cropland. Built-up regions have adverse influences on eco-environment factors, and then they suffer high SUHI and AOD and low humidity and carbon storage. The growth of built-up areas not only enlarges the area of SUHI, but also enhances the intensity of heat islands. On the contrary, UGS patches have beneficial influences on all eco-environment factors and then enjoy a better eco-environment, including low SUHII, high surface wetness, high carbon storage and low AOD. It is expected that this study could provide scientific support for UGS plans and for conserving and sustainable urban development for developing cities.","https://doi.org/10.3390/su132212549",,,,
"GA1-A-0232","This indicates that many species are unable to cope locally with the rapid pace of climate change, through either evolutionary or behavioural processes, and that their continued existence will also depend on the extent to which they are able to disperse, to track suitable climatic conditions, and to preserve their capacity to evolve.","Warming intensifies soil pathogen negative feedback on a temperate tree","The soil pathogen-induced Janzen-Connell (JC) effect is considered as a primary mechanism regulating plant biodiversity worldwide. As predicted by the framework of the classic plant disease triangle, severity of plant diseases is often influenced by temperature, yet insufficient understanding of how increasing temperatures affect the JC effect contributes uncertainty in predictions about how global warming affects biodiversity. We conducted a 3-yr field warming experiment, combining open-top chambers with pesticide treatment, to test the effect of elevated temperatures on seedling mortality of a temperate tree species, Prunus padus, from a genus with known susceptibility to soil-borne pathogens. Elevated temperature significantly increased the mortality of P. padus seedlings in the immediate vicinity of parent trees, concurrent with increased relative abundance of pathogenic fungi identified to be virulent to Prunus species. Our study offers experimental evidence suggesting that global warming significantly intensifies the JC effect on a temperate tree species due to increased relative abundance of pathogenic fungi. This work advances our understanding about changes in the JC effect linked to ongoing global warming, which has important implications for predicting tree diversity in a warmer future.","https://doi.org/10.1111/nph.17409",,,,
"GA1-A-0107","The ""Global sustainability"" scenario combines proactive environmental policy and sustainable production and consumption with low greenhouse gas emissions (SSP1, RCP2.6; top rows in each panel); The ""Regional competition"" scenario combines strong trade and other barriers and a growing gap between rich and poor with high emissions (SSP3, RCP6.0; middle rows); and The ""Economic optimism"" scenario combines rapid economic growth and low environmental regulation with very high greenhouse emissions (SSP5, RCP8.5; bottom rows). Multiple models were used with each of the scenarios to generate the first rigorous global-scale model comparison estimating the impact on biodiversity (change in species richness across a wide range of terrestrial plant and animal species at regional scales; orange bars), material NCP (food, feed, timber and bioenergy: purple bars) and regulating NCP (nitrogen retention, soil protection, crop pollination, crop pest control and ecosystem carbon storage and sequestration: white bars). The bars represent the normalized means of multiple models and the whiskers indicate the standard errors. The global means of percentage changes in individual indicators can be found in Figure 4.2.14.","Climate and environmental changes driving idiosyncratic shifts in the distribution of tropical and temperate worm reefs","An increasing number of studies have forecast the potential responses of marine life to future climate change. This study predicts how the distributional range of temperate and tropical worm reefs (WRs) might respond to climate and environmental changes (CECs). Compared with current distributions, the tested hypotheses were: (i) under a low CO2concentration and active atmospheric carbon capturing scenario (RCP2.6), both tropical and temperate WRs will maintain their current distributions and face only slight multi-directional biogeographic changes along the century; and (ii) under a high CO2concentration scenario (RCP8.5) WRs will shift toward higher latitudes, with marked changes for tropical species and slight changes for temperate species, specifically at the end of the 21st century. The hypotheses were tested using species distribution modelling, and exploratory statistical analyses were performed to tune model settings. Under scenario RCP2.6, in the middle of the century, areas of suitable habitat are predicted to slightly increase for the temperate WRs and conversely contract for tropical WRs. At the end of the century, multi-directional shifts without range retraction were predicted for both species, but tropical WRs showed major changes in their distribution. Under scenario RCP8.5 and throughout the century, multi-directional shifts increased the areas of suitable habitat for temperate WRs, whereas tropical WRs experienced shifts toward high latitudes and significant retraction at low latitudes. Results indicate that biogeographic range shifts are idiosyncratic for temperate and tropical WRs depending on the CECs scenarios considered.","https://doi.org/10.1017/s002531541700087x",,,,
"GA1-A-0223","Shifts in species distribution, changes in phenology, altered population dynamics and changes in the composition of species assemblage or the structure and function of ecosystems, are evident","Ecological insight of seasonal plankton succession to monitor shellfish aquaculture ecosystem interactions","Introduction Bivalve aquaculture has direct and indirect effects on plankton communities, which are highly sensitive to short-term (seasonal, interannual) and long-term climate changes, although how these dynamics alter aquaculture ecosystem interactions is poorly understood. Methods We investigate seasonal patterns in plankton abundance and community structure spanning several size fractions from 0.2 µm up to 5 mm, in a deep aquaculture embayment in northeast Newfoundland, Canada. Results Using flow cytometry and FlowCam imaging, we observed a clear seasonal relationship between fraction sizes driven by water column stratification (freshwater input, nutrient availability, light availability, water temperature). Plankton abundance decreased proportionally with increasing size fraction, aligning with size spectra theory. Within the bay, greater mesozooplankton abundance, and a greater relative abundance of copepods, was observed closest to the aquaculture lease. No significant spatial effect was observed for phytoplankton composition. Discussion While the months of August to October showed statistically similar plankton composition and size distribution slopes (i.e., food chain efficiency) and could be used for interannual variability comparisons of plankton composition, sampling for longer periods could capture long-term phenological shifts in plankton abundance and composition. Conclusions provide guidance on optimal sampling to monitor and assess aquaculture pathways of effects.","https://doi.org/10.3389/fmars.2024.1448718",,,,
"GA1-A-0136","Changes towards sustainable production and consumption and towards reducing and transforming residues and waste, particularly changes in consumption among the affluent, is recognized by some individuals and communities worldwide as central to sustainable development and reducing inequalities. While actual reductions have been limited, actions already being taken at different levels can be improved, coordinated and scaled up","Exploring beliefs about bottled water and intentions to reduce consumption: The dualeffect of social norm activation and persuasive information","Mass consumption of bottled water is contributing to a multitude of environmental problems, including; water wastage, pollution and climate change. The aim of this study is to advance a social-psychological understanding of how to effectively reduce bottled water consumption. An online survey experiment was conducted among students of a Dutch public university to examine outcome-beliefs about drinking less bottled water while subsequently testing three strategies for behavioural change. Respondents (n= 454) were randomly allocated to four different conditions (an information-only, social norm-only, a combination of both or a control group). It was hypothesized that the combination (i.e., norm-induced information provision) would be most persuasive and elicits the greatest change in intention. Results were consistent with this hypothesis. Findings also show that while beliefs about health, taste, water quality, lifestyle, the environment and perceived alternatives are all correlated with bottled water consumption, belief strength varies significantly based on rate of consumption.",,,,,
"GA1-A-0020","Many of nature's contributions to people are essential for human health.","Gut, bugs, and brain: Role of commensal bacteria in the control of central nervous system disease","The mammalian gastrointestinal track harbors a highly heterogeneous population of microbial organisms that are essential for the complete development of the immune system. The gut microbes or ""microbiota,"" coupled with host genetics, determine the development of both local microbial populations and the immune system to create a complex balance recently termed the ""microbiome."" Alterations of the gut microbiome may lead to dysregulation of immune responses both in the gut and in distal effector immune sites such as the central nervous system (CNS). Recent findings in experimental autoimmune encephalomyelitis, an animal model of human multiple sclerosis, suggest that altering certain bacterial populations present in the gut can lead to a proinflammatory condition that may result in the development of autoimmune diseases, in particular human multiple sclerosis. In contrast, other commensal bacteria and their antigenic products, when presented in the correct context, can protect against inflammation within the CNS.","https://doi.org/10.1002/ana.22344",,,,
"GA1-A-0074","Inland waters and freshwater ecosystems show among the highest rates of decline. Only 13 per cent of the wetland present in 1700 remained by 2000; recent losses have been even more rapid (0.8 per cent per year from 1970 to 2008)","Evaluation of Climate Change Impacts on Wetland Vegetation in Dunhuang Yangguan National Nature Reserve in Northwest China Using Landsat Derived NDVI","Based on 541 Landsat images between 1988 and 2016, the normalized difference vegetation indices (NDVIs) of the wetland vegetation at Xitugou (XTG) and Wowachi (WWC) inside the Dunhuang Yangguan National Nature Reserve (YNNR) in northwest China were calculated for assessing impacts of climate change on wetland vegetation in the YNNR. It was found that the wetland vegetation at the XTG and WWC both had shown a significant increasing trend in the past 30 years, and the increase in both annual mean temperature and peak snow depth over the Altun Mountains led to the increase of wetland vegetation. The influence of local precipitation on the XTG wetland vegetation was greater than on the WWC wetland vegetation, which demonstrates that in extremely arid regions, the major constrain to the wetland vegetation is water availability in soils which is greatly related to the surface water detention and discharge of groundwater. At both XTG and WWC, snowmelt from the Altun Mountains is the main contributor to the groundwater discharge, while local precipitation plays a less role in influencing the wetland vegetation at the WWC than at the XTG, because the wetland vegetation grows on a relatively flat terrain at the WWC, while in a stream channel at the XTG.","https://doi.org/10.20944/preprints201803.0233.v1",,,,
"GA1-A-0183","Global fish catches have been sustained by expanding fishing geographically and penetrating into deeper waters","Impacts of Climate Change on Aquaculture Nutrition and Food Security","Aquaculture has become increasingly important to humankind’s aquatic food supply. Aquaculture output has grown at an exponential rate, surpassing both the production of meat from terrestrial farms and landings from capture fisheries to become the fastest-growing food production business in several nations. Aquaculture has been promoted for millennia in many developing nations, including Asia and Africa, to provide rural inhabitants with a means of improving their standard of living and escaping poverty. Aquaculture is one of the quickest ways for the underprivileged to make a livelihood, acts as a vital source of foreign exchange for the growth of the country and has gradually become an essential component of rural livelihoods as a means of addressing issues such as increasing population pressures, environmental degradation or lack of access and declining wild fisheries harvests. Between 2004 and 2011, aquaculture grew at a pace of over 2.5 million tonnes per year, whereas the worldwide wild catch decreased at a rate of more than 0.5 million tonnes annually. Due to the amplification of aquaculture, there is now a greater need for wide-open waters for the mass production of fish-based feedstuff components (fish oil and fish meal); additional agricultural land located far from the site of farm for the production of feed components derived from crops and other energy aspects such as (pumps, infrastructure, aeration) and suitable land that may be used for preserving quality of ponds. All things considered, intensification may decrease freshwater use while escalating some environmental issues including eutrophication, acidification and freshwater environmental toxicity.","https://doi.org/10.1007/978-3-031-92858-1_8",,,,
"GA1-A-0168","Shifts in species distribution, changes in phenology, altered population dynamics and changes in the composition of species assemblage or the structure and function of ecosystems are accelerating in marine, terrestrial and freshwater systems.","Modelling coffee leaf rust risk in Colombia with climate reanalysis data","Many fungal plant diseases are strongly controlled by weather, and global climate change is thus likely to have affected fungal pathogen distributions and impacts. Modelling the response of plant diseases to climate change is hampered by the difficulty of estimating pathogen-relevant microclimatic variables from standard meteorological data. The availability of increasingly sophisticated high-resolution climate reanalyses may help overcome this challenge. We illustrate the use of climate reanalyses by testing the hypothesis that climate change increased the likelihood of the 2008-2011 outbreak of Coffee Leaf Rust (CLR, Hemileia vastatrix) in Colombia. We develop a model of germination and infection risk, and drive this model using estimates of leaf wetness duration and canopy temperature from the Japanese 55-Year Reanalysis (JRA-55). We model germination and infection as Weibull functions with different temperature optima, based upon existing experimental data. We find no evidence for an overall trend in disease risk in coffee-growing regions of Colombia from 1990 to 2015, therefore, we reject the climate change hypothesis. There was a significant elevation in predicted CLR infection risk from 2008 to 2011 compared with other years. JRA-55 data suggest a decrease in canopy surface water after 2008, which may have helped terminate the outbreak. The spatial resolution and accuracy of climate reanalyses are continually improving, increasing their utility for biological modelling. Confronting disease models with data requires not only accurate climate data, but also disease observations at high spatio-temporal resolution. Investment in monitoring, storage and accessibility of plant disease observation data are needed to match the quality of the climate data now available.This article is part of the themed issue 'Tackling emerging fungal threats to animal health, food security and ecosystem resilience'.","https://doi.org/10.1098/rstb.2015.0458",,,,
"GA1-A-0048","Many drivers add already widespread species to ecological communities in many places; and many drivers cause endemic species to decline in many places. These two processes have contributed to the widespread erosion of differences between ecological communities in different places, a phenomenon known as biotic homogenization or the ""anthropogenic blender""","Habitat insularization alters taxonomic and functional beta diversity of understorey birds in Amazonian forest islands","Abstract Habitat fragmentation can profoundly alter the composition of biological communities, modifying patterns of beta diversity among areas. These effects are manifested through different components of beta diversity: differences in richness, which reflect variation in species numbers among sites, and species replacement, which indicates changes in species identity. Understanding which of these components is most affected can reveal distinct mechanisms that structure diversity in fragmented landscapes. In the Amazon, the formation of forest islands resulting from the construction of hydroelectric dams creates an archipelagic landscape whose insular patches vary in area and degree of isolation, serving as a natural experimental system to investigate how habitat fragmentation influences these components. We examined the effects of fragmentation on the taxonomic and functional beta diversity of understorey birds, specifically assessing how island area and isolation influence these patterns. Although functional and taxonomic beta diversity follow the same logic, the former is based on differences in ecological guilds, allowing detection of changes in both the number of functional guilds and their composition. The study was conducted at the Balbina Hydroelectric Reservoir (Amazonas, Brazil), where understorey birds were sampled using mist nets on 32 islands and five continuous forest sites between June and December of 2023 and 2024. With a sampling effort of 21 312 net hours, we captured a total of 1634 individuals belonging to 114 species. Both taxonomic and functional beta diversity were higher on islands compared to continuous forests, indicating that insularization increases compositional variation among communities, mainly due to species richness differences. Island area and isolation significantly influenced beta diversity, contributing to greater differences in taxonomic and functional richness among sites, suggesting that selective local extinctions play a central role in community structuring. Our results suggest that, although insularization increases beta diversity, this increase probably reflects underlying species and functional losses, which may have consequences for the maintenance of ecological functions and ecosystem services provided by Amazonian understorey birds.","https://doi.org/10.1098/rsos.260165",,,,
"GA1-A-0104","Domestic varieties of plants and animals are the result of natural and human-managed selection, sometimes over centuries or millennia, and tend to show a high degree of adaptation (genotypic and phenotypic) to local conditions","Geology, climate, and hydrochemistry shape the spatial patterns of multiple diversity facets and functional traits of fishes","Abstract In a large river with significant environmental variations in space (i.e., microhabitat) or over time (i.e., seasonality and/or long‐term trend), discovering the spatial changes in fish diversity, distributions, and functional traits would provide an important foundation for the understanding of ecosystem structure and function. In the Pearl River in China, three datasets as fish distribution, species functional traits, and environmental variables were constructed and sorted to (1) test the relationships between and congruence of taxonomic diversity, functional diversity, and phylogenetic diversity by a randomisation procedure, (2) map the spatial pattern of diversity and the correlation to environmental variables by maximal information coefficient, and (3) determine the fish traits tendency under environmental changes by the fourth‐corner method. The Pearl River possesses the highest fish richness among all the rivers in China, with 438 freshwater fish species including 119 cave species. At basin scale, phylogenetic diversity showed faster change than functional diversity, suggesting a little divergence of functional traits despite high phenotypic or genetic diversity across species, as parallel evolution. However, at a small scale, when only considering cave fishes, the variation rate of species traits was faster than that of species increase, as evolutionary radiation in a variety of microhabitats. For all three aspects of diversity, random permutation tests confirmed that congruence values in each grid cell were significantly different from the random expectations. Besides widely accepted variables such as altitude, precipitation, and slope concerned with fish biogeography, hydrochemical variables showed influential impacts on the morphological and growth traits of fishes in the Pearl River characterised by the dominance of the karst habitat.","https://doi.org/10.1111/eff.12693",,,,
"GA1-A-0237","Those include introducing and improving standards, systems and relevant regulations aimed at internalizing the external costs of production, extraction and consumption (such as pricing wasteful or polluting practices, including through penalties); promoting resource efficiency and circular and other economic models; voluntary environmental and social certification of market chains; and incentives that promote sustainable practices and innovation. Importantly, they also involve a change in the definition of what a good quality of life entails – decoupling the idea of a good and meaningful life from ever-increasing material consumption. All those approaches are more effective when they are mutually reinforcing. Actions that help to voluntarily unleash existing social values of responsibility in the form of individual, collective and organizational actions towards sustainability can have a powerful and lasting effect in shifting behaviour and cultivating stewardship as a normal social practice","Plant-based protein foods are less sensitive to price changes than animal-based ones, with differences across income and education levels","Shifting demand toward plant-based proteins is an important sustainability transition, yet adoption remains limited. Here, we used longitudinal loyalty data from 29,131 Finnish consumers to estimate differences in price elasticity between plant- and animal-based proteins in Study 1. Study 2a examined socioeconomic status as a moderator of price elasticity, while Studies 2b and 2c assessed income and education separately. Study 3 compared estimates when measured at the individual versus the neighborhood level. A robustness check replicated analyses in Canada. Two-level mixed-effects regression models revealed that consumers were less price elastic to plant proteins than animal proteins. Socioeconomic status moderated both, but disparities were over three times larger for animal proteins. Income moderated price elasticity, while education's effect was stronger for animal proteins. Neighborhood-level measures yielded similar patterns. Results were comparable in Canada. Differences in price sensitivity by socioeconomic status are central to the protein transition and should be incorporated into future sustainability interventions.","https://doi.org/10.1038/s44458-026-00040-y",,,,
"GA1-A-0037","Nature can help to regulate disease and the immune system.","Hypoglycemic Effect of Ginsenoside Rg5 Mediated Partly by Modulating Gut Microbiota Dysbiosis in Diabetic db/db Mice","Abstract In this study, we aimed to investigate the influence of ginsenoside Rg5 (Rg5) on gut microbiota in diabetic db/db mice. Our data indicated that Rg5 not only improved the symptoms of hyperglycemia, repaired intestinal barrier function, and relieved metabolic endotoxemia-related inflammation but also reversed gut microbiota dysbiosis in the colon with significantly decreased Firmicutes/Bacteroidetes ratios. More importantly, the effects of Rg5 were further confirmed by partial changes in the gut microbiota induced by broad-spectrum antibiotics. These findings indicated that Rg5 dramatically decreased the abundance of Firmicutes and Verrucomicrobia at the phylum level and increased the abundance of Bacteroidetes and Proteobacteria in diabetic db/db mice. Altogether, our findings, for the first time, demonstrate that Rg5 may be used as a beneficial probiotic agent that reverses gut microbiota dysbiosis and diabetes-associated metabolic disorders in the context of type 2 diabetes mellitus.","https://doi.org/10.1021/acs.jafc.0c00605",,,,
"GA1-A-0194","Community-based conservation institutions and local governance regimes have often been effective, at times even more effective than formally established protected areas, in preventing habitat loss.","Publish, then perish? Five years on, sawfishes are still at risk in Bangladesh","Abstract Sawfishes are highly threatened globally, and current data on their conservation status in the Indian Ocean are limited. A baseline study conducted in 2011–2012 revealed that at least two species of sawfish were still present in Bangladeshi waters and highlighted several important steps that could be taken to prevent populations from further decline. Regular visits to landing sites in the south‐eastern coastal region of Bangladesh were conducted to collect data on sawfish landings. A telephone reporting system was developed amongst shark traders and fishers, to facilitate immediate reporting of sawfish landings. Between 15 October 2016 and 26 December 2017, landings of 25 sawfishes were documented, of which at least 17 were largetooth sawfish Pristis pristis. No evidence of narrow sawfish Anoxypristis cuspidata was observed, which may suggest that this species has become rare. These data were collected 5 years after the baseline study was conducted and after several years of broader efforts to highlight the precarious status of sawfish populations globally. The findings illustrate that largetooth sawfish continue to be landed and that none of the management or community engagement activities previously recommended, in order to reduce catch rates, have been implemented. This is an example of the research–practitioner divide, where published scientific research on a group of highly endangered elasmobranchs has not led to their protection. A strategy for communicating the findings of this study and the critical need for local conservation action for sawfishes to key national and local stakeholders is presented, alongside a suite of actions that can be feasibly implemented in the next 12 months.","https://doi.org/10.1002/aqc.3403",,,,
"GA1-A-0157","Nature provides a broad diversity of nutritious foods, medicines and clean water","Implications of Sewage Discharge on Freshwater Ecosystems","Freshwater ecosystems such as lakes and rivers are among the sensitive ecosystems, which host rich biodiversity. Being major freshwater resources, they provide a wide range of ecosystem services, making their existence essential for the well-being of human societies. However, in the past few decades, there have been adverse impacts on the health of these ecosystems due to uncontrolled sewage disposal throughout the world. This is increasingly becoming a tough challenge to protect the freshwater ecosystems from the ramifications of the entry of untreated sewage. Loss of biodiversity, physiological and behavioral changes in species, community shifts, and fish mortality have been witnessed in aquatic ecosystems, which are the recipients of untreated or partially treated sewage. Nutrients such as nitrogen and phosphorus are abundant in sewage and are one of the leading causes of eutrophication of water bodies. Several freshwater ecosystems around the world have become a victim of eutrophication due to untreated sewage disposal, leading to a change in trophic status.","https://doi.org/10.5772/intechopen.100770",,,,
"GA1-A-0108","Sustainable development principles can reduce by-catch.","Greening Cities","A summary is not available for this content. As you have access to this content, full HTML content is provided on this page. A PDF of this content is also available in through the 'Save PDF' action button.","https://doi.org/10.1017/9781316647554.051",,,,
"GA1-A-0240","Structural changes to economies are also key to shifting action over long timescales. Such changes include technological and social innovation regimes and investment frameworks that internalize environmental impacts, such as the externalities of economic activities, including by addressing environmental impacts in socially just and appropriate ways","Setback for sustainability: Brazil’s new licensing law threatens climate and biodiversity goals","Brazil’s recent environmental licensing reform exposes a contradiction between national regulation and international climate and biodiversity commitments. Law No. 15.190/2025 narrows analytical scope, expands exemptions, weakens preventive mechanisms, and shifts responsibilities to subnational authorities with uneven technical capacity. Although environmental impact assessments remain formally required, the law reduces their applicability and overlooks indirect, cumulative, and synergistic impacts. It also omits ecosystem services, despite scientific consensus on their role in climate regulation, water provision, soil protection, and pollination. This omission underestimates socio-environmental risks and undermines resilience, food security, and long-term planning. This contradiction is evident in Brazil’s renewed international engagement, including its role as host of the 30th United Nations Climate Change Conference (COP30) in Belém. To align national regulation with global commitments, integrating ecosystem services into licensing, alongside transparency and impact data disclosure, is urgently needed.","https://doi.org/10.1016/j.pecon.2026.05.002",,,,
"GA1-A-0165","Nature provides a broad diversity of nutritious foods, medicines and clean water","Microplastics in the rivers of Gujarat (India) to the Arabian Sea: assessment of the sources, distribution, and associated environmental risk","Microplastics (MPs) have become a notable concern and are released into the environment through the disposal or fragmentation of large plastics. Rivers have been the major pathways for MPs present in the oceans, which significantly affects the marine environment. In this study, water samples were collected from the upper stream and downstream of the Damanganga and Tapi rivers across different sites in the state of Gujarat, India, for exploration of MP contamination. Additionally, samples were collected from Dumas Beach to detect the presence of MPs. Microplastics were extracted from the samples through sieving, density separation, and wet peroxide oxidation techniques, and were subsequently analyzed using μ-FTIR (micro-Fourier transform infrared spectroscopy), optical microscopy, pyrolysis gas chromatography-mass spectrometry (Py-GCMS) and scanning electron microscopy (SEM). The concentration of MPs was also quantified from each stretch of the Damanganga and Tapi rivers as well as Dumas Beach. Findings revealed that the Damanganga showed a higher concentration (3.53 particles/L) of MPs compared with the others. Further, optical microscopy and μ-FTIR analysis confirmed the presence of MPs such as polypropylene (PP), polystyrene (PS), polyethylene terephthalate (PET), polyethylene (PE), and polymethyl methacrylate (PMMA). Pyrolysis products of PP, PS, and polyamide (PA) were detected from Py-GCMS studies. Additionally, SEM images revealed that MPs were subjected to weathering, oxidation, and atmospheric deposition over the years. The study additionally confirmed the flux of MPs in both rivers and the beach due to anthropogenic and industrial effects. Risk assessment of MPs was performed using the pollutant loading index (PLI), which indicated that the overall MP pollution in the studied sites was marginal. Nevertheless, the PLI scores revealed that Damanganga was the most prone to MP pollution among the three study sites.","https://doi.org/10.1093/inteam/vjaf011",,,,
"GA1-A-0137","Nature provides among other contributions.","Microbiome in Chronic Obstructive Pulmonary Disease: Role of Natural Products Against Microbial Pathogens","The ""microbiome"" is the operative term to refer to a collection of all taxa constituting microbial communities, such as bacteria, archaea, fungi and protists (originally microbiota). The microbiome consists of the indigenous microbial communities and of the host environment that they inhabit. Actually, it has been shown that there is a close relationship between the microbiome and human health and disease condition. Although, initially, the lung was considered sterile, actually, the existence of a healthy lung microbiome is usually accepted. Lung microbiome changes are reported in Chronic Obstructive Pulmonary Disease (COPD) and in its exacerbation. Viral and bacterial infections of the respiratory system are a major cause of COPD exacerbations (AECOPD) leading to increased local and systemic inflammation. Detection rates of virus in AECOPD are variable between 25-62% according to the detection method. The study of human airway and lung disease virome is quite recent and still very limited. The purpose of this review is to summarize recent findings on the lung microbiome composition with a special emphasis on virome in COPD and in AECOPD. Some drugs of natural origins active against resistant bacteria and virus are described.","https://doi.org/10.2174/0929867327666191213110551",,,,
"GA1-A-0217","Population declines often give warning that a species' risk of extinction is increasing. The Living Planet Index, which synthesises trends in vertebrate populations, shows that species have declined rapidly since 1970, with reductions of 40 per cent for terrestrial species, 84 per cent for freshwater species and 35 per cent for marine species","Etnozooterapia em comunidades do cerrado piauiense, Brasil","A Etnozoologia analisa a relação entre as comunidades humanas e a fauna local. A zooterapia se destaca como uma de suas subáreas e apresenta as práticas ligadas ao uso de remédios à base de animais. Objetivou-se analisar o uso medicinal de animais e subprodutos em duas comunidades rurais no cerrado nordestino brasileiro. Desenvolveu-se o estudo a partir da aplicação de formulários semiestruturados a 16 famílias de duas comunidades rurais. As espécies com maior número de citações foram: Lycalopex vetulus (raposa), Gallus gallus domesticus (galinha) e o Euphractus sexcinctus (tatu peba). Foi percebido que devido ao contato com a natureza, comunidades humanas desenvolveram saberes acerca da utilização de medicamentos à base de animais para o tratamento de doenças como gripe, asma e inflamações na garganta. Entretanto, a ação antrópica vem causando impactos ambientais negativos como, por exemplo, uma expressiva diminuição na densidade populacional de diversas espécies de animais na natureza.","https://doi.org/10.22478/ufpb.1981-1268.2020v14n3.51587",,,,
"GA1-A-0120","All climate model trajectories show that limiting human-induced climate change to well below 2°C requires immediate, rapid reductions in greenhouse gas emissions or a reliance on substantial carbon dioxide removal from the atmosphere. However, the land areas required for bioenergy crops (with or without carbon capture and storage), afforestation and reforestation to achieve the targeted carbon uptake rates are projected to be very large.","Arctic climate change in 21st century CMIP5 simulations with EC-Earth","The Arctic climate change is analyzed in an ensemble of future projection simulations performed with the global coupled climate model EC-Earth2.3. EC-Earth simulates the twentieth century Arctic climate relatively well but the Arctic is about 2 K too cold and the sea ice thickness and extent are overestimated. In the twenty-first century, the results show a continuation and strengthening of the Arctic trends observed over the recent decades, which leads to a dramatically changed Arctic climate, especially in the high emission scenario RCP8.5. The annually averaged Arctic mean near-surface temperature increases by 12 K in RCP8.5, with largest warming in the Barents Sea region. The warming is most pronounced in winter and autumn and in the lower atmosphere. The Arctic winter temperature inversion is reduced in all scenarios and disappears in RCP8.5. The Arctic becomes ice free in September in all RCP8.5 simulations after a rapid reduction event without recovery around year 2060. Taking into account the overestimation of ice in the twentieth century, our model results indicate a likely ice-free Arctic in September around 2040. Sea ice reductions are most pronounced in the Barents Sea in all RCPs, which lead to the most dramatic changes in this region. Here, surface heat fluxes are strongly enhanced and the cloudiness is substantially decreased. The meridional heat flux into the Arctic is reduced in the atmosphere but increases in the ocean. This oceanic increase is dominated by an enhanced heat flux into the Barents Sea, which strongly contributes to the large sea ice reduction and surface-air warming in this region. Increased precipitation and river runoff lead to more freshwater input into the Arctic Ocean. However, most of the additional freshwater is stored in the Arctic Ocean while the total Arctic freshwater export only slightly increases.","https://doi.org/10.1007/s00382-012-1505-y",,,,
"GA1-A-0118","For example, marine and freshwater-based food is co-produced by the combination of fish populations, fishing gear, and access to fishing grounds","Factores de riesgo asociados a la mortalidad infantil por desnutrición. Hospital General de Benguela, Angola","Introducción: La malnutrición infantil constituye un gran desafío para Angola. Objetivo: identificar factores asociados a la mortalidad por desnutrición infantil en el Hospital Provincial de Benguela. Materiales y métodos: Estudio caso–control, observacional y analítico. El grupo de casos, constituido por 51 niños fallecidos por desnutrición entre mayo del 2019 a mayo del 2020 y el grupo control, por 102 niños desnutridos vivos. El cotejo de los grupos se realizó por los criterios: diagnóstico de desnutrición, grupo de edad, sexo y procedencia. Las historias clínicas constituyeron la fuente de información. El test X2 posibilitó determinar asociación entre la variable de estudio y las restantes, mientras el OR clasificarlas como de riesgo o protectores, con 95% de confianza. Resultados: La media de edad del grupo de casos fue de 16,6 meses, 51% lactantes con predominio del sexo femenino (53,9%). El riesgo de muerte por desnutrición se incrementó en 7,2 y 4,5 veces en las variables clínicas, como no aplicar antibioticoterapia preventiva ni hemotransfusion respectivamente, mientras que la palidez mucocutánea en 5,1 veces. Con igual impacto, pero en variables no clínicas, dificultad para amamantar (4 veces), presencia de hermanos menores (3,4 veces), no lactancia materna (2,5 veces) y bajo peso al nacer (4,5 veces). Las variables protectoras de riesgo de morir por desnutrición fueron vacunación, parto institucional y a término. Conclusiones: Existen factores clínicos y no clínicos que incrementan el riesgo de morir por desnutrición, mientras otros se comportan como protectores. La identificación de los mismos facilitará implementar medidas de prevención.","https://doi.org/10.22258/hgh.2022.61.110",,,,
"GA1-A-0018","Shifts in species distribution, changes in phenology, altered population dynamics and changes in the composition of species assemblage or the structure and function of ecosystems are accelerating in marine, terrestrial and freshwater systems.","Changing microbiome community structure and functional potential during permafrost thawing on the Tibetan Plateau","Large amounts of carbon sequestered in permafrost on the Tibetan Plateau (TP) are becoming vulnerable to microbial decomposition in a warming world. However, knowledge about how the responsible microbial community responds to warming-induced permafrost thaw on the TP is still limited. This study aimed to conduct a comprehensive comparison of the microbial communities and their functional potential in the active layer of thawing permafrost on the TP. We found that the microbial communities were diverse and varied across soil profiles. The microbial diversity declined and the relative abundance of Chloroflexi, Bacteroidetes, Euryarchaeota, and Bathyarchaeota significantly increased with permafrost thawing. Moreover, warming reduced the similarity and stability of active layer microbial communities. The high-throughput qPCR results showed that the abundance of functional genes involved in liable carbon degradation and methanogenesis increased with permafrost thawing. Notably, the significantly increased mcrA gene abundance and the higher methanogens to methanotrophs ratio implied enhanced methanogenic activities during permafrost thawing. Overall, the composition and functional potentials of the active layer microbial community in the Tibetan permafrost region are susceptible to warming. These changes in the responsible microbial community may accelerate carbon degradation, particularly in the methane releases from alpine permafrost ecosystems on the TP.","https://doi.org/10.1093/femsec/fiad117",,,,
"GA1-A-0144","Nature provides among other contributions.","High-resolution temporal assessment of physicochemical variability and water quality in tropical semi-enclosed bays and coral reefs","Tropical coastlines featuring mangrove, seagrass, and coral habitats are of immense ecological and socio-economic importance, supporting biodiversity, carbon storage, coastal protection, fisheries, and tourism. However, climate change, coastal development, and low water quality increasingly threaten these interconnected coastal ecosystems, particularly in semi-enclosed bays where the impacts of these stressors are often amplified. Yet, physicochemical conditions are rarely assessed at sufficient temporal resolution (i.e., diel and seasonal variation) and time-integrated pollution monitoring is rarely performed. Here, we used a multi-disciplinary approach to assess >20 abiotic parameters characterizing two mangrove- and seagrass-dominated inland bays and two nearby coral reefs in Curaçao (southern Caribbean) during the cool, dry season and warm, wet season. This was combined with time-integrated pollution monitoring using bioindicators to assess nutrients and trace metal pollution (inland bays only), and passive samplers and bioassays to assess organic chemical pollution (all four sites) during the wet season. This approach revealed a previously undocumented extent of strong diel and seasonal environmental variability in Curaçao's inland bays, with temperature, pH, and dissolved oxygen frequently reaching values predicted under moderate-to-severe future climate scenarios as outlined by the IPCC (2021). In addition, the inland bays had greater nutrient concentrations (especially ammonium) and potential ecotoxicological risks than the nearby reefs during the wet season due to run-off and anthropogenic activities. These findings emphasize the importance of high-resolution monitoring to understand risks across appropriate temporal scales and establish an environmental baseline against which future monitoring can be benchmarked. Moreover, our study provides a robust water quality assessment framework that can be used by natural resource managers to monitor reef-associated habitats and conserve their high ecological and socio-economic value. Overall, our work highlights the urgent need to improve monitoring, water quality, and protection of these valuable reef-associated habitats.","https://doi.org/10.1016/j.scitotenv.2025.178810",,,,
"GA1-A-0153","Shifts in species distribution, changes in phenology, altered population dynamics and changes in the composition of species assemblage or the structure and function of ecosystems are accelerating in marine, terrestrial and freshwater systems.","Declines in an Augur Buzzard Buteo augur Population in a Region of Increasing Human Development","As with many areas in Africa, Kenya has witnessed rapid human development in recent decades, including an increase in urbanization and an intensification of agriculture. The impact of these land use changes on wildlife populations have, however, rarely been examined. The Augur Buzzard is a widespread raptor species, thought to adapt relatively well to human alterations of habitat. In this study, we explore trends in Augur Buzzard (Buteo augur) territory occupancy over nearly two decades around Lake Naivasha, Kenya, in relation to land-use changes, particularly expansion in human housing and flower farms. We hypothesized that these changes would cause population declines in this species within our study area. Using remote-sensed satellite imagery, we found that human development (agriculture and human settlement) increased from 9 to 24% of the study area from 1995 to 2014. We found a 47% decline in active territories over this same time period, representing an annualized decline of 3.1%. Based on the length of three generations this would qualify this species to be uplisted to at least Vulnerable in our study area, raising our concerns that the same pattern may be occurring across the species’ range. We then explored whether abandonment of individual territories was associated with either (i) the current amount or (ii) the change in human development within a range of buffer circles of varying radii (0.1–5.0 km). Contrary to our expectations, no associations were found between human development and territorial abandonment, and thus we could not attribute specific territorial abandonment to these broad scale anthropogenic land cover changes. We encourage further research to investigate whether territorial abandonment may be associated with either finer resolution (habitat specific) changes, or sources of direct mortality, for example human persecution or electrocutions. These factors might explain the decline in this population better than broader scale increases in anthropogenic land cover.","https://doi.org/10.3389/fevo.2021.590073",,,,
"GA1-A-0012","Nature can help to regulate disease and the immune system.","A New Frontier in Oral Care: Live Streptococcus salivarius M18 Probiotic Toothpaste","The oral microbiome, a complex ecosystem of microbes, is crucial for oral health. Imbalances in this ecosystem can lead to various oral diseases. Probiotics, live beneficial bacteria, offer a potential solution by strengthening oral defences. This study aimed to develop and evaluate a novel toothpaste containing Streptococcus salivarius M18, a probiotic strain. After ensuring compatibility with toothpaste ingredients, a stable formulation with desirable properties was created. The toothpaste demonstrated cleaning efficacy and antimicrobial activity against oral pathogens in vitro. A clinical trial involving healthy adults showed that all doses of the probiotic toothpaste significantly increased S. salivarius M18 levels in saliva, with the effect persisting even after discontinuation. These findings suggest that the toothpaste effectively delivers the probiotic to the oral cavity and promotes colonisation. Further research is needed to optimise the formulation and assess its long-term impact on oral health.","https://doi.org/10.3390/applmicrobiol5010014",,,,
"GA1-A-0040","Climate change is already having an impact on nature, from genes to ecosystems. It poses a growing risk owing to the accelerated pace of change and interactions with other direct drivers","Environmental Role of Snowmelt in Headwaters Affected by Atmospheric Acid Deposition","In headwaters, snowmelt affects the replenishment of water resources as well as the occurrence of natural hazards. The environmental impacts of snowpack were analysed in a small forest catchment (Jizera Mountains, Czech Republic) in the context of forest dynamics, atmospheric deposition, and climate, 1982–2021. Snowmelt dominates in March–May with 41% of the long-term annual water yield; however, there is also seasonal acidification of stream water. Forest clear-cutting together with air pollution control has contributed to a decrease in the acid atmospheric load, but, in the spring, streams’ pH is often below the environmental threshold of 5.3. Snowmelt volumes did not show significant transformation with forest canopy and do not affect summer low flows. Peak flows in the springtime do not exceed summer flash floods (frequencies up to 0.13 against 0.02). Mean annual air temperature is increasing by 0.26 ± 0.08 °C per decade with more intensive warming (0.64 ± 0.1 °C per decade) in the winter season. The seasonal reduction in snowpack duration and maximum snow water equivalent (5.5 ± 1.2 days and 34 ± 8.6 mm per decade) corresponds with the largest drop in snow cover duration reported in zones of seasonal temperatures ranging from −5° to +5 °C.","https://doi.org/10.3390/w15132458",,,,
"GA1-A-0022","Shifts in species distribution, changes in phenology, altered population dynamics and changes in the composition of species assemblage or the structure and function of ecosystems, are evident","Effects of climate and human activity on the current distribution of amphibians in China","In China, as elsewhere, amphibians are highly endangered. Anthropogenic environmental change has affected the distribution and population dynamics of species, and species distributions at a broad scale are strongly driven by climate and species' ability to disperse. Yet, current knowledge remains limited on how widespread human activity affects the distribution patterns of amphibians in China and whether this effect extends beyond climate. We compiled a relatively comprehensive database on the distribution of 196 amphibian species in China from the literature, public databases, and field data. We obtained 25,826 records on almost 50% of known species in China. To test how environmental factors and human activities influence the current distribution of amphibians (1960-1990), we used range filling, which is species realized ranges relative to their potential climate distribution. We used all species occurrence records to represent realized range and niche models to predict potential distribution range. To reduce uncertainty, we used 3 regression methods (beta regression, generalized boosted regression models, and random forest) to test the associations of species range filling with human activity, climate, topography, and range size. The results of the 3 approaches were consistent. At the species level, mean annual precipitation (climate) had the most effect on spatial distribution pattern of amphibians in China, followed by range size. Human activity ranked last. At the spatial level, mean annual precipitation remained the most important factor. Regions in southeastern of China that are currently moist supported the highest amphibian diversity, but were predicted to experience a decline in precipitation under climate change scenarios. Consequently, the distributions of amphibians will likely shift to the northwest in the future, which could affect future conservation efforts.","https://doi.org/10.1111/cobi.13964",,,,
"GA1-A-0188","Along coastlines, the upsurge in extreme climatic events, sea level rise and coastal development are expected to cause increased fragmentation and loss of habitats. Coral reefs are projected to undergo more frequent extreme warming events, with less recovery time in between, declining by a further 70–90 per cent at global warming of 1.5°C, and by more than 99 per cent at warming of 2°C, causing massive bleaching episodes with high coral mortality rates","Comment on bg-2021-90","Abstract. According to current experimental evidence, coral reefs could disappear within the century if CO2 emissions remain unabated. However, recent discoveries of diverse and high cover reefs that already live under extreme conditions suggest that some corals might thrive well under hot, high-pCO2, and deoxygenated seawater. Volcanic CO2 vents, semi-enclosed lagoons, and mangrove estuaries are unique study sites where one or more ecologically relevant parameters for life in the oceans are close to or even worse than currently projected for the year 2100. Although they do not perfectly mimic future conditions, these natural laboratories offer unique opportunities to explore the mechanisms that reef species could use to keep pace with climate change. To achieve this, it is essential to characterize their environment as a whole and accurately consider all possible environmental factors that may differ from what is expected in the future, possibly altering the ecosystem response. This study focuses on the semi-enclosed lagoon of Bouraké (New Caledonia, southwest Pacific Ocean) where a healthy reef ecosystem thrives in warm, acidified, and deoxygenated water. We used a multi-scale approach to characterize the main physical-chemical parameters and mapped the benthic community composition (i.e., corals, sponges, and macroalgae). The data revealed that most physical and chemical parameters are regulated by the tide, strongly fluctuate three to four times a day, and are entirely predictable. The seawater pH and dissolved oxygen decrease during falling tide and reach extreme low values at low tide (7.2 pHT and 1.9 mg O2 L−1 at Bouraké vs. 7.9 pHT and 5.5 mg O2 L−1 at reference reefs). Dissolved oxygen, temperature, and pH fluctuate according to the tide by up to 4.91 mg O2 L−1, 6.50 ∘C, and 0.69 pHT units on a single day. Furthermore, the concentration of most of the chemical parameters was 1 to 5 times higher at the Bouraké lagoon, particularly for organic and inorganic carbon and nitrogen but also for some nutrients, notably silicates. Surprisingly, despite extreme environmental conditions and altered seawater chemical composition measured at Bouraké, our results reveal a diverse and high cover community of macroalgae, sponges, and corals accounting for 28, 11, and 66 species, respectively. Both environmental variability and nutrient imbalance might contribute to their survival under such extreme environmental conditions. We describe the natural dynamics of the Bouraké ecosystem and its relevance as a natural laboratory to investigate the benthic organism's adaptive responses to multiple extreme environmental conditions.","https://doi.org/10.5194/bg-2021-90-rc1",,,,
"GA1-A-0179","Marine protected areas have demonstrated success in both biodiversity conservation and improved local quality of life when managed effectively and can be further expanded through larger or more interconnected protected areas or new protected areas in currently underrepresented regions and key biodiversity areas","Loss of dominant caterpillar genera in a protected tropical forest","Reports of biodiversity loss have increasingly focused on declines in abundance and diversity of insects, but it is still unclear if substantive insect diversity losses are occurring in intact low-latitude forests. We collected 22 years of plant-caterpillar-parasitoid data in a protected tropical forest and found reductions in the diversity and density of insects that appear to be partly driven by a changing climate and weather anomalies. Results also point to the potential influence of variables not directly measured in this study, including changes in land-use in nearby areas. We report a decline in parasitism that represents a reduction in an important ecosystem service: enemy control of primary consumers. The consequences of these changes are in many cases irreversible and are likely to be mirrored in nearby forests; overall declines in the region will have negative consequences for surrounding agriculture. The decline of important tropical taxa and associated ecosystem function illuminates the consequences of numerous threats to global insect diversity and provides additional impetus for research on tropical diversity.","https://doi.org/10.1038/s41598-019-57226-9",,,,
"GA1-A-0070","In contrast, substantial increases in food, feed, timber and bioenergy production are predicted in most scenarios","Climate change has likely already affected global food production","Crop yields are projected to decrease under future climate conditions, and recent research suggests that yields have already been impacted. However, current impacts on a diversity of crops subnationally and implications for food security remains unclear. Here, we constructed linear regression relationships using weather and reported crop data to assess the potential impact of observed climate change on the yields of the top ten global crops-barley, cassava, maize, oil palm, rapeseed, rice, sorghum, soybean, sugarcane and wheat at ~20,000 political units. We find that the impact of global climate change on yields of different crops from climate trends ranged from -13.4% (oil palm) to 3.5% (soybean). Our results show that impacts are mostly negative in Europe, Southern Africa and Australia but generally positive in Latin America. Impacts in Asia and Northern and Central America are mixed. This has likely led to ~1% average reduction (-3.5 X 1013 kcal/year) in consumable food calories in these ten crops. In nearly half of food insecure countries, estimated caloric availability decreased. Our results suggest that climate change has already affected global food production.","https://doi.org/10.1371/journal.pone.0217148",,,,
"GA1-A-0209","Many of nature's contributions to people are essential for human health.","Pollination success in apples is dependent upon wild bees and orchard design","Insect pollinators are important drivers of fruit quality and yield in horticultural systems. The global reduction in wild bee populations has increased the demand for managed honeybees, despite honeybees relatively low pollination efficiency. Here, we assessed how bee communities, bee behaviour, and orchard design in Norwegian apple orchards affects apple pollination success, an important determinant of apple quality. We placed pan and vane traps in 18 apple orchards, in six distinct locations, within the two main apple growing regions in Norway. We also tracked individual bees (honeybees, bumblebees, and solitary bees) throughout the apple flowering season, and recorded their flower handling time, number of flower visits, stigma contact, and movement between apple flowers. Finally, we calculated the seed set rate (ovules developed into seeds / total number of ovules) from 908 harvested apples to estimate pollination success. Our key finding is that pollination success was driven by the abundance of wild bees and overall orchard planting design. We found lower pollination success in block design orchards where a single cultivar is planted continuously over a large area, compared to orchards with an integrated design where compatible cultivars are planted within the orchard. We also found that stigma contact decreased as apple flowering progressed, and that solitary bees visited fewer flowers per foraging event but were potentially more thorough foragers. Our results highlight the importance of promoting wild bees in apple orchards while also ensuring there is compatible pollen in the orchards for optimal pollination.","https://doi.org/10.26786/1920-7603(2026)878",,,,
"GA1-A-0015","Nature can help to regulate disease and the immune system.","Betulinic Acid Exerts Cytoprotective Activity on Zika Virus-Infected Neural Progenitor Cells","Zika virus (ZIKV), a member of the Flaviviridae family, was brought into the spotlight due to its widespread and increased pathogenicity, including Guillain-Barré syndrome and microcephaly. Neural progenitor cells (NPCs), which are multipotent cells capable of differentiating into the major neural phenotypes, are very susceptible to ZIKV infection. Given the complications of ZIKV infection and potential harm to public health, effective treatment options are urgently needed. Betulinic acid (BA), an abundant terpenoid of the lupane group, displays several biological activities, including neuroprotective effects. Here we demonstrate that Sox2+ NPCs, which are highly susceptible to ZIKV when compared to their neuronal counterparts, are protected against ZIKV-induced cell death when treated with BA. Similarly, the population of Sox2+ and Casp3+ NPCs found in ZIKV-infected cerebral organoids was significantly higher in the presence of BA than in untreated controls. Moreover, well-preserved structures were found in BA-treated organoids in contrast to ZIKV-infected controls. Bioinformatics analysis indicated Akt pathway activation by BA treatment. This was confirmed by phosphorylated Akt analysis, both in BA-treated NPCs and brain organoids, as shown by immunoblotting and immunofluorescence analyses, respectively. Taken together, these data suggest a neuroprotective role of BA in ZIKV-infected NPCs.","https://doi.org/10.3389/fcimb.2020.558324",,,,
"GA1-A-0229","These options include integrated pest and nutrient management, organic agriculture, agroecological practices, soil and water conservation practices, conservation agriculture, agroforestry, silvopastoral systems, irrigation management, small or patch systems and practices to improve animal welfare. These practices could be enhanced through well-structured regulations, incentives and subsidies, the removal of distorting subsidies","Implementação do Programa Estadual de Pagamento por Serviços Ambientais da Bahia","""Em 2015, a Política Estadual de Pagamento por Serviços Ambientais (PSA) e o Programa Estadual de Pagamento por Serviços Ambientais (Pepsa) foram instituídos a Bahia. A adoção desse mecanismo de incentivo a comportamentos ambientalmente desejáveis representa um importante avanço na promoção de novos instrumentos para a agenda de gestão pública ambiental do estado. O artigo relata a experiência do início da implementação da Política Estadual de PSA na Bahia, apresenta e discute a estrutura dessa política pública de incentivo à conservação, os caminhos já percorridos pela Secretaria do Meio Ambiente (Sema) e o planejamento estratégico para a plena implementação do PSA no estado. Discorre-se também sobre os resultados da estratégia conduzida pela Sema-BA para a divulgação do PSA e para a descentralização dessa política por meio de processos formativos e assistência técnica continuados. Ao final, apresentam-se as considerações gerais sobre o início da implementação da política pública de PSA na Bahia. Palavras-chave: serviços ecossistêmicos; política pública; gestão ambiental; incentivo econômico; princípio “provedor-recebedor”.""","https://doi.org/10.56839/bd.v32i2.a2",,,,
"GA1-A-0075","In contrast, substantial increases in food, feed, timber and bioenergy production are predicted in most scenarios","NW European shelf under climate warming: implications for open ocean – shelf exchange, primary production, and carbon absorption","Abstract. Shelves have been estimated to account for more than one-fifth of the global marine primary production. It has been also conjectured that shelves strongly influence the oceanic absorption of anthropogenic CO2 (carbon shelf pump). Owing to their coarse resolution, currently applied global climate models are inappropriate to investigate the impact of climate change on shelves and regional models do not account for the complex interaction with the adjacent open ocean. In this study, a global ocean general circulation model and biogeochemistry model were set up with a distorted grid providing a maximal resolution for the NW European shelf and the adjacent northeast Atlantic. Using model climate projections we found that already a~moderate warming of about 2.0 K of the sea surface is linked with a reduction by ~ 30% of the biological production on the NW European shelf. If we consider the decline of anthropogenic riverine eutrophication since the 1990s, the reduction of biological production amounts is even larger. The relative decline of NW European shelf productivity is twice as strong as the decline in the open ocean (~ 15%). The underlying mechanism is a spatially well confined stratification feedback along the continental shelf break. This feedback reduces the nutrient supply from the deep Atlantic to about 50%. In turn, the reduced productivity draws down CO2 absorption in the North Sea by ~ 34% at the end of the 21st century compared to the end of the 20th century implying a strong weakening of shelf carbon pumping. Sensitivity experiments with diagnostic tracers indicate that not more than 20% of the carbon absorbed in the North Sea contributes to the long-term carbon uptake of the world ocean. The rest remains within the ocean's mixed layer where it is exposed to the atmosphere. The predicted decline in biological productivity, and decrease of phytoplankton concentration (in the North Sea by averaged 25%) due to reduced nutrient imports from the deeper Atlantic will probably affect the local fish stock negatively and therefore fisheries in the North Sea.","https://doi.org/10.5194/bg-10-3767-2013",,,,
"GA1-A-0029","Sustainable landscape management can be better achieved using a combination of measures and practices, including: (a) well-managed and connected protected areas and other effective area-based conservation measures; (b) reduced impact logging, forest certification, payment for ecosystem services, among other instruments, and reduced emissions from deforestation and forest degradation; (c) support for ecological restoration; (d) effective monitoring, including public access and participation as appropriate; (e) addressing illegal activities; (f) the effective implementation of multilateral environmental agreements and other relevant international agreements by their parties; and (g) promoting sustainable, biodiversity-based food systems.","Changes in African lion demography and population growth with increased protection in a large, prey‐depleted ecosystem","Abstract Large carnivores such as the lion are declining across Africa, in part because their large herbivore prey is declining. There is consensus that increased protection from prey depletion will be necessary to reverse the decline of lion populations, but few studies have tested whether increased protection is sufficient to reverse the decline, particularly in the large, open ecosystems where most lions remain. Here, we used an integrated population model to test whether lion demography and population dynamics were measurably improved by increased protection. We used data from monitoring of 358 individuals from 2013 to 2021 in the Greater Kafue Ecosystem, where prior research showed that lions were strongly limited by prey depletion, but protection increased in several well‐defined areas beginning in 2018. In some other areas, protection decreased. In areas with high protection, lion fecundity was 29% higher, and mean annual apparent survival ( φ ) was 8.3% higher (with a minimum difference of 6.0% for prime‐aged adult females and a maximum difference of 11.9% for sub‐adult males). These demographic benefits combined to produce likely population growth in areas with high protection ( = 1.085, 90% CI = 0.97, 1.21), despite likely population decline in areas with low protection ( = 0.970, 90% CI = 0.88, 1.07). For the ecosystem as a whole, population size remained relatively constant at a moderate density of 3.74 (±0.49 SD) to 4.13 (±0.52 SD) lions/100 km 2 . With the growth observed in areas with high protection, the expected doubling time was 10 years. Despite this, recovery at the scale of the entire ecosystem is likely to be slow without increased protection; the current growth rate would require 50 years to double. Our results demonstrate that increased protection is likely to improve the reproduction and population growth rate of lions at a large scale within an unfenced ecosystem that has been greatly affected by poaching.","https://doi.org/10.1111/csp2.13256",,,,
"GA1-A-0087","Most of nature's contributions to people (NCP) are co-produced by biophysical processes and ecological interactions with anthropogenic assets such as knowledge, infrastructure, financial capital, technology and the institutions that mediate them","Health effects of environmental pollution in population living near industrial complex areas in Korea","Several epidemiological studies have reported an association between environmental pollution and various health conditions in individuals residing in industrial complexes. To evaluate the effects of pollution from industrial complex on human health, we performed a pooled analysis of environmental epidemiologic monitoring data for residents living near national industrial complexes in Korea. The respiratory and allergic symptoms and the prevalence of acute and chronic diseases, including cancer, were used as the outcome variables for health effects. Multiple logistic regression analysis was used to analyze the relationship between exposure to pollution from industrial complexes and health conditions. After adjusting for age, sex, smoking status, occupational exposure, level of education, and body mass index, the residents near the industrial complexes were found to have more respiratory symptoms, such as cough (odds ratio [OR], 1.18; 95% confidence interval [CI], 1.06 to 1.31) and sputum production (OR, 1.13; 95% CI, 1.03 to 1.24), and symptoms of atopic dermatitis (OR, 1.10; 95% CI, 1.01 to 1.20). Among residents of the industrial complexes, the prevalence of acute eye disorders was approximately 40% higher (OR, 1.39; 95% CI, 1.04 to 1.84) and the prevalence of lung and uterine cancer was 3.45 times and 1.88 times higher, respectively, than those among residents of the control area. This study showed that residents living in the vicinity of industrial complexes have a high risk of acute and chronic diseases including respiratory and allergic conditions. These results can be used as basic objective data for developing health management measures for individuals residing near industrial complexes.","https://doi.org/10.5620/eht.e2018004",,,,
"GA1-A-0131","Nature provides among other contributions.","DYNAMICS OF ECOSYSTEM SERVICE VALUES IN RESPONSE TO LANDSCAPE PATTERN CHANGES FROM 1995 TO 2005 IN GUANGZHOU, SOUTHERN CHINA","This study analyzed the landscape pattern changes, the dynamics of the ecosystem service values (ESVs) and the spatial distribution of ESVs from 1995 to 2005 in Guangzhou, which is the capital of Guangdong Province and a regional central city in South China.Remote sensing data and geographic information system techniques, in conjunction with spatial metrics, were used to facilitate the analysis.The forest was the main landscape with a total coverage of 37.36% during the study period.Between 1995 and 2005, the forest and garden became less fragmented while the cultivated land, grassland, water body and built-up area became more fragmented.Such landscape pattern changes have resulted in a significant increase in the overall annual ESVs in Guangzhou of approximately 3.37%.Two important landscape types (forest and water body) were the main contributor to the total ESVs, the proportion of both of which was over 75%.During the period from 1995 to 2005, the ESVs tended to decline from the north and south to the central part in Guangzhou.The average ESVs was more than 15 000 Yuan/ha in the north for the mountainous forest area and 20 000 Yuan/ha in the south for the water body at the Pearl River mouth, but the average ESVs was lower than 5 000 Yuan/ha in the central part of the study area due to low vegetation coverage and widely scattered built-up area for rapid urbanization.So, it is important to protect the key landscape types, such as forest, water body and garden, to avoid fragmentation.Furthermore, this study offers important insights to those in fast-urbanizing regions for achieving more successful landscape to obtain the increasing of ESVs.","https://doi.org/10.15666/aeer/1301_021036",,,,
"GA1-A-0062","Nature provides a broad diversity of nutritious foods, medicines and clean water","Identification of microplastics in fish from the local fish market of Yogyakarta Province, Indonesia","Abstract Marine pollution, mainly plastic waste, has become a worldwide problem, especially in Indonesia. Indonesia is the second contributing country after China, with 10% contribution of the source of plastic pollution in the world. In the ocean, plastic will fragment into smaller pieces (less than 5 mm), known as microplastics (MPs). MPs can harm wildlife, especially fish, due to their toxic characteristics or other toxic substances attached to them. Indonesia, especially coastal areas, is known for its high consumption of marine fish, so this study aims to investigate the microplastics in fish sold at lokal fish markets in Bantul Regency, Yogyakarta Province, Indonesia. The fish sold came from the southern sea of Java (Indian ocean) around Depok Beach, Cemorosewu Beach, and Parangkusumo Beach. Three types of fish dominate namely Skipjack, Snapper, and Pomfret. The National Oceanic Atmospheric Administration (NOAA) and Wet Peroxide Oxidation (WPO) methods were used to examine fish samples. Identification of MPs was made based on shape and colour. The results showed that the most common MPs found were fibres with a total number of 36-91 particles/fish. The dominant colour of MPs is transparent, with a total of 552 particles from total samples. Although the analysis was only conducted in fish intestinal, there is potential that MPs will be found in fish meat. The chemical characteristics of MPs were determined using the Fourier Transport InfraRed (FTIR). The types of plastics found were Polyethylene (PE), Polypropylene (PP), and Nylon.","https://doi.org/10.1088/1755-1315/1263/1/012043",,,,
"GA1-A-0127","Nature can help to regulate disease and the immune system.","Digestion-resistant proteins support the healthy metabolite profiles associated with plant-based diets","Plant-based diets are associated with both positive health outcomes and a diverse gut microbiome. Such diets alter the microbiome’s metabolic outputs, including increasing phenylalanine-derived phenols associated with beneficial health outcomes (hippuric acid and 3-phenylpropionate), while decreasing tyrosine-derived phenols considered uremic toxins (phenol sulfate and p-cresol sulfate). The mechanisms linking plant eating to these phenol metabolites are not known. Plant-based foods are fiber and phytochemical rich. They also contain proteins that are resistant to host digestion and thus reach the gut microbiome. Here, we show that fiber and digestion-resistant protein work in concert to shift the phenol profile by altering gut microbiome nutrient supply. Through isotope-tracing studies, we reveal that host secreted proteins are a source for phenol sulfate and p-cresol sulfate, while digestion-resistant dietary protein is the source for hippuric acid and 3-phenylpropionate. Fiber decreases bacterial digestion of host secreted proteins (e.g., mucins) and thus suppresses tyrosine-derived phenol sulfate and p-cresol sulfate, whose levels correlate with the mucin-digesting bacterial family Oscillospiraceae. Digestion-resistant dietary protein increases bacterial access to phenylalanine and thereby boosts phenylalanine-derived hippuric acid and 3-phenylpropionate. Thus, digestion-resistant plant protein modulates microbiome metabolism and, together with fiber, supports healthy metabolite profiles associated with plant-based diets.","https://doi.org/10.1073/pnas.2605226123",,,,
"GA1-A-0101","Even though human-dominated landscapes are sometimes species-rich, their species composition is markedly altered from that in natural landscapes","More famine than feast: pattern and variation in a potentially degenerating mammal fauna on Cape York Peninsula","Context Global mammal populations continue to be threatened by environmental change, and recent decadal monitoring in northern Australia suggests a collapse in mammal abundance in key locations. Cape York Peninsula has globally significant natural values but there is very little published about the status and distribution of mammals in this region. Aims Following an extensive field survey we investigated two key questions: (i) what is the composition, spatial variation and change from previous regional surveys in the mid to late 1900s in the native terrestrial and arboreal mammal fauna recorded; and (ii) which landscape and site factors best predict mammal richness and abundance. Methods We sampled 202 one-hectare sites across seven locations from 2009 to 2012 in woodlands, closed forestand dune scrub and tussock grasslands. We collected landscape and site-based environmental data for each location, representing fire, weather and vegetation factors. We used generalised linear mixed models to examine the relationship between mammals and these factors. Key results Mammals were generally scarce across the sites and were more abundant and species rich in wet coastal grasslands or closed forests then tropical savanna woodlands. Fire frequency data and the surrounding vegetation complexity were consistent landscape-scale predictors of mammals; ground cover and woody complexity were significant at the site scale. Conclusions Notwithstanding interpretational constraints related to the limited evidence base of historic sampling, the mammal fauna recorded in this study for Cape York Peninsula was similar in composition to the mammal fauna described from 1948–1980 and surveys in 1985, with some species seemingly declining (e.g. Melomys burtoni, Dasyurus hallucatus, Sminthopsis virginiae) and others stable (e.g. Rattus sordidus) or more common (e.g. Rattus tunneyi); however, across all sites abundance was low, and many sites had few or no mammals. Implications In the absence of consistent long-term systematic monitoring it is difficult to determine if this survey and historical surveys represent pre-European patterns for mammals. The absence or low abundance of mammals in most sites suggest that cotemporary patterns may not represent an intact mammal fauna. Due to the equivocal nature of these findings a critical next step is to establish robust monitoring and experimental work to reveal the response of mammals to management interventions.","https://doi.org/10.1071/wr15050",,,,
"GA1-A-0182","Global indicators of ecosystem extent and condition have shown a decrease by an average of 47 per cent of their estimated natural baselines, with many continuing to decline by at least 4 per cent per decade","Spatiotemporal Trends Observed in 20 Years of Posidonia oceanica Monitoring along the Alicante Coast, Spain","Posidonia oceanica meadows, known to be valuable marine ecosystems, have been reported to be in decline as a result of human activities in recent decades. However, it is still controversial if this decline is a global phenomenon or it is caused by specific disturbances related to human development at a local scale. In order to evaluate changes in P. oceanica meadows, in this study, monitoring data obtained at 14 stations along the Mediterranean coast near Alicante, Spain, over a 20-year period were analyzed. Field data were obtained through the citizen science project POSIMED, which had the aim of carrying out annual monitoring of both shallow and deep P. oceanica meadows along the coast near Alicante and determining whether their ecological status was changing over time. The percentage cover of living P. oceanica and dead matte and shoot density data were used to assess the ecosystem status and to determine whether there had been an overall regional decline in seagrass over the 20-year period. Both cover and density data showed a significant positive trend at most locations. However, the amount of dead matte was noted to slightly increase with time while six shallow and one deep station showed a negative P. oceanica cover trend, indicating that in certain locations meadow regression might be taking place. Shoot density decreased with depth and increased with the amount of rock cover; its correlation with the dead matte percentage was unclear, which probably means that a range of different factors can result in the presence of dead plants. These results support the idea that local disturbances are the cause of seagrass decline in the Mediterranean, thus demonstrating the need for management plans that focus on local stressors of P. oceanica meadows at specific locations. Long-term, large-scale monitoring allows the ecosystem status in the western Mediterranean to be assessed; however, local disturbances can also affect specific locations.","https://doi.org/10.3390/w14030274",,,,
"GA1-A-0224","Nature provides a broad diversity of nutritious foods, medicines and clean water","Urban Ecosystem Services","We explore the potential of urban ecosystem services for improving resilience and quality of life in cities. First, we classify and categorize important ecosystem services and disservices in urban areas. Second, we describe a range of valuation approaches (cultural values, health benefits, economic costs, and resilience) for capturing the importance of urban ecosystem service multiple values. Finally, we analyze how ecosystem service assessment may inform urban planning and governance and provide practical examples from cities in Africa, Europe, and America. From our review, we find that many urban ecosystem services have already been identified, characterized and valued, and have been found to be of great value and importance for human well-being and urban resilience. We conclude that the use of the concept of urban ecosystem services can play a critical role in reconnecting cities to the biosphere, and reducing the ecological footprint and ecological debt of cities while enhancing resilience, health, and quality of life of their inhabitants. These keywords were added by machine and not by the authors. This process is experimental and the keywords may be updated as the learning algorithm improves.","https://doi.org/10.1007/978-94-007-7088-1_11",,,,
"GA1-A-0138","Achieving a sustainable economy involves making fundamental reforms to economic and financial systems and tackling poverty and inequality as vital parts of sustainability","A blessing or a burden? Assessing the impact of Climate Change Mitigation efforts in Europe using Quantile Regression Models","Climate change received substantial attention because of its implications on all spheres of life. This study examined the effects of climate change mitigation on the economic, environmental, and social development of 18 European countries based on the environmental performance index for data from 1981 to 2018; control variables include foreign direct investment, trade openness, renewable and non-renewable energy, population growth and life expectancy. Panel quantile regression result shows that climate change mitigation is ineffective in promoting economic growth in an aggregate manner; only high and moderate environmental performance ranking countries manage to spur economic growth and social development. Low environmental performance rankings countries reveal no impact of climate change mitigation. Climate change mitigation promotes environmental development for all countries. Trade openness and energy choices are crucial to ensure climate change mitigation efforts. Findings indicate that the European Union needs well-designed strict policies that emphasize and help countries increase the share of renewable energy compared to fossil fuels and promote the integration of climate mitigation technology at the national and regional level through lenient tariffs, subsidization, financial aid, and technical assistance that help low economic growth countries accelerate the transition that is required to achieve overall economic, social, and environmental goals.","https://doi.org/10.1016/j.enpol.2023.113589",,,,
"GA1-A-0068","Conservation actions, including protected areas, efforts to manage unsustainable use and address the illegal capture and trade of species, and the translocation and eradication of invasive species, have been successful in preventing the extinction of some species","The changing status of imperiled species in British Columbia over the last 15 years in the absence of a dedicated species at risk law","ABSTRACT Gaps in biodiversity protection occur in Canada due to limited jurisdiction of federal species-at-risk laws and the absence of dedicated legislation in many provinces, including British Columbia (B.C.). While lacking legal protection, B.C. maintains Red, Blue, and Yellow Lists of threatened, special-concern, and secure species, respectively, using a NatureServe ranking system. We compiled historical data on species status in B.C. between 2008 and 2024 from the B.C. Conservation Data Centre. B.C. is home to 5,485 Yellow, 1,116 Blue, 491 Red-listed species. Changes in status over this time period were reported for 967 animal species, with an even split in uplistings (more imperiled) and downlistings (less imperiled). More status changes were reported for plants (2,902), mainly due to updated methodology leading to a lower risk status. Analysing the accompanying explanation for each status change revealed that most changes were non-genuine (e.g., new information, taxonomy, or methodology) rather than genuine (e.g., true changes in population size, range, or threats). Genuine improvements in the status of species in B.C. have been exceedingly rare. This analysis indicates that current laws and regulations have been insufficient to recover species at risk within B.C. Plain-language summary British Columbia is the most biodiverse province in Canada, yet 1,607 species are imperiled in the province. We analysed trends, finding a 16% rise in the number of species at risk since 2008. By analysing the provided explanations, we found that status improvements were mostly “non-genuine”, caused by changing methodology and/or new data. Strengthening legal protections is essential to prevent biodiversity loss in the province.","https://doi.org/10.1101/2025.09.30.679339",,,,
"GA1-A-0033","Changes towards sustainable production and consumption and towards reducing and transforming residues and waste, particularly changes in consumption among the affluent, is recognized by some individuals and communities worldwide as central to sustainable development and reducing inequalities. While actual reductions have been limited, actions already being taken at different levels can be improved, coordinated and scaled up","Sustainability initiatives in inpatient psychiatry: tackling food waste","Background Food plays a dual role in promoting human health and environmental sustainability. Yet, current food systems jeopardize both. Food waste poses a major global challenge due to its significant economic, social, and environmental impacts. Healthcare facilities generate the largest amounts of food waste compared to other forms of catering provision. Food waste correlates with environmental unsustainability and diminished patient satisfaction, compounding the prevalent challenge of hospital malnutrition and contributing to suboptimal patient outcomes. Materials and methods In a three-year interventional study (2020-2022) at a psychiatric tertiary care center, we assessed and mitigated food waste using evidence-based measures. We conducted systematic food wastage audits over three years (2020-2022) in May and June, each lasting four weeks. Costs were analyzed comprehensively, covering food, staff, infrastructure, and disposal. Environmental impact was assessed using Umweltbelastungspunkte (UBP) and CO2e/kg emissions, alongside water usage (H2O - l/kg). Results Economic losses due to food wastage were substantial, primarily from untouched plates and partially consumed dinners, prompting meal planning adjustments. Despite a >3% increase in meals served, both food waste mass and costs decreased by nearly 6%. Environmental impact indicators showed a reduction >20%. Vegetables, salad, and fruits constituted a significant portion of waste. Overproduction minimally contributed to waste, validating portion control efficacy. Conclusion Our study highlights significant economic and environmental losses due to hospital food waste, emphasizing the importance of resource efficiency. The strategies outlined offer promising avenues for enhanced efficiency. The decrease in food waste observed over the three-year period underscores the potential for improvement.","https://doi.org/10.3389/fpsyt.2024.1374788",,,,
"GA1-A-0019","Nature can be conserved, restored and used sustainably while simultaneously meeting other global societal goals through urgent and concerted efforts fostering transformative change.","Refining the Farm Aquaculture Resource Management Model for Shellfish Nitrogen Removal at the Local Scale","Abstract Nutrient-related environmental degradation in coastal waters is a continuing global problem. Bivalve shellfish farms show nutrient removal capabilities similar to some traditional management strategies and in some places have been incorporated into nutrient management programs to help achieve water quality goals. Bioextractive nutrient removal varies by farmed species and is influenced by environment parameters; thus, data and information for both are needed to estimate nutrient mitigation potential of shellfish farms. The Farm Aquaculture Resource Management (FARM) model, calibrated for farmed species, uses local environmental and farming practice data to simulate interactions between the farmed population and the local environment and to optimize cultivation practices for economic gain. We calibrated the model to predict nitrogen removal by Eastern oyster ( Crassostrea virginica ) farms with specific field and experimental data on oysters, their local environment, and farm practices in Long Island Sound, CT, USA. Previous FARM applications were not validated for nitrogen removal with local data. In the harvest when ready (HWR) model scenario (oysters are harvested when they reach harvest size), the farm removed 159 kg N ha −1 year −1 while the non-HWR scenario (all oysters are harvested at one time) removed 274 kg N ha −1 year −1 . These estimates are within the range of previously reported in-water bioextraction studies in the Northeastern USA. The robust outputs from this validated model can be reliably used in marine spatial planning efforts and by nutrient managers to predict the nitrogen removal benefits that could be achieved through new or expanded eastern oyster farms in eutrophic environments.","https://doi.org/10.1007/s12237-024-01354-7",,,,
"GA1-A-0166","In contrast, substantial increases in food, feed, timber and bioenergy production are predicted in most scenarios","Optimized Methods for Applying and Assessing Heat, Drought, and Nutrient Stress of Maize Seedlings in Controlled Environment Experiments","), also known as corn, is an important crop that plays a crucial role in global agriculture. The economic uses of maize are numerous, including for food, feed, fiber, and fuel. It has had a significant historical importance in research as well, with important discoveries made in maize regarding plant domestication, transposons, heterosis, genomics, and epigenetics. Unfortunately, environmental stresses cause substantial yield loss to maize crops each year. Yield losses are predicted to increase in future climate scenarios, posing a threat to food security and other sectors of the global economy. Developing efficient methods to study maize abiotic stress responses is a crucial step toward a more resilient and productive agricultural system. This review describes the importance of and methods for studying the effects of heat, drought, and nutrient deficiency on early developmental stages of maize grown in controlled environments. Studying the early effects of environmental stressors in controlled environments allows researchers to work with a variety of environmental conditions with low environmental variance, which can inform future field-based research. We highlight the current knowledge of physiological responses of maize to heat, drought, and nutrient stress; remaining knowledge gaps and challenges; and information on how standardized protocols can address these issues.","https://doi.org/10.1101/pdb.top108467",,,,
"GA1-A-0116","The biodiversity and environmental impact of large-scale afforestation and reforestation depends to a large degree on where these occur (prior vegetation cover, state of degradation), and the tree species planted","Threat management priorities for conserving Antarctic biodiversity","Antarctic terrestrial biodiversity faces multiple threats, from invasive species to climate change. Yet no large-scale assessments of threat management strategies exist. Applying a structured participatory approach, we demonstrate that existing conservation efforts are insufficient in a changing world, estimating that 65% (at best 37%, at worst 97%) of native terrestrial taxa and land-associated seabirds are likely to decline by 2100 under current trajectories. Emperor penguins are identified as the most vulnerable taxon, followed by other seabirds and dry soil nematodes. We find that implementing 10 key threat management strategies in parallel, at an estimated present-day equivalent annual cost of US$23 million, could benefit up to 84% of Antarctic taxa. Climate change is identified as the most pervasive threat to Antarctic biodiversity and influencing global policy to effectively limit climate change is the most beneficial conservation strategy. However, minimising impacts of human activities and improved planning and management of new infrastructure projects are cost-effective and will help to minimise regional threats. Simultaneous global and regional efforts are critical to secure Antarctic biodiversity for future generations.","https://doi.org/10.1371/journal.pbio.3001921",,,,
"GA1-A-0185","Nature can be conserved, restored and used sustainably while simultaneously meeting other global societal goals through urgent and concerted efforts fostering transformative change.","Abrupt Changes in the Timing and Magnitude of the North Atlantic Bloom Over the 21st Century","Abstract The North Atlantic subpolar gyre (SPG) is a key region for the North Atlantic bloom (NAB), the phytoplankton foundation of the regional food web. The NAB depends on nutrients seasonally introduced into the surface ocean by deep winter convection. Under climate change, this pattern is threatened by increasing water column stratification, representing a potential “tipping point” in the Earth system, and may “collapse” as a result. We investigate changes in winter mixing and the impacts on the SPG and the northern North Atlantic using a spread of future projections from a low‐resolution Earth system model (UKESM) and a high‐warming projection of a high‐resolution ocean‐only configuration of the same model (NEMO‐MEDUSA). Both models project significant declines in the strength of the NAB during the 21st century. In UKESM, this occurs across all projections, but with low spatiotemporal coherence. In NEMO‐MEDUSA, changes in mixed layer depth, nutrients, and chlorophyll concentrations are abrupt and more highly spatiotemporally correlated. We find a >30‐day phenological shift in the peak of the bloom aligned with the timing of this change, which may affect food web dynamics. Defining “collapse” as halving of surface chlorophyll, we find that the NAB collapses this century regardless of future projection. However, the spatial‐temporal coherence of the timing and abruptness of this collapse is greater in our high‐resolution model. Because key physical processes driving biogeochemical responses are poorly represented in low‐resolution models, especially at high latitudes, this suggests that higher resolution may be essential for predicting abrupt and irreversible changes, particularly those involving ecosystem dynamics.","https://doi.org/10.1029/2024jc022284",,,,
"GA1-A-0154","Nature can be conserved, restored and used sustainably while simultaneously meeting other global societal goals through urgent and concerted efforts fostering transformative change.","Bibliometric insight of climate change impact on mackerel (Family Scombridae): global research trend and regional gaps in southeast Asia","The effects of climate change on mackerel species are highlighted in this review, with particular attention given to changes in spawning, distribution, physiology, and habitat loss. The PRISMA method was used to conduct a systematic literature review that examined 257 peer-reviewed publications from Scopus and Web of Science from 1990 to 2025. Results showed clustering of texts, keywords, and titles based on search terms like climate change vulnerability, impact, mackerel, southeast Asia, and world. High occurrence and link strength showed clusters of: 1) Oceanography and marine ecosystem, 2) Species-specific regional studies, 3) Fisheries and human dimensions and, 4) Fisheries management. Major study themes were found using R bibliometrix and thematic analyses based on VOSviewer: adaptation technique, marine ecosystems, stock assessment, and fishing management. Sea-surface temperature, environmental monitoring, and resilience in marine resource management are highlighted in recent research trends. Traditional fisheries are being challenged by the altered migration and spawning patterns of mackerel due to rising sea surface temperatures and changing currents, necessitating the implementation of flexible and regionally coordinated techniques. Growth, recruitment, and survival are all impacted by these changes because of decreased oxygen, productivity, and prey availability. Conflicts over fisheries may also occur as a result of transboundary fish stock migrations. Adaptive management is still limited despite increasing research because of a lack of institutional support, resources, and monitoring. It is crucial to fill important research gaps in areas including prey dynamics, socioeconomic resilience, and the effects of climate change on mackerel biology. Stronger governance, regional collaboration, and policies that strike a balance between socioeconomic demands and conservation will be necessary to ensure long-term sustainability.","https://doi.org/10.47193/mafis.3922026010404",,,,
"GA1-A-0135","Those include introducing and improving standards, systems and relevant regulations aimed at internalizing the external costs of production, extraction and consumption (such as pricing wasteful or polluting practices, including through penalties); promoting resource efficiency and circular and other economic models; voluntary environmental and social certification of market chains; and incentives that promote sustainable practices and innovation. Importantly, they also involve a change in the definition of what a good quality of life entails – decoupling the idea of a good and meaningful life from ever-increasing material consumption. All those approaches are more effective when they are mutually reinforcing. Actions that help to voluntarily unleash existing social values of responsibility in the form of individual, collective and organizational actions towards sustainability can have a powerful and lasting effect in shifting behaviour and cultivating stewardship as a normal social practice","Monitoring and analysis of coastal reclamation from 1995–2015 in Tianjin Binhai New Area, China","Increasing coastal reclamation activities have been undertaken to solve the conflict between people and land resources, creating significant challenges for coordinating coastal reclamation, economic development and environmental protection. This paper analyzes the effects of coast reclamation on Gross Domestic Product growth and the quality of inshore seawater in the Tianjin Binhai New Area. Remote sensing and a Geographic Information System were used to extract the information of coastal reclamation. The correlation between the area of coastal reclamation, GDP growth and the quality of inshore seawater was analyzed and a decoupling elasticity model was used to explore trends in the relationship between economic development and coastal reclamation. Results showed that coastal reclamation activities played an important role in promoting economic development, but greatly damaged the ecological environment. Although the relationship between coastal reclamation and economic development has weakened during the last three periods, the influence on the environment will continue because of the cumulative effects of pollution. To maintain a balance between coastal reclamation, economic development and environmental protection, (1) coastal reclamation planning must address both economic and environmental outcomes; (2) environmental deficiencies from existing coastal reclamation projects must be rectified; and (3) the legal system regulating coastal reclamation needs to be refined and strengthened.","https://doi.org/10.1038/s41598-017-04155-0",,,,
"GA1-A-0065","Shifting diets towards a diversity of foods, including fish, fruit, nuts and vegetables, significantly reduces the risk of certain preventable non-communicable diseases, which are currently responsible for 20 per cent of premature mortality globally","Prevalence and Associated Factors of Hypertension Among Outpatients","Hypertension is a major independent risk factor for coronary artery disease, stroke, heart failure and kidney failure. The prevalence rate of hypertension in North Sumatra is relatively high, namely 29.19%. Meanwhile, the Medan City Health Office recorded the number of hypertensive sufferers as many as 51,354 people from 2008 to 2014. A preliminary study at the Bandung Medan Hospital shows that hypertension is the 10 largest outpatient disease in 2016-2018. This study aims to determine the prevalence and risk factors for hypertension in patients referred to first-level health facilities at Bandung Hospital. This type of research is a quantitative descriptive study with a cross-sectional design. Sampling was carried out by a purposive sampling method, with the criteria being hypertensive outpatients visiting the Bandung Hospital for a month (7 November-6 December 2019). The sample size in this study was 92 people. Primary data collection was obtained through direct measurement of blood pressure and distributing questionnaires to assess risk factors using a modified WHO STEPS instrument. In measuring blood pressure, a sphygmomanometer is used and also checks medical records. The results of this study indicate that there are 65.2% of outpatients diagnosed with hypertension. Chi-square statistical test showed that body mass index (0.000) and vegetable dietary habits (0.902) influence the occurrence of hypertension. After adjusting for confounding factors, only body mass index still affected hypertension incidence (OR=5.61; 95% CI=1,686-18,659). Diet and smoking habits do not show a significant effect on risk factors for hypertension. Abstrak: Hipertensi merupakan faktor risiko utama yang bersifat independent untuk penyakit arteri koroner, stroke, gagal jantung, dan gagal ginjal. Angka prevalensi hipertensi di Sumatera Utara cukup tinggi yaitu sebesar 29,19%. Sementara itu Dinas Kesehatan Kota Medan mencatat jumlah penderita penyakit hipertensi sebanyak 51.354 orang sepanjang tahun 2008 sampai dengan 2014. Studi pendahuluan di Rumah Sakit Bandung Medan menunjukkan bahwa penyakit hipertensi merupakan 10 penyakit terbesar rawat jalan pada tahun 2016-2018. Penelitian ini bertujuan untuk mengetahui prevalensi dan faktor resiko terjadinya hipertensi pada pasien rujukan fasilitas kesehatan tingkat pertama di Rumah Sakit Bandung. Jenis penelitian ini adalah penelitian deskriptif kuantitatif dengan rancangan cross-sectional. Pengambilan sampel dilakukan dengan metode purposive sampling dengan kriteria adalah pasien rawat jalan hipertensi yang berkunjung di Rumah Sakit Bandung Medan selama sebulan (7 November–6 Desember 2019). Besar sampel pada penelitian ini sejumlah 92 orang. Pengumpulan data primer diperoleh melalui pengukuran langsung tekanan darah dan membagikan kuesioner untuk menilai faktor resiko dengan menggunakan modifikasi instrumen WHO STEPS. Dalam pengukuran tekanan darah digunakan sfigmomanometer dan juga memeriksa rekam medis. Hasil penelitian ini menunjukkan terdapat 65.2 % pasien rawat jalan yang terdiagnosa hipertensi. Uji statistik dengan Chi-square menunjukkan indeks masa tubuh (0,000) dan kebiasaan diet sayur (0,902) yang mempengaruhi terjadinya hipertensi. Setelah dilakukannya penyesuaian terhadap faktor-faktor perancu, hanya indeks masa tubuh yang tetap mempengaruhi kejadian hipertensi (OR=5.61; CI 95%=1.686-18.659). Pola diet dan kebiasaan merokok tidak menunjukkan pengaruh yang signifikan sebagai faktor resiko hipertensi.","https://doi.org/10.30604/jika.v6i1.412",,,,
"GA1-A-0009","The traits of species influence whether they persist or even thrive in human-modified ecosystems","Leaf trait co-ordination in relation to construction cost, carbon gain and resource-use efficiency in exotic invasive and native woody vine species","BACKGROUND AND AIMS: Success of invasive plant species is thought to be linked with their higher leaf carbon fixation strategy, enabling them to capture and utilize resources better than native species, and thus pre-empt and maintain space. However, these traits are not well-defined for invasive woody vines. METHODS: In a glass house setting, experiments were conducted to examine how leaf carbon gain strategies differ between non-indigenous invasive and native woody vines of south-eastern Australia, by investigating their biomass gain, leaf structural, nutrient and physiological traits under changing light and moisture regimes. KEY RESULTS: Leaf construction cost (CC), calorific value and carbon : nitrogen (C : N) ratio were lower in the invasive group, while ash content, N, maximum photosynthesis, light-use efficiency, photosynthetic energy-use efficiency (PEUE) and specific leaf area (SLA) were higher in this group relative to the native group. Trait plasticity, relative growth rate (RGR), photosynthetic nitrogen-use efficiency and water-use efficiency did not differ significantly between the groups. However, across light resource, regression analyses indicated that at a common (same) leaf CC and PEUE, a higher biomass RGR resulted for the invasive group; also at a common SLA, a lower CC but higher N resulted for the invasive group. Overall, trait co-ordination (using pair-wise correlation analyses) was better in the invasive group. Ordination using 16 leaf traits indicated that the major axis of invasive-native dichotomy is primarily driven by SLA and CC (including its components and/or derivative of PEUE) and was significantly linked with RGR. CONCLUSIONS: These results demonstrated that while not all measures of leaf resource traits may differ between the two groups, the higher level of trait correlation and higher revenue returned (RGR) per unit of major resource need (CC) and use (PEUE) in the invasive group is in line with their rapid spread where introduced.","https://doi.org/10.1093/aob/mcq119",,,,
"GA1-A-0105","Most of nature's contributions to people (NCP) are co-produced by biophysical processes and ecological interactions with anthropogenic assets such as knowledge, infrastructure, financial capital, technology and the institutions that mediate them","Business Interests, Business Autonomy and the Broader Public Good","Under what condition do firms begin to develop a significant degree of relative business autonomy, not only from the state in question but also from other aspects of capital (including the subsector(s) of the economy in which they themselves function)? And when and how might business autonomy decline? This concluding chapter summarises the evidence presented by the book’s case studies and considers this against comparative cases, including a more systematic review of the emergence of business autonomy in India during the independence era. The emergence of a relatively autonomous business class in India amidst that country’s struggle for independence provides a number of parallels to the South African case. In both countries, the business community was torn between conflicting impulses and factions: those who benefitted from the status quo, and those who saw their longer-term interests as aligned instead with a nationalist struggle and hence with anticolonial interests, even if this struggle presented new and different threats from a growing radical left wing. The comparisons highlight first, the incentives that may prompt business to develop an encompassing conception of its own interests; and second, the process by which norms and ideas can become entrenched in the practice of business by being repeatedly performed over time.","https://doi.org/10.1017/9781108635356.007",,,,
"GA1-A-0178","Nature underpins quality of life by providing basic life support for humanity -regulating-, as well as material goods -material- and spiritual inspiration -non-material-","A portfolio perspective of rural livelihoods in Bushbuckridge, South Africa","Land-based income streams, which include the consumption and selling of crops, livestock and environmental products, are inherent in rural households’ livelihoods. However, the off-farm cash income stream – primarily composed of migrant labour remittances, social grants, and savings and loans – is increasing in importance in many regions. This case study of 590 households from Bushbuckridge, South Africa, analyses the economic value of each of these income streams at three points: what enters the household, what is used and what is sold. Two important findings emerge. First, dependence on offfarm cash incomes is far higher than previously suggested by case studies in the area and the benefits of employment accrue to those already better educated and wealthier. This suggests that shifts in offfarm opportunities will exacerbate already deep inequalities. Second, while environmental products and crops are important for direct use, they generate insignificant cash incomes from sales. This suggests a weakening of the direct links between the local ecosystem and this society, challenging traditional notions of African rurality being intrinsically land based. Significance: Off-farm incomes such as wage labour, remittances and social grants are almost the sole source of cash for households in the study area. Even when including non-monetary incomes such as harvested produce, foraged goods and livestock products, off-farm incomes still represent the overwhelmingly largest proportion of overall household income value. This highlights the fact that South African rural economies are not consistently or primarily land based, and indicates the necessity of rural development strategies that facilitate participation in local cash economies. Otherwise, such efforts will be unable to yield broad benefits and will, instead, simply enrich those who are already better off.","https://doi.org/10.17159/sajs.2020/7522",,,,
"GA1-A-0128","For example, species that are large, grow slowly, are habitat specialists or are carnivores – such as great apes, tropical hardwood trees, sharks and big cats – are disappearing from many areas. Many other species, including those with opposite characteristics, are becoming more abundant locally and are spreading quickly around the world; across a set of 21 countries with detailed records, the numbers of invasive alien species per country have risen by some 70 per cent since 1970","Functional trait variation of an emblematic saproxylic beetle along rural‐to‐urban gradients across Europe","Abstract Urban areas can support diverse communities of plants and animals. Yet, urbanisation can affect functionally important species traits, potentially impacting population dynamics. The saproxylic beetle Elater ferrugineus L. is associated with large trees and is often used as an indicator of species‐rich saproxylic communities. It is an important target for conservation and it is listed as a near‐threatened species on the European Red List. Few studies have quantified the impact of urbanisation on the ecology and intraspecific variation in functional traits of arthropods, other than pollinators. We studied how the local abundance of E. ferrugineus and functionally important response traits (e.g., width of the pronotum, length of the elytron and wing, wing area, body mass and wingload) changed along urbanisation gradients in eight European cities using pheromone traps installed on large solitary trees. We analysed the effects of the surrounding built‐up area and tree cover on our response variables while accounting for potential confounding effects due to tree size and the availability of microhabitats. Urbanisation had a strong negative effect on the local abundance of E. ferrugineus , while the amount of tree cover had a positive influence. We found no significant impact of urbanisation on the functional traits of this species, except for a significantly higher wingload in city centres. Our results provide a better understanding of the ecological processes impacting this saproxylic beetle and underpin the importance of future research on urbanisation's impact on arthropods.","https://doi.org/10.1111/icad.12856",,,,
"GA1-A-0061","Policy mixes that are harmonized across sectors, levels of governance and jurisdictions can account for ecological and social differences across and beyond the landscape, build on existing forms of knowledge and governance and address trade-offs between tangible and non-tangible benefits in a transparent and equitable manner.","The Impact of Act 148 on Food-Insecure Populations in Chittenden and Essex Counties of Vermont","It is estimated that as much as 40% of the food produced in the United States goes to waste (Hall, Guo, Dore, & Chow, 2009), and much is still edible when it is disposed of. Simultaneously, the United States faces significant food insecurity, with an estimated 12.7% of the population meeting the criteria in 2015 (Coleman-Jensen, Rabbit, Gregory, & Singh, 2016). In 2012, Vermont passed the Universal Recycling of Solid Waste Act, or Act 148, which bans recyclable materials from landfills by 2020 by mandating their recovery (VT DEC, 2014). Because the law includes edible food waste and prioritizes food donation, it has the potential to increase donations to food-recovery and -distribution programs. I evaluate whether or not Act 148 has led to increased food donations; if so, whether its impact has been equal in diverse regions of the state; and if an increase in food availability has resulted in increased food access. I compare Chittenden and Essex counties, which differ greatly in population size and density, urban development, and rates of food insecurity, through a series of semi-structured interviews with directors of food-aid organizations in both counties. Of the generally larger and well-supported Chittenden organizations, 100% had heard of Act 148 and 75% had seen increases in donations as a result. The smaller organizations in Essex, serving populations with higher food insecurity, had seen no changes since the law’s implementation. These findings lead to the conclusion that the impact has not been equal across the state and has not affected the most food-insecure populations.",,,,,
"GA1-A-0095","Small-scale fisheries account for more than 90 per cent of commercial fishers (over 30 million people), and nearly half of global fish catch","Photophysiological cycles in Arctic krill are entrained by weak midday twilight during the Polar Night","Light plays a fundamental role in the ecology of organisms in nearly all habitats on Earth and is central for processes such as vision and the entrainment of the circadian clock. The poles represent extreme light regimes with an annual light cycle including periods of Midnight Sun and Polar Night. The Arctic Ocean extends to the North Pole, and marine light extremes reach their maximum extent in this habitat. During the Polar Night, traditional definitions of day and night and seasonal photoperiod become irrelevant since there are only ""twilight"" periods defined by the sun's elevation below the horizon at midday; we term this ""midday twilight."" Here, we characterize light across a latitudinal gradient (76.5° N to 81° N) during Polar Night in January. Our light measurements demonstrate that the classical solar diel light cycle dominant at lower latitudes is modulated during Arctic Polar Night by lunar and auroral components. We therefore question whether this particular ambient light environment is relevant to behavioral and visual processes. We reveal from acoustic field observations that the zooplankton community is undergoing diel vertical migration (DVM) behavior. Furthermore, using electroretinogram (ERG) recording under constant darkness, we show that the main migratory species, Arctic krill (Thysanoessa inermis) show endogenous increases in visual sensitivity during the subjective night. This change in sensitivity is comparable to that under exogenous dim light acclimations, although differences in speed of vision suggest separate mechanisms. We conclude that the extremely weak midday twilight experienced by krill at high latitudes during the darkest parts of the year has physiological and ecological relevance.","https://doi.org/10.1371/journal.pbio.3001413",,,,
"GA1-A-0171","However, the consequences of changes often depend on details of the ecosystem, remain hard to predict and are still understudied.","Trophic dynamics resilience of a characid fish in varied Amazonian stream landscapes","Context Knowledge of how fish species’ diets are influenced by local environmental changes is essential for their management and conservation. Aims We evaluated the effects of a wide range of land uses and physical-habitat attributes on the diets of Hyphessobrycon heterorhabdus populations. Methods We analysed the stomach contents of 253 flag tetra individuals collected from 26 stream sites (up to third order), with land uses raging from primary forest to bare soil. We also assessed channel morphology, hydrology, riparian vegetation and fish shelter. Key results We observed no significant influence of land use or physical habitat on fish populations’ diets. Instead, fish consumed a diverse set of allochthonous and autochthonous food sources, primarily Hymenoptera, termites and immature Diptera. These findings showed a generalist insectivorous diet. Conclusions The diet of H. heterorhabdus demonstrates remarkable adaptability to environment changes, which supports the high abundance of its populations. Implications Fish species with generalist diets, such as H. heterorhabdus, can both persist and thrive under a wide variety of environmental conditions.","https://doi.org/10.1071/mf24132",,,,
"GA1-A-0236","The deterioration of nature and consequent disruption of benefits to people has both direct and indirect implications for public health","Setting the course: aligning European Union marine pollution policy ambitions with environmental realities","Pollution in coastal and marine waters is a global challenge that transcends national boundaries, affecting interconnected seas, the ocean and broader ecosystems. Addressing marine pollution requires policies that encompass not only the marine domain but the entire ecosystem, including human societies. Therefore, a comprehensive and integrated governance approach, linking land-based sources to marine environments, is essential for effective pollution management and mitigation. This study assesses the current environmental status of persistent, long-lasting and emerging pollutants (PCBs, excess nutrients, microplastics, PFAS, and underwater noise) and cumulative effects of pollution, and compares these with the set European Union (EU) environmental goals and ambitions. A systematic review of EU policy documents reveals that several targets are unclear, arbitrary, and often unattainable, limiting the effectiveness of current strategies. This paper presents five actionable recommendations to strengthen marine environmental policy, emphasizing the need for better alignment between EU ambitions and environmental realities. To enhance EU pollution policies, it is crucial to reinforce regulatory frameworks, ensure the effective enforcement of existing legislation, foster collaboration across sectors, and empower citizens and NGOs. Additionally, integrating health and pollution policies, ensuring public access to pollution data and knowledge, and establishing international leadership in pollution efforts are key for making informed decisions and achieving ambitious pollution reduction targets.","https://doi.org/10.3389/fmars.2025.1586918",,,,
"GA1-A-0078","Shifts in species distribution, changes in phenology, altered population dynamics and changes in the composition of species assemblage or the structure and function of ecosystems are accelerating in marine, terrestrial and freshwater systems.","Rapid assessment of historic, current and future habitat quality for biodiversity around UK Natura 2000 sites","SUMMARY Changes in landscape composition and structure may impact the conservation and management of protected areas. Species that depend on specific habitats are at risk of extinction when these habitats are degraded or lost. Designing robust methods to evaluate landscape composition will assist decision- and policy-making in emerging landscapes. This paper describes a rapid assessment methodology aimed at evaluating land-cover quality for birds, plants, butterflies and bees around seven UK Natura 2000 sites. An expert panel assigned quality values to standard Coordination of Information on the Environment (CORINE) land-cover classes for each taxonomic group. Quality was assessed based on historical (1950, 1990), current (2000) and future (2030) land-cover data, the last projected using three alternative scenarios: a growth-applied strategy (GRAS), a business-as-might-be-usual (BAMBU) scenario, and sustainable European development goal (SEDG) scenario. A quantitative quality index weighted the area of each land-cover parcel with a taxa-specific quality measure. Land parcels with high quality for all taxonomic groups were evaluated for temporal changes in area, size and adjacency. For all sites and taxonomic groups, the rate of deterioration of land-cover quality was greater between 1950 and 1990 than current rates or as modelled using the alternative future scenarios (2000–2030). Model predictions indicated land-cover quality stabilized over time under the GRAS scenario, and was close to stable for the BAMBU scenario. The SEDG scenario suggested an ongoing loss of quality, though this was lower than the historical rate of c. 1% loss per decade. None of the future scenarios showed accelerated fragmentation, but rather increases in the area, adjacency and diversity of high quality land parcels in the landscape.","https://doi.org/10.1017/s0376892914000137",,,,
"GA1-A-0073","In contrast, substantial increases in food, feed, timber and bioenergy production are predicted in most scenarios","Leaf Trait Acclimation Amplifies Simulated Climate Warming in Response to Elevated Carbon Dioxide","Abstract Vegetation modifies Earth's climate by controlling the fluxes of energy, carbon, and water. Of critical importance is a better understanding of how vegetation responses to climate change will feedback on climate. Observations show that plant traits respond to elevated carbon dioxide concentrations. These plant trait acclimations can alter leaf area and, thus, productivity and surface energy fluxes. Yet the climate impacts of plant structural trait acclimations remain to be tested and quantified. Here we show that one leaf trait acclimation in response to elevated carbon dioxide—a one‐third increase in leaf mass per area—significantly impacts climate and carbon cycling in Earth system model experiments. Global net primary productivity decreases (−5.8 PgC/year, 95% confidence interval [CI 95% ] −5.5 to −6.0), representing a decreased carbon dioxide sink of similar magnitude to current annual fossil fuel emissions (8 PgC/year). Additional anomalous terrestrial warming (+0.3 °C globally, CI 95% 0.2 to 0.4), especially of the northern extratropics (+0.4 °C, CI 95% 0.2 to 0.5), results from reduced evapotranspiration and enhanced absorption of solar radiation at the surface. Leaf trait acclimation drives declines in productivity and evapotranspiration by reducing leaf area growth in response to elevated carbon dioxide, as a one‐third increase in leaf mass per area raises the cost of building leaf area and productivity fails to fully compensate. Our results suggest that plant trait acclimations, such as changing leaf mass per area, should be considered in climate projections and provide additional motivation for ecological and physiological experiments that determine plant responses to environment.","https://doi.org/10.1029/2018gb005883",,,,
"GA1-A-0132","Sustainable landscape management can be better achieved using a combination of measures and practices, including: (a) well-managed and connected protected areas and other effective area-based conservation measures; (b) reduced impact logging, forest certification, payment for ecosystem services, among other instruments, and reduced emissions from deforestation and forest degradation; (c) support for ecological restoration; (d) effective monitoring, including public access and participation as appropriate; (e) addressing illegal activities; (f) the effective implementation of multilateral environmental agreements and other relevant international agreements by their parties; and (g) promoting sustainable, biodiversity-based food systems.","Terrestrial Species in Protected Areas and Community-Managed Lands in Arunachal Pradesh, Northeast India","Protected areas (including areas that are nominally fully protected and those managed for multiple uses) encompass about a quarter of the total tropical forest estate. Despite growing interest in the relative value of community-managed lands and protected areas, knowledge about the biodiversity value that each sustains remains scarce in the biodiversity-rich tropics. We investigated the species occurrence of a suite of mammal and pheasant species across four protected areas and nearby community-managed lands in a biodiversity hotspot in northeast India. Over 2.5 years we walked 98 transects (half of which were resampled on a second occasion) across the four paired sites. In addition, we interviewed 84 key informants to understand their perceptions of species trends in these two management regimes. We found that protected areas had higher overall species richness and were important for species that were apparently declining in occurrence. On a site-specific basis, community-managed lands had species richness and occurrences comparable to those of a protected area, and in one case their relative abundances of mammals were higher. Interviewees indicated declines in the abundances of larger-bodied species in community-managed lands. Their observations agreed with our field surveys for certain key, large-bodied species, such as gaur and sambar, which generally occurred less in community-managed lands. Hence, the degree to which protected areas and community-managed lands protect wildlife species depends upon the species in question, with larger-bodied species usually faring better within protected areas.","https://doi.org/10.3390/land5040035",,,,
"GA1-A-0050","Shifts in species distribution, changes in phenology, altered population dynamics and changes in the composition of species assemblage or the structure and function of ecosystems are accelerating in marine, terrestrial and freshwater systems.","Fluctuating selection driven by global and local climatic conditions leads to stasis in breeding time in a migratory bird","The origin of natural selection is linked to environmental heterogeneity, which influences variation in relative fitness among phenotypes. However, individuals in wild populations are exposed to a plethora of biotic and abiotic environmental factors. Surprisingly, the relative influence of multiple environmental conditions on the relative fitness of phenotypes has rarely been tested in wild populations. Identifying the main selection agent(s) is crucial when the target phenotype is tightly linked to reproduction and when temporal variation in selection is expected to affect evolutionary responses. By using individual-based data from a 29-year study of a short-lived migratory songbird, the pied flycatcher (Ficedula hypoleuca), we studied the relative influence of 28 temperature- and precipitation-based factors at local and global scales on selection on breeding time (egg laying) at the phenotypic level. Selection, estimated using the number of recruits as a proxy for fitness, penalized late breeders. Minimum temperatures in April and May were the environmental drivers that best explained selection on laying date. In particular, there was negative directional selection on laying date mediated by minimum temperature in April, being strongest in cold years. In addition, nonlinear selection on laying date was influenced by minimum temperatures in May, with selection on laying date changing from null to negative as the breeding season progressed. The intensity of selection on late breeders increased when minimum temperatures in May were highest. Our results illustrate the complex influence of environmental factors on selection on laying date in wild bird populations. Despite minimum temperature in April being the only variable that changed over time, its increase did not induce a shift in laying date in the population. In this songbird population, stabilizing selection has led to a three-decade stasis in breeding time. We suggest that variation in the effects of multiple climatic variables on selection may constrain phenotypic change.","https://doi.org/10.1111/jeb.13916",,,,
"GA1-A-0145","Sustainable landscape management can be better achieved using a combination of measures and practices, including: (a) well-managed and connected protected areas and other effective area-based conservation measures; (b) reduced impact logging, forest certification, payment for ecosystem services, among other instruments, and reduced emissions from deforestation and forest degradation; (c) support for ecological restoration; (d) effective monitoring, including public access and participation as appropriate; (e) addressing illegal activities; (f) the effective implementation of multilateral environmental agreements and other relevant international agreements by their parties; and (g) promoting sustainable, biodiversity-based food systems.","Attitudes and opinions of local and national public sector stakeholders towards Kgalagadi Transfrontier Park, Botswana","Local and national public sector stakeholders are considered to be primary stakeholders and their knowledge and support for conservation initiatives of transfrontier parks are important for sustainable management of resources. Hence, it is critical to assess the attitudes and opinions of a major stakeholder group in order to establish partnerships between protected areas (PAs), adjacent communities and other management agencies. This study employed a qualitative inquiry to identify and assess factors that influence public sector stakeholder support for community-based ecotourism (CBE) development and for conservation of the Kgalagadi Transfrontier Park (KTP). In-depth semi-structured interviews were used to solicit data from 15 local and national representatives who have worked or resided in the Kgalagadi region for a period of at least 6 months. Findings revealed variations in opinion between local and national representatives in relation to collaboration and partnership initiatives, conservation projects, park management, tourism development and park benefits to local communities. There was overall uncertainty with respect to the designation of the KTP, since it had generated unfavourable conditions for adjacent local people, local authorities and village leaders. Nearly all local representatives indicated an imbalance with regard to resident collaboration and partnership in KTP conservation-related projects, and the general management activities. The contentions included concerns about land ownership and control, human–wildlife interactions, perceptions about communication with park authorities, lack of transparency with respect to activities and inequality of park benefits. Two major policy concerns were a low level of community participation in park activities and a lack of collaboration and communication between management and residents.","https://doi.org/10.1080/13504509.2011.592551",,,,
"GA1-A-0164","Although still few and spatially localized, such cases show that with prompt and appropriate action, it is possible to reduce human-induced extinction rates.","The myth of plant species saturation","Plant species assemblages, communities or regional floras might be termed 'saturated' when additional immigrant species are unsuccessful at establishing due to competitive exclusion or other inter-specific interactions, or when the immigration of species is off-set by extirpation of species. This is clearly not the case for state, regional or national floras in the USA where colonization (i.e. invasion by exotic species) exceeds extirpation by roughly a 24 to 1 margin. We report an alarming temporal trend in plant invasions in the Pacific Northwest over the past 100 years whereby counties highest in native species richness appear increasingly invaded over time. Despite the possibility of some increased awareness and reporting of native and exotic plant species in recent decades, historical records show a significant, consistent long-term increase in exotic species (number and frequency) at county, state and regional scales in the Pacific Northwest. Here, as in other regions of the country, colonization rates by exotic species are high and extirpation rates are negligible. The rates of species accumulation in space in multi-scale vegetation plots may provide some clues to the mechanisms of the invasion process from local to national scales.","https://doi.org/10.1111/j.1461-0248.2008.01153.x",,,,
"GA1-A-0207","Many of nature's contributions to people are essential for human health.","Identifying and testing adaptive management options to increase river catchment system resilience using a Bayesian Network model","Abstract The cumulative impacts of future climatic and socioeconomic change threaten the ability of freshwater catchments to provide essential ecosystem services. Stakeholders who manage freshwaters require decision-support tools that increase their understanding of catchment system resilience and support the appraisal of adaptive management options to inform decision-making. Our research aims to test the ability of a Bayesian Network model to identify adaptive management scenarios and test their effectiveness across future pathways to 2050. Using the predominantly arable river Eden catchment (320 km2) in eastern Scotland as a case study, we invited stakeholders from multiple sectors to participate in a series of workshops aimed at addressing water quality issues and achieving good ecological status in the catchment both now and in the future. Our participatory methods helped stakeholders overcome multiple layers of complexity and uncertainty associated with future-focused water management. Outputs of a Bayesian Network model simulated both current and future catchment resilience to inform the identification of six management scenarios. The effectiveness of each management scenario was tested using the Bayesian Network model. Two adaptive management scenarios increased catchment resilience and helped achieve good ecological status; a ‘Best Available Technology’ scenario, including aerobic granular sludge treatment, and a management scenario focused on ‘Resource Centre’, including phosphorus recovery from wastewater treatment works and constructed lagoons for crop irrigation. Stakeholders were interested in a 'Nature Based' management scenario including options such as wetland wastewater treatment methods and rural sustainable drainage systems, which improved water quality in the catchment, but had lower certainty in achieving desired outcome. Findings led to a recognition that innovative and collaborative action was required to improve current and future freshwater conditions.","https://doi.org/10.1007/s44288-024-00066-6",,,,
"GA1-A-0002","Climate change is already having an impact on nature, from genes to ecosystems. It poses a growing risk owing to the accelerated pace of change and interactions with other direct drivers","Interactions between global change components drive plant species richness patterns within communities in mountain grasslands independently of topography","Abstract Questions How do interactions between global change factors (climate and land use, including livestock management) shape plant species richness patterns in mountain grassland communities? Does topography interact with global change factors to modulate their effect on within‐community plant diversity? Location Pyrenees, Spain. Methods We used an initial set of 20 predictors: climatic, biogeographic, livestock management and topographic. Our data set included a wide range of management and climatic conditions from mediterranean to alpine environments. After a variable selection procedure with random forest, we built GLM to explain species richness in plant communities through 100‐m2 plots (SR100), employing backward–forward selection with AIC and other techniques. Results The main filters of SR100 were the regional factors (climate and biogeography, with 23% and 17%, respectively, of the total contribution to SR100), followed by livestock management (14%) and topography (9%). Interactions between climatic and biogeographic variables were almost as important as the main effects (18%). Fragmentation effects were higher under low mean minimum temperatures and summer precipitation compared with other conditions. Connectivity interacted with most of the climatic variables. Moderately high stocking rates mitigated plant community species losses triggered by decreased connectivity. Sheep‐grazed grassland communities had lower SR100 than differently managed grasslands under low fragmentation scenarios; conversely, sheep grazing enhanced SR100 when fragmentation was high. Topographic predictors accounted for lower variability in SR100 than regional and management factors and were independent from these. Conclusions Several multi‐scale spatial filters determine SR100 of grassland communities in the Pyrenees, interacting through complex processes. Climate can enhance negative effects of fragmentation and lack of connectivity on SR100 under stressful conditions. Livestock management modified the impact of patch disaggregation and fragmentation on SR100.","https://doi.org/10.1111/jvs.12683",,,,
"GA1-A-0117","Live coral cover on reefs has nearly halved in the past 150 years, the decline dramatically accelerating over the past two or three decades due to increased water temperature and ocean acidification interacting with and further exacerbating other drivers of loss","Sustainable Stormwater Management using Green Infrastructure for Parking Lot Design in Kitchener and Waterloo Region","Urbanization growth resulting in increasing the amount of runoff caused by land use change has become a major challenge for water management and water security worldwide. Along with rapid urbanization, climate change has been straining traditional water resources and degrading the environment too. With Canada facing rapid change in climate, the Region of Waterloo and Kitchener is likely to face more rainfall and rise in temperature in the future, hence a more sustainable use of land and water is a necessity. New land development methods and engineering should be proposed to minimize these adverse impacts on the environment and local ecology. Low impact development is considered as such an innovative methodology and engineering system. \nThis research project takes a commercial parking lot in the Kitchener-Waterloo Region and proposes a cost-effective, sustainable stormwater management redesign to mitigate the problems of climate change through social, economic and aesthetic interventions utilizing low impact development principles. The proposed redesign demonstrates that low impact development interventions can help reduce stormwater runoff in an urban area; be economically affordable relative to ‘business as usual’ infrastructures; add social benefits; preserve environmental integrity; and enhance ecosystem services. Furthermore, implementing such interventions in that area will help the municipality to achieve sustainable development goals 11, 6, and 13.",,,,,
"GA1-A-0130","For example, species that are large, grow slowly, are habitat specialists or are carnivores – such as great apes, tropical hardwood trees, sharks and big cats – are disappearing from many areas. Many other species, including those with opposite characteristics, are becoming more abundant locally and are spreading quickly around the world; across a set of 21 countries with detailed records, the numbers of invasive alien species per country have risen by some 70 per cent since 1970","A changing climate is eroding the geographical range of the Namib Desert tree Aloe through population declines and dispersal lags","ABSTRACT While poleward species migration in response to recent climatic warming is widely documented, few studies have examined entire range responses of broadly distributed sessile organisms, including changes on both the trailing (equatorward) and the leading (poleward) range edges. From a detailed population census throughout the entire geographical range of Aloe dichotoma Masson, a long‐lived Namib Desert tree, together with data from repeat photographs, we present strong evidence that a developing range shift in this species is a ‘fingerprint’ of anthropogenic climate change. This is explained at a high level of statistical significance by population level impacts of observed regional warming and resulting water balance constraints. Generalized linear models suggest that greater mortalities and population declines in equatorward populations are virtually certainly the result, due to anthropogenic climate change, of the progressive exceedance of critical climate thresholds that are relatively closer to the species’ tolerance limits in equatorward sites. Equatorward population declines are also broadly consistent with bioclimatically modelled projections under anticipated anthropogenic climate change but, as yet, there is no evidence of poleward range expansion into the area predicted to become suitable in future, despite good evidence for positive population growth trends in poleward populations. This study is among the first to show a marked lag between trailing edge population extinction and leading edge range expansion in a species experiencing anthropogenic climate change impacts, a pattern likely to apply to most sessile and poorly dispersed organisms. This provides support for conservative assumptions of species’ migration rates when modelling climate change impacts for such species. Aloe dichotoma 's response to climate change suggests that desert ecosystems may be more sensitive to climate change than previously suspected.","https://doi.org/10.1111/j.1472-4642.2007.00391.x",,,,
"GA1-A-0088","Climate change impacts also play a major role in regionally-differentiated projections of biodiversity and ecosystem functioning in both marine and terrestrial systems. Novel communities, where species will co-occur in historically unknown combinations, are expected to emerge","Modeling plant ranges over 75 years of climate change in California, USA: temporal transferability and species traits","Species distribution model (SDM) projections under future climate scenarios are increasingly being used to inform resource management and conservation strategies. A critical assumption for projecting climate change responses is that SDMs are transferable through time, an assumption that is largely untested because investigators often lack temporally independent data for assessing transferability. Further, understanding how the ecology of species influences temporal transferability is critical yet almost wholly lacking. This raises two questions. (1) Are SDM projections transferable in time? (2) Does temporal transferability relate to species ecological traits? To address these questions we developed SDMs for 133 vascular plant species using data from the mountain ranges of California (USA) from two time periods: the 1930s and the present day. We forecast historical models over 75 years of measured climate change and assessed their projections against current distributions. Similarly, we hindcast contemporary models and compared their projections to historical data. We quantified transferability and related it to species ecological traits including physiognomy, endemism, dispersal capacity, fire adaptation, and commonness. We found that non-endemic species with greater dispersal capacity, intermediate levels of prevalence, and little fire adaptation had higher transferability than endemic species with limited dispersal capacity that rely on fire for reproduction. We demonstrate that variability in model performance was driven principally by differences among species as compared to model algorithms or time period of model calibration. Further, our results suggest that the traits correlated with prediction accuracy in a single time period may not be related to transferability between time periods. Our findings provide a priori guidance for the suitability of SDM as an approach for forecasting climate change responses for certain taxa.","https://doi.org/10.1890/10-1325.1",,,,
"GA1-A-0071","Nature provides a broad diversity of nutritious foods, medicines and clean water","Riverine Microplastic Loading to Mersin Bay, Turkey on the North-eastern Mediterranean","Microplastics sampled downstream from a total of eight rivers were analysed as the first attempt to determine microplastic composition in rivers and load to Mersin Bay, in the north-eastern Mediterranean Sea. With a share of 83.5%, fibres were the dominant category from all samples. Basic characteristics (form, colour, average size, polymer) of microplastics from these rivers were similar to those reported from the marine environment in Mersin bay. The overall average number of microplastics calculated for the eight rivers was determined as 293±59 particles/m3 equalling a load of 1200 billion items (mainly from the Göksu River) discharged annually to the north-eastern Mediterranean. This value equivalent to twice the total stock of microplastics within the water column in Mersin Bay, demonstrates that rivers are a primary source of microplastics pollution for the coastal seas.","https://doi.org/10.4194/trjfas20253",,,,
"GA1-A-0010","This human-driven contemporary evolution is now being observed in some species within all major taxonomic groups (animals, plants, fungi and microorganisms). Such changes are known to occur in response to human activities or drivers, such as hunting, fishing, harvesting, climate change, ocean acidification, soil and water pollution, invasive species, pathogens, pesticides and urbanization.","Impact of local air temperatures on the brood size in Starling (Sturnus vulgaris L.).","Many papers over recent years demonstrated long-term temporal trends in biological parameters that can only be explained by global warming. I examined the long-term trends in the brood size of Starling (Sturnus vulgaris) in Mokrice area (north-western Croatia). I collected data from 1977 to 2007. To nvestigate the effect of spring temperatures on the brood size, local air temperatureswas used. The significant corelationn (P<0.01) between mean brood size and the year (y = - 31.403 + 0.18x) indicates that brood size (mean number of nestlings per nest) increased 0.54 nestling over the period of the study. Correlation between brood size (mean number of nestlings per nest) and mean spring temperatures was also significant (P<0.05). The correlatin between mean spring air temperature and research year was significant (P<0.01). This data show that the mean May temperature has been increasing in the study aea. We can conclude that Starlings in north-western Croatia are increasing their brood size and that the most likely cause is a long-term increase in spring temperatures.",,,,,
"GA1-A-0102","Particularly important at the regional scale are policies and programmes that promote sustainability-minded collective action","Vanadium sulfide based materials: synthesis, energy storage and conversion","The synthetic methods for vanadium sulfide based materials and their applications in energy storage and conversion are discussed.","https://doi.org/10.1039/d0ta07436e",,,,
"GA1-A-0046","Increases in the production of some of nature's contributions cause declines in others, which also affects people differently.","Alternate floral resources within apple orchards increase apple flower visitation","Abstract Apples are dependent upon pollinators for the transfer of pollen between cultivars to ensure high quality fruit production. Agricultural intensification has reduced the availability of stable floral resources for wild bees, leading to widespread declines of important pollinators of apples. Managed honeybees are commonly used to supplement pollination services in apple orchards, but honeybees are less efficient pollinators compared to wild bees. We investigated whether increased flower abundance in the understory vegetation of apple orchards can increase pollinator activity to apple flowers. We compared bee visitation in five orchards in Eastern Norway: three unmowed orchards, and two mowed orchards. In unmowed orchards, dandelions ( Taraxacum spp.) dominated the understory vegetation. Bee observations were conducted on the understory vegetation and apple trees, via manual observations and time-lapse cameras. Wild bees preferentially visited apple flowers over dandelions, while honeybees did not differ in their visits to apple flowers and dandelion flowers. We also found that the abundance of dandelion flowers in the understory increased visits by wild bees to apple flowers. Taken together, this suggests that within orchard floral resources do not compete for pollinators but instead increase apple visitation and improve pollination success. Our results highlight the importance of managing apple orchards for wild bee populations and the potential short-term benefits of understory floral resources on apple production. Implications for insect conservation Our results show that understory vegetation should be left unmowed to increase pollination of apple flowers and provide pollinators with alternate floral resources before, during, and after apple flowering.","https://doi.org/10.1007/s10841-026-00809-5",,,,
"GA1-A-0189","Scenarios show that the pathways to sustainable fisheries entail conserving, restoring and sustainably using marine ecosystems, rebuilding overfished stocks (including through targeted limits on catches or fishing efforts and moratoria), reducing pollution (including plastics), managing destructive extractive activities, eliminating harmful subsidies and illegal, unreported and unregulated fishing, adapting fisheries management to climate change impacts and reducing the environmental impact of aquaculture.","Impact of Subsidies on the Economic and Environmental Conditions of Small Scale Fisheries in Malaysia","This paper examines the economic and environmental impacts of fisheries subsidies on the small scale fisheries in Malaysia. The data for this study was obtained from interviews with 246 fishers from Kedah, Terengganu and Selangor states using a structured questionnaire. The study found that fishing effort and catch was significantly higher for commercial fishing boats operating in zone B and zone C compared to the artisanal fishing boats operating in zone A. The results suggest that fishing effort and catch was partly attributed to the fuel subsidy in fisheries. Furthermore, the larger engine boats (B and C) gained substantial fishing income that seems to reflect unequal distribution of benefits because larger vessels were able to gain maximum benefits compared to the smaller boats. However, the poor fishers (Boat A) were able to improve their livelihoods through various subsidies compared to the fishers with larger boats (B and C). The results suggest that current fisheries subsidies may not lead to sustainable fisheries and income of small scale fishers. Fisheries overexploitation cannot be reduced by elimination of subsidy, effective planning and designing of subsidy programmes may improve the wellbeing of fishers in Malaysia.","https://doi.org/10.15405/epsbs.2016.08.47",,,,
"GA1-A-0047","Nature provides a broad diversity of nutritious foods, medicines and clean water","Pollutant fate and spatio-temporal variation and degree of sedimentation of industrial- and municipal wastes in Chakbandi drain and River Chenab","This study's objective was to assess a seasonal impact of industrial and sewage waste disposal on water quality of the river upstream Trimu Head. Considering the significance of the river, drain wastewater was analyzed during the summer and the winter seasons from pre-determined locations. Water quality parameters were recorded higher than the maximum permissible limits prescribed by WHO for freshwater bodies. Level of these Physio-chemical variables was higher in the winter due to the least amount of water from domestic sewage. Although some of these parameters indicated sedimentation hitherto the water quality of River Chenab was found very poor due to the pollution bestowed by tributary waste water from drains. Findings of this investigation suggest the importance of continuous monitoring and assessment to improve the water quality of the river. This study provides a baseline data which may be compared to assess any further deterioration in the water quality and may also be used to plan future monitoring and required restoration of habitat for the safe supply of fish to the population of this region.","https://doi.org/10.1016/j.sjbs.2018.08.015",,,,
"GA1-A-0192","The traits of species influence whether they persist or even thrive in human-modified ecosystems","Plant traits poorly predict winner and loser shrub species in a warming tundra biome","Climate change is leading to a species redistributions. In the tundra biome, many shrub species are expanding into new areas, a process known as shrubification. However, not all tundra shrub species will benefit from warming. Winner and loser species (those projected to expand and contract their ranges, and/or those that have increased or decreased in cover over time), and the characteristics that may determine success or failure, have not been fully identified. Here, we investigate whether current range sizes are related to plant trait values and intraspecific trait variation by combining 17,921 trait records and distribution data from 62 shrub species across three continents (>30 degrees north). In addition, we determine which traits are associated with species projected by species distribution models to expand or contract their ranges under climate change, and species that have undergone past cover changes over time. Winner and loser shrub species identified from projected range shifts generally differed from those identified from observed past cover change. We found that greater variation in seed mass and specific leaf area were related to larger projected range shifts. Projected winner species generally had greater seed mass values than ‘no change’ and loser species. However, contrary to our expectations, traits’ values and variation were not consistently related to current and projected ranges, and depended upon the future climate scenarios considered in range projections. There were no clear relationships either between cover change over time and trait values or variation. Overall, our findings indicate that abundance changes and projected range shifts will not lead to directional modifications in shrub trait composition or variation with future warming, since winner and loser species share relatively similar trait spaces based on commonly measured traits. Future research could investigate other morpho-physiological traits underpinning climatic preferences, which might better predict future range and abundance changes.","https://doi.org/10.32942/x23s3m",,,,
"GA1-A-0066","In contrast, substantial increases in food, feed, timber and bioenergy production are predicted in most scenarios","Aggravation of global maize yield loss risk under various hot and dry scenarios using multiple types of prediction approaches","Abstract High temperature and drought are widely known to cause a reduction of crop yield, but the simultaneously occurring risks in major producing countries and the associated uncertainty across various climate change scenarios remain unclear at the global scale. Here, we evaluate global maize yield loss risk (i.e., the probability of yield reduction by over 10% relative to historical trend yield during 1981–2010) across 30 hot and dry scenarios using regression, machine learning and process‐based models. Besides examining yield loss risk in a single country, we predict the potential risks simultaneously occurring in the top two and top ten producing countries. The three approaches agree on the aggravation of yield loss risk under dry and hot scenarios, but show large discrepancy in the magnitude and sensitivities. Specifically, 2°C warming alone could lead to a global yield loss risk of 73%, 100% and 62% based on regression, long‐short term memory (LSTM) and process‐based models, respectively, and warming‐induced risks can be further aggravated by droughts especially in process models. Global yield loss by over 10% would even become the new norm (i.e., yield loss probability is 100%) when temperature increases by over 2°C in some models. Importantly, the probabilities of yield loss simultaneously occurring in the top two countries (i.e., United States and China) and top ten countries are unexpectedly high and could even become 100% under extreme hot and dry scenarios. Our results highlight the large risks that future climate change may bring to multiple exporting and importing countries simultaneously, thus threating global food market and security. We also emphasize the important value of using different types of prediction approaches for yield projection under hot and dry scenarios, which enables more realistic estimation of uncertainty range than a single type of model.","https://doi.org/10.1002/joc.8371",,,,
"GA1-A-0158","Policy mixes that are harmonized across sectors, levels of governance and jurisdictions can account for ecological and social differences across and beyond the landscape, build on existing forms of knowledge and governance and address trade-offs between tangible and non-tangible benefits in a transparent and equitable manner.","Crises, Complexities and Claims in Protected Areas","Biodiversity and its conservation strategies are facing a global, regional and national crisis that is jeopardizing the future of humanity. In this light, it is necessary to rethink current political strategies in order to build models that are adapted to the new challenges (global warming, COVID-19, armed conflicts, etc.) – and can overcome past failures. The objective of this chapter is to illustrate some of the multiple aspects of the crisis affecting forest biodiversity and related governance in the Congo Basin, with specific attention to Cameroon. The review of subregional and national policies and the in-depth analysis of the biodiversity conservation crisis in four protected forest landscapes in the Southwest region of Cameroon brought out the existence of a top-down and incoherent mode of governance, characterized by negative impacts on biodiversity, the rights of local communities, environmental justice and human wellbeing. Such a precarious situation is compounded by an armed conflict, since 2016, that aggravates socio-environmental injustices and the loss of biodiversity. It is therefore necessary to rebuild an alternative model of biodiversity conservation based on justice, local knowledge and culture.","https://doi.org/10.4324/9781003363101-9",,,,
"GA1-A-0139","The deterioration of nature can exacerbate existing inequalities in access to health care or healthy diets.","Air pollution control efficacy and health impacts: A global observed study from 2000 to 2016","Abstract Background PM 2.5 concentrations vary between countries with similar CO 2 emissions, possibly due to differences in air pollution control efficacy. However, no indicator of the level of air pollution control efficacy has yet been developed. We aimed to develop such an indicator, and to evaluate its global and temporal distribution and its association with country-level health metrics. Method A novel indicator, ground level population-weighted average PM 2.5 concentration per unit CO 2 emission per capita ( PM 2.5 / CO 2 , written as PC in abbreviation), was developed to assess country-specific air pollution control efficacy. We estimated and mapped the global average distribution of PC and PC changes during 2000–2016 across 196 countries. Pearson correlation coefficients and Generalized Additive Mixed Model (GAMM) were used to evaluate the relationship between PC and health metrics. Results PC varied by country with an inverse association with the economic development. PC showed an almost stable trend globally from 2000 to 2016 with the low income groups increased. The Pearson correlation coefficients between PC and life expectancy at birth (LE), Infant-mortality rate (IMR), Under-five mortality rate (U5MR) and logarithm of GDP per capita (LPGDP) were –0.566, 0.646, 0.659, –0.585 respectively (all P-values <0.001). Compared with PM 2.5 or CO 2 , PC could explain more variation of LE, IMR and U5MR. The association between PC and health metrics was independent of GDP per capita. Conclusions PC might be a good indicator for air pollution control efficacy and was related to important health indicators. Our findings provide a new way to interpret health inequity across the globe from the point of air pollution control efficacy.","https://doi.org/10.1101/2020.05.31.20118752",,,,
"GA1-A-0197","Nature provides a broad diversity of nutritious foods, medicines and clean water","Trans-polar drift-pathways of riverine European microplastic","High concentrations of microplastic particles are reported across the Arctic Ocean-yet no meaningful point sources, suspension timelines, or accumulation areas have been identified. Here we use Lagrangian particle advection simulations to model the transport of buoyant microplastic from northern European rivers to the high Arctic, and compare model results to the flux of sampled synthetic particles across the main entrance to the Arctic Ocean. We report widespread dispersal along the Eurasian continental shelf, across the North Pole, and back into the Nordic Seas; with accumulation zones over the Nansen basin, the Laptev Sea, and the ocean gyres of the Nordic Seas. The equal distribution of sampled synthetic particles across water masses covering a wide time frame of anthropogenic influence suggests a system in full saturation rather than pronounced injection from European sources, through a complex circulation scheme connecting the entire Arctic Mediterranean. This circulation of microplastic through Arctic ecosystems may have large consequences to natural ecosystem health, highlighting an ever-increasing need for better waste management.","https://doi.org/10.1038/s41598-022-07080-z",,,,
"GA1-A-0004","Shifts in species distribution, changes in phenology, altered population dynamics and changes in the composition of species assemblage or the structure and function of ecosystems are accelerating in marine, terrestrial and freshwater systems.","Impacts of Shrubification on Ground Temperatures and Carbon Cycling in a Sub-Arctic Fen near Churchill, MB","This paper examines the extent and impact of shrubification on near surface ground temperatures and microbial greenhouse gas production (GHG) in fen environments of the Hudson Bay Lowlands near Churchill, MB. Greening during 1984–2018 was analyzed using Google Earth Engine, temperature sensors were installed just below the ground surface, and active layer samples were incubated to determine potential GHG production. Greening was extensive in the area and, at the site, mean annual ground surface temperature was more than 3°C warmer under shrubs, with twice as many thawing degree-days and half as many freezing degree-days than in sedge dominated fen sites. Methane production was lower in soils from shrub-dominated sites. These preliminary results suggest it is unlikely that permafrost is sustainable where shrubs encroach, yet the effects of permafrost thaw on carbon cycling could be in part offset by lower microbial methane production associated with shrubs in near surface soils.","https://doi.org/10.1061/9780784483589.006",,,,
"GA1-A-0057","In contrast, substantial increases in food, feed, timber and bioenergy production are predicted in most scenarios","Increase in crop losses to insect pests in a warming climate","Insect pests substantially reduce yields of three staple grains-rice, maize, and wheat-but models assessing the agricultural impacts of global warming rarely consider crop losses to insects. We use established relationships between temperature and the population growth and metabolic rates of insects to estimate how and where climate warming will augment losses of rice, maize, and wheat to insects. Global yield losses of these grains are projected to increase by 10 to 25% per degree of global mean surface warming. Crop losses will be most acute in areas where warming increases both population growth and metabolic rates of insects. These conditions are centered primarily in temperate regions, where most grain is produced.","https://doi.org/10.1126/science.aat3466",,,,
"GA1-A-0016","Many of nature's contributions to people are essential for human health and their decline thus threatens a good quality of life.","Marine Environment and Human Health: An Overview","The marine environment currently provides many beneficial goods and services to mankind but also poses a risk to the health of coastal populations. For example, toxic algal bloom events, microbial pathogens and pollutants all act to negatively impact human health mediated by the marine environment. At the same time, regular contact with the natural environment results in many health benefits, including increased fitness and reduced levels of stress. The marine environment is under pressure from land-derived contaminants and climate change, of which the socio-economic consequences and the implications for human health and wellbeing are not well understood. The scientific challenge is to understand and predict the consequences of environmental changes and exploitation of natural resources upon our coastal ecosystems and upon society, including human health. Addressing this challenge requires the integration of a wide range of disciplines, from physical oceanography and marine biology, to molecular biology and epidemiology.","https://doi.org/10.1039/9781849732871-00001",,,,
"GA1-A-0227","Many of nature's contributions to people are essential for human health and their decline thus threatens a good quality of life.","Fecal virome transplantation: A promising strategy for the treatment of metabolic diseases","Metabolic diseases are a group of disorders caused by metabolic abnormalities, including obesity, diabetes, non-alcoholic fatty liver disease, and more. Increasing research indicates that, beyond inherent metabolic irregularities, the onset and progression of metabolic diseases are closely linked to alterations in the gut microbiota, particularly gut bacteria. Additionally, fecal microbiota transplantation (FMT) has demonstrated effectiveness in clinically treating metabolic diseases, notably diabetes. Recent attention has also focused on the role of gut viruses in disease onset. This review first introduces the characteristics and influencing factors of gut viruses, then summarizes their potential mechanisms in disease development, highlighting their impact on gut bacteria and regulation of host immunity. We also compare FMT, fecal filtrate transplantation (FFT), washed microbiota transplantation (WMT), and fecal virome transplantation (FVT). Finally, we review the current understanding of gut viruses in metabolic diseases and the application of FVT in treating these conditions. In conclusion, FVT may provide a novel and promising treatment approach for metabolic diseases, warranting further validation through basic and clinical research.","https://doi.org/10.1016/j.biopha.2024.117065",,,,
"GA1-A-0006","The traits of species influence whether they persist or even thrive in human-modified ecosystems","Evidence for shifts to faster growth strategies in the new ranges of invasive alien plants","Summary Understanding the processes underlying the transition from introduction to naturalization and spread is an important goal of invasion ecology. Release from pests and pathogens in association with capacity for rapid growth is thought to confer an advantage for species in novel regions. We assessed leaf herbivory and leaf‐level traits associated with growth strategy in the native and exotic ranges of 13 invasive plant species from 256 populations. Species were native to either the Western Cape region of South Africa, south‐western Australia or south‐eastern Australia and had been introduced to at least one of the other regions or to New Zealand. We tested for evidence of herbivore release and shifts in leaf traits between native and exotic ranges of the 13 species. Across all species, leaf herbivory, specific leaf area and leaf area were significantly different between native and exotic ranges while there were no significant differences across the 13 species found for leaf mass, assimilation rate, dark respiration or foliar nitrogen. Analysis at the species‐ and region‐level showed that eight out of 13 species had reduced leaf herbivory in at least one exotic region compared to its native range. Six out of 13 species had significantly larger specific leaf area (SLA) in at least one exotic range region and five of those six species experienced reduced leaf herbivory. Increases in SLA were underpinned by increases in leaf area rather than reductions in leaf mass. No species showed differences in the direction of trait shifts from the native range between different exotic regions. This suggests that the driver of selection on these traits in the exotic range is consistent across regions and hence is most likely to be associated with factors linked with introduction to a novel environment, such as release from leaf herbivory, rather than with particular environmental conditions. Synthesis. These results provide evidence that introduction of a plant species into a novel environment commonly results in a reduction in the top‐down constraint imposed by herbivores on growth, allowing plants to shift towards a faster growth strategy which may result in an increase in population size and spread and consequently to invasive success.","https://doi.org/10.1111/1365-2745.12318",,,,
"GA1-A-0150","Many of nature's contributions to people are essential for human health and their decline thus threatens a good quality of life.","Searching for immunomodulatory compounds from Icelandic marine invertebrates","A substantial diversity of secondary metabolites from marine invertebrates has been described; however, only a few studies have investigated secondary metabolites of marine invertebrates collected in Icelandic waters. The unique marine environment around Iceland, in terms of temperature and underwater geothermal activity, has forced the living marine organisms to survive in the surroundings by developing unique biomolecules. The marine invertebrates are therefore an excellent starting point for searching for new bioactive compounds. The aim of this thesis was to isolate and identify new compounds, and known, with immunomodulatory activity from marine invertebrates collected in Icelandic waters. \nSeven crude extracts from Icelandic marine sponges were screened for immunomodulatory activities using an in vitro dendritic cell (DC) model. The bioactive extracts were then fractionated by column chromatographic technique with the help of bioassay-guided isolation approach to isolate the active constituents. Five pure known polyunsaturated fatty acids (PUFAs) from unidentified marine sponges and several lipophilic fractions from Halichondria sitiens were obtained and they showed immunomodulatory activity, demonstrated by their ability to reduce DC secretion of the pro-inflammatory cytokine IL-12p40 and the anti-inflammatory cytokine IL-10. Maturing DCs in the presence of selected fractions before co-culturing them with allogeneic CD4+ T cells mainly led to a decrease in T cell secretion of IFN-y, indicating a reduction in Th1 immune response. In addition, one new glycerol ester featuring methyl branched fatty acid chain was obtained but it did not have immunomodulatory activity using the DC model. \nCrude extracts from the marine sponge Geodia barretti and the bryozoan Flustra foliacea were chemically profiled by UPLC-qTOF-MS. Both previously known and unknown compounds were characterized by comparing the obtained molecular (precursor) ions and fragmentation patterns from obtained MS/MS data with data from the literature and databases. The crude extracts were subjected to various chromatographic techniques that yielded nineteen new alkaloids and sixteen known alkaloids. The structures of the isolated new compounds were elucidated by detailed spectroscopic analysis, including 1H NMR, 13C NMR, 1H-1H COSY, HSQC, HMBC, NOESY, 1H-15N HSQC, 1H-15N HMBC, and HRESIMS. The stereochemistry was assigned by combination of \niii \nNMR spectroscopic data, optical rotation, ECD analysis and application of a Marfey’s-type method employing the new reagent ʟ-ND-(1-fluoro-2,4-dinitrophenyl)tryptophanamide (ʟ-FDTA). The absolute stereochemistry of one known compound was re-evaluated. All the isolated compounds were screened for immunomodulatory activity using the DC model. Twelve of the compounds decreased DC secretion of IL-12p40 and two of them increased secretion of IL-10. Three of the compounds were chosen for further investigation of dose-dependency of their activity and subsequently their ability to induce a Th1 or a Treg immune response in T cells co-cultured with DCs previously incubated with the compounds. Overall, G. barretti and F. foliacea contain a variety of alkaloids, several of which have anti-inflammatory activity, some of them warranting further investigation into their potential as a candidate for relieving inflammatory diseases. \nThe results demonstrate that marine invertebrates collected from the marine environment around Iceland contain a number of secondary metabolites some of which have immunomodulatory effects. These studies indicate that the marine environment around Iceland may be a plentiful source of biological compounds with the potential of becoming a drug lead for treatment of inflammatory related diseases.",,,,,
"GA1-A-0099","In contrast, substantial increases in food, feed, timber and bioenergy production are predicted in most scenarios","An ecological synthesis about the effects of floral plantings on crop pollination by bees","Abstract One of the UN’s 17 Sustainable Development Goals is a world free from hunger, with sustainable food production and resilient agricultural practices (SDG 2). However, as we approach the 2030 deadline, global food security, a multidimensional challenge, remains unsolved. With a growing human population, food demand will likely increase, leading to more intensive agricultural practices that put bees and their pollination services at risk. Conserving bees is, thus, crucial to ensuring our food security. A promising solution is cultivating floral plantings alongside crops, which can enhance ecosystem services such as pollination. However, floral plantings may also compete with crops for bees. To optimize their benefits, we need to understand when floral plantings facilitate bee spillover to crops, supporting both bee conservation and agricultural productivity. To address this, we synthesized existing knowledge using a research weaving approach, which combines bibliometric and systematic mapping. Our synthesis suggests that the effects of floral plantings result from a complex interplay of factors, including crop type, bee species, floral planting composition, and environmental conditions. To clarify this interplay, we propose an integrative hypothesis to guide future studies. Finally, our results highlight the need for stronger collaboration among researchers to better understand the role of floral plantings in ecological intensification.","https://doi.org/10.1101/2025.09.01.673359",,,,
"GA1-A-0169","Climate change alone is projected to decrease ocean net primary production by between 3 and 10 per cent, and fish biomass by between 3 and 25 per cent (in low and high warming scenarios, respectively) by the end of the century","Elevated carbon dioxide enhances polyunsaturated fatty acids in Isochrysis galbana and improves rotifer growth through algal feeding","Abstract Elevated atmospheric CO 2 levels directly affect marine primary producers by altering their photosynthetic efficiency and biochemical composition, thereby modifying nutrient transfer throughout marine food webs. This study examines the physiological, biochemical, and transcriptomic responses of the microalga Isochrysis galbana when cultured under elevated CO 2 level (1000 μ atm CO 2 ) and current ambient CO 2 level (420 μ atm CO 2 ) conditions, as well as the subsequent effects of feeding these algae to rotifer ( Brachionus plicatilis ). Under high CO 2 conditions, I. galbana exhibited enhanced photosynthetic efficiency, carbon fixation, and energy metabolism, driven by the upregulation of genes involved in photosynthesis, the Calvin‐Benson cycle, and glycolysis. These molecular adaptations increased the growth rate by 24% and increased the content of polyunsaturated fatty acids (PUFAs) by 8%, including docosahexaenoic acid, which improves the nutritional quality of the alga. Feeding experiments demonstrated that rotifers fed with I. galbana grown under high‐CO 2 conditions exhibited improved growth and enriched PUFA profiles, highlighting the potential for high‐CO 2 ‐induced changes in primary producers to enhance trophic transfer efficiency. This study provides new insights into the molecular mechanisms underlying I. galbana 's response to elevated CO 2 and its ecological implications. The findings emphasize the capacity of marine microalgae to adapt to environmental changes and highlight the cascading effects of elevated CO 2 on marine food web nutrition and dynamics.","https://doi.org/10.1002/lno.70195",,,,
"GA1-A-0238","Inclusive approaches help to reflect a plurality of values and ensure equity, including through equitable sharing of benefits arising from their use and rights-based approaches.","The Theory of Worldviews from an Environmental Law Perspective","It emerges from this article that the concept of worldviews has the potency of different applications for environmental law scholars. Firstly, it can serve as an excellent theoretical framework for environmental law research. Secondly, environmental law can be further improved. Thirdly, the concept draws attention to the importance of inner/subjective factors of environmental policy and legislation. Fourthly, the concept supports the importance of an authentic deep transformation in our societies, and the promotion of an integrative worldview in order to help this transformational process. Finally, while an integrative worldview is strengthened, basic human rights shall be respected.","https://doi.org/10.1080/02604027.2021.1929790",,,,
"GA1-A-0172","Those include introducing and improving standards, systems and relevant regulations aimed at internalizing the external costs of production, extraction and consumption (such as pricing wasteful or polluting practices, including through penalties); promoting resource efficiency and circular and other economic models; voluntary environmental and social certification of market chains; and incentives that promote sustainable practices and innovation. Importantly, they also involve a change in the definition of what a good quality of life entails – decoupling the idea of a good and meaningful life from ever-increasing material consumption. All those approaches are more effective when they are mutually reinforcing. Actions that help to voluntarily unleash existing social values of responsibility in the form of individual, collective and organizational actions towards sustainability can have a powerful and lasting effect in shifting behaviour and cultivating stewardship as a normal social practice","Nottingham’s urban sustainability fix as creative environmental commercialization","Given that Nottingham (UK) has some of the most deprived areas and the deepest budget cuts in England yet holds the title of the UK’s most energy self-sufficient city, this paper explores the question: how has the Nottingham City Council localized the urban sustainability fix to reach environmental goals? Applying the “urban sustainability fix” concept, we find that during austerity and devolution, Nottingham’s response has been to develop creative funding schemes and commercialize environmental assets. This experimentation has resulted in two first-of-their-kind initiatives in the UK: a Workplace Parking Levy and a council-owned non-profit energy company. We demonstrate two risks of the urban sustainability fix in this case: that environmental initiatives are narrow and based on economic growth priorities, and that social sustainability is deprioritized. Further, we show how the “win-win” logic of ecological modernization is reflected in Nottingham’s pro-environmental individual behavior change approach.","https://doi.org/10.1080/02723638.2019.1664253",,,,
"GA1-A-0123","Nature underpins quality of life by providing basic life support for humanity -regulating-, as well as material goods -material- and spiritual inspiration -non-material-","Carbohydrate limitation, but not exposure to the insecticide flupyradifurone, impairs wild bumblebee nest initiation","Loss of floral resources and pesticide exposure are key drivers of wild pollinator declines. Synergistic interactions between pesticides and poor nutrition may exacerbate individual effects, but how these anthropogenic stressors interact remains poorly understood, particularly across understudied life phases. Queen bumblebees in temperate regions emerge from hibernation in spring and attempt to initiate a colony. In agricultural environments, queens typically emerge during (i) a carbohydrate ""hunger gap,"" whereby nectar demand is higher than supply and (ii) during a time of year in which pesticide use is high. Here, we assessed the impact of carbohydrate limitation and exposure to the novel insecticide flupyradifurone on colony initiation of wild-caught bumblebee (Bombus terrestris) queens. Using a fully crossed experimental design, queens were exposed to a field-realistic concentration of flupyradifurone (1.6 ppm) at high (50% (w/w)) or low (15% (w/w)) sucrose concentrations. We found that bees provided with low-sucrose concentrations produced no eggs or larvae compared with 31.6% in the high concentration groups. Queens fed a lower concentration of sucrose also developed smaller ovaries and performed less nest initiation behaviors. We also found that exposure to flupyradifurone increased the activity of bumblebee queens, and that carbohydrate limitation and flupyradifurone synergistically reduced the likelihood of nest initiation behavior. These results demonstrate the importance of carbohydrate intake during the spring when queens are founding colonies, highlighting the need to consider not only floral diversity within environmental land management schemes but also floral quality.","https://doi.org/10.1093/ee/nvag086",,,,
"GA1-A-0200","Nature can be conserved, restored and used sustainably while simultaneously meeting other global societal goals through urgent and concerted efforts fostering transformative change.","Long-Term Eelgrass Habitat Change and Associated Human Impacts on the West Coast of Canada","Nahirnick, N.K.; Costa, M.; Schroeder, S., and Sharma, T., 2020. Long-term eelgrass habitat change and associated human impacts on the west coast of Canada. Journal of Coastal Research, 36(1), 30–40. Coconut Creek (Florida), ISSN 0749-0208.Eelgrass (Zostera marina) forms a critical nearshore marine habitat in temperate coastal ecosystems. For three small estuaries in the Southern Gulf Islands of British Columbia, changes in eelgrass area coverage and shape index (over the period of 1932–2016) were assessed using historical aerial photographs and unoccupied aerial system (UAS) imagery. In addition, changes in eelgrass area and shape index were evaluated in relation to landscape-level coastal environmental indicators, namely shoreline activities and alterations and residential housing density. All three eelgrass meadows showed a deteriorating trend in eelgrass condition; on average, eelgrass area coverage decreased by 45.1%, while meadow complexity as indicated by the shape index increased by 66.3%. Shoreline activities (boats, docks, log booms, and armoring) and residential housing density increased markedly at all sites over the study period and were strongly correlated to eelgrass area coverage and shape index. Changes in these landscape-level indicators over this period corroborate the observed decline in eelgrass habitat condition, because they suggest an overall deterioration of coastal environmental health in the Salish Sea due to increased use of the coastal zone, as well as declines in water quality due to urbanization.","https://doi.org/10.2112/jcoastres-d-18-00112.1",,,,
"GA1-A-0226","Nature underpins quality of life by providing basic life support for humanity -regulating-, as well as material goods -material- and spiritual inspiration -non-material-","An integrated approach to identifying ecological sources and constructing ecological security patterns in a rapidly urbanizing region: A case study of Suizhou, China","Abstract Context：Over the past decade, China's unprecedented rapid urbanization has brought huge challenges to the stability of regional ecosystems. Objectives：Hubei Province, positioned as the central region's focal point, holds a strategically important role. Taking Suizhou in Hubei as a case study, we propose a framework for defining ecological security pattern (Esp) within rapidly urbanizing cities to safeguard and rehabilitate mountains, rivers, farmlands, lakes, and grasslands. Methods：A pivotal objective of this framework is to optimize the selection of ecological sources. We employ the Ordered Weighted Averaging (OWA) approach to pinpoint areas of high ecological service significance, amalgamating ecological sensitivity and landscape connectivity for source identification. Results：Approximately 28.7% of Suizhou's territory is enveloped by 15 contiguous and intact ecological sources. Subsequently, using circuit theory, we extract ecological corridors covering 416.08 km2 and stretching 211.43 km. Conclusions: Due to substantial urban development and construction in central Suizhou, the ecological spaces on its northern and southern flanks are significantly disconnected. Merely two traverse the central urban development zone, establishing a connection between the north and south. Furthermore, numerous ecological bottlenecks are present within these two corridors. Consequently, we propose advancing green infrastructure within urban central areas and augmenting the ecological sensitivity and resilience of natural zones adjacent to developed regions. Furthermore, a focal point should be placed on improving the ecological bottleneck areas within the ecological corridors to enhance species connectivity. The research's applicability can be extended to other rapidly urbanizing areas along the Yangtze River.","https://doi.org/10.21203/rs.3.rs-3369611/v1",,,,
"GA1-A-0162","More generally, human-made replacements often do not provide the full range of benefits provided by nature","Generating Skeletal Diversity from the C19‐Diterpenoid Alkaloid Deltaline: A Ring‐Distortion Approach","The development of new drugs calls for large collections of diverse molecules with considerable complexity. Ring distortion of natural products provides an efficient and facile approach to access new architectures with intriguing biological activities, by harnessing their inherent complexity. In this study, such a strategy has been explored on an abundant C19 -diterpenoid alkaloid, deltaline, enabling the synthesis of 32 new derivatives bearing a broad spectrum of unique scaffolds. Extensive spectroscopic studies including X-ray crystallographic analyses strongly supported the structures of the obtained novel skeletons, which present comparable opportunities with the great contributions made by nature for discovery of new lead compounds.","https://doi.org/10.1002/chem.201500839",,,,
"GA1-A-0056","Policy mixes that are harmonized across sectors, levels of governance and jurisdictions can account for ecological and social differences across and beyond the landscape, build on existing forms of knowledge and governance and address trade-offs between tangible and non-tangible benefits in a transparent and equitable manner.","The River","Abstract In Chapter 6, competing visions behind sustainable development articulations are analyzed based on the case study of the Belo Monte hydroelectric project, which is located along the Xingu River. The chapter reveals how the framework of sustainable development promotes the logics of state planning for the promotion of macro-economic and growth-oriented goals, while concealing the social and environmental consequences of the infrastructure under the auspices of democratic engagement. In order to structure this chapter’s exposition of what is one of the world’s most controversial dams, the discussion is organized around three central arenas, all of which contributed to the creation and perpetuation of the sustainable development narrative surrounding Belo Monte: the legal disputes, civil society activism, and global-level policies over hydroelectric dams. The chapter concludes with a critical analysis of the divergence between articulations of sustainable development in its idealized form and the mismatched shortfalls that were present in reality.","https://doi.org/10.1093/oso/9780190949389.003.0006",,,,
"GA1-A-0184","Nature provides a broad diversity of nutritious foods, medicines and clean water","Massive occurrence of benthic plastic debris at the abyssal seafloor beneath the Kuroshio Extension, the North West Pacific","The abyss (3500–6500 m) covers the bulk of the deep ocean floor yet little is known about the extent of plastic debris on the abyssal seafloor. Using video imagery we undertook a quantitative assessment of the debris present on the abyssal seafloor (5700–5800 m depth) beneath the Kuroshio Extension current system in the Northwest Pacific. This body of water is one of the major transit pathways for the massive amounts of debris that are entering the North Pacific Ocean from Asia. Shallower sites (1400–1500 m depth) were also investigated for comparison. The dominant type of debris was single-use plastics - mainly bags and food packaging. The density of the plastic debris (mean 4561 items/km2) in the abyssal zone was the highest recorded for an abyssal plain suggesting that the deep-sea basin in the Northwest Pacific is a significant reservoir of plastic debris.","https://doi.org/10.1016/j.marpolbul.2021.112188",,,,
"GA1-A-0064","Large reductions and local extinctions of populations are widespread","Evidence of biological recovery from gross pollution in English and Welsh rivers over three decades","Uncertainty around the changing ecological status of European rivers reflects an evolving array of anthropogenic stressors, including climate change. Although previous studies have revealed some recovery from historical pollution in the 1990s and early-2000s, there are contrasting trends among pollutants across Europe and recovery may have stalled or been reversed. To provide more contemporary evidence on trends and status, here we investigate changes in English and Welsh river macroinvertebrate communities over almost 30 years (1991-2019) using a network of nearly 4000 survey locations. Analysis comprised: i) trends in taxonomic and functional richness, community composition and ecological traits, ii) gains, losses and turnover of taxa, and the overall homogeneity of macroinvertebrate communities nationally, and iii) an exploration of how temporal trends varied with catchment characteristics. Taxonomic richness increased, primarily in the 1990s, whilst a shift towards pollution-sensitive taxa continued throughout the study period, accompanied by a growing prevalence in traits such as preferences for fast-flowing conditions, coarser substrata, and 'shredding' or 'scraping' feeding strategies. Changes consistent with improvement occurred in both urbanised and agricultural catchments, but were more pronounced in urban rivers as they gained pollution sensitive taxa that were otherwise more prevalent in rural rivers. Overall, these results indicate continuing biological recovery from organic pollution, consistent with national scale trends in water quality. Results reemphasise the importance of looking at multiple facets of diversity, with periods of near-constant richness disguising changes in taxonomic and functional composition. Whilst this national-scale picture is broadly positive, we highlight the need to investigate more local variations or pollutants that depart from this aggregate picture.","https://doi.org/10.1016/j.scitotenv.2023.163107",,,,
"GA1-A-0028","Nature can help to regulate disease and the immune system.","Adolescent gut microbiome imbalance and its association with immune response in inflammatory bowel diseases and obesity","BACKGROUND: Recently, there has been an increase in the number of studies focusing on the association between the gut microbiome and obesity or inflammatory diseases, especially in adults. However, there is a lack of studies investigating the association between gut microbiome and gastrointestinal (GI) diseases in adolescents. METHOD: We obtained 16S rRNA-seq datasets for gut microbiome analysis from 202 adolescents, comprising ulcerative colitis (UC), Crohn's disease (CD), obesity (Ob), and healthy controls (HC). We utilized Quantitative Insights Into Microbial Ecology (QIIME) and Phylogenetic Investigation of Communities by Reconstruction of Unobserved States (PICRUSt) to acquire Operational Taxonomic Units (OTUs). Subsequently, we analyzed Kyoto Encyclopedia of Genes and Genomes (KEGG) Orthology (KO) terms and pathway enrichment for the identified OTUs. RESULTS: In this study, we investigated the difference between the gut microbiomes in adolescents with GI diseases and those in healthy adolescents using 202 samples of 16S rRNA sequencing data. The distribution of the six main gut microbiota (i.e., unclassified Dorea, unclassified Lachnospiraceae, unclassified Ruminococcus, Faecalibacterium prausnitzii, Prevotella copri, unclassified Sutterella) was different based on the status of obesity and inflammatory diseases. Dysbiosis was observed within Lachnospiraceae in adolescents with inflammatory diseases (i.e., UC and CD), and in adolescents with obesity within Prevotella and Sutterella. More specifically, our results showed that the relative abundance of Faecalibacterium prausnitzii and unclassified Lachnospiraceae was more than 10% and 8% higher, respectively, in the UC group compared to the CD, Ob, and HC groups. Additionally, the Ob group had over 20% and over 3% higher levels of Prevotella copri and unclassified Sutterella, respectively, compared to the UC, CD, and HC groups. Also, inspecting associations between the six specific microbiota and KO terms, we found that the six microbiota -relating KO terms were associated with NOD-like receptor signaling. These six taxa differences may affect the immune system and inflammatory response by affecting NOD-like receptor signaling in the host during critical adolescence. CONCLUSION: In this study, we discovered that dysbiosis of the microbial community had varying degrees of influence on the inflammatory and immune response pathways in adolescents with inflammatory diseases and obesity.","https://doi.org/10.1186/s12866-024-03425-y",,,,
"GA1-A-0091","Nature underpins quality of life by providing basic life support for humanity -regulating-, as well as material goods -material- and spiritual inspiration -non-material-","Changes in gross fixed capital formation, in real terms, selected countries, 2005-18","Health at a Glance: Europe 2020 is the first step in the State of Health in the EU cycle, an initiative launched by the European Commission in 2016 to assist EU Member States in improving the health of their citizens and the performance of their health systems.While the preparation of this publication was led by the OECD, the Commission provided guidance and substantive input throughout the process, as well as financial support.","https://doi.org/10.1787/e9a74d07-en",,,,
"GA1-A-0114","The lands of indigenous peoples and local communities, including farmers, pastoralists and herders, are often important areas for in situ conservation of the remaining varieties and breeds","Fixism and conservation science","The field of biodiversity conservation has recently been criticized as relying on a fixist view of the living world in which existing species constitute at the same time targets of conservation efforts and static states of reference, which is in apparent disagreement with evolutionary dynamics. We reviewed the prominent role of species as conservation units and the common benchmark approach to conservation that aims to use past biodiversity as a reference to conserve current biodiversity. We found that the species approach is justified by the discrepancy between the time scales of macroevolution and human influence and that biodiversity benchmarks are based on reference processes rather than fixed reference states. Overall, we argue that the ethical and theoretical frameworks underlying conservation research are based on macroevolutionary processes, such as extinction dynamics. Current species, phylogenetic, community, and functional conservation approaches constitute short-term responses to short-term human effects on these reference processes, and these approaches are consistent with evolutionary principles.","https://doi.org/10.1111/cobi.12876",,,,
"GA1-A-0222","These changes arise from continued human population growth, increasing purchasing power, and increasing per capita consumption. The projected effects of climate change and land use change on terrestrial and freshwater biodiversity are mostly negative, increase with the degree of global warming and land use change, and have an impact on marine biodiversity through increased eutrophication and deoxygenation of coastal waters.","In situ observations show vertical community structure of pelagic fauna in the eastern tropical North Atlantic off Cape Verde","Distribution patterns of fragile gelatinous fauna in the open ocean remain scarcely documented. Using epi-and mesopelagic video transects in the eastern tropical North Atlantic, which features a mild but intensifying midwater oxygen minimum zone (OMZ), we established one of the first regional observations of diversity and abundance of large gelatinous zooplankton. We quantified the day and night vertical distribution of 46 taxa in relation to environmental conditions. While distribution may be driven by multiple factors, abundance peaks of individual taxa were observed in the OMZ core, both above and below the OMZ, only above, or only below the OMZ whereas some taxa did not have an obvious distribution pattern. In the eastern eropical North Atlantic, OMZ expansion in the course of global climate change may detrimentally impact taxa that avoid low oxygen concentrations (Beroe, doliolids), but favour taxa that occur in the OMZ (Lilyopsis, phaeodarians, Cydippida, Colobonema, Haliscera conica and Halitrephes) as their habitat volume might increase. While future efforts need to focus on physiology and taxonomy of pelagic fauna in the study region, our study presents biodiversity and distribution data for the regional epi- and mesopelagic zones of Cape Verde providing a regional baseline to monitor how climate change may impact the largest habitat on the planet, the deep pelagic realm.","https://doi.org/10.1038/s41598-020-78255-9",,,,
"GA1-A-0069","Nature provides a broad diversity of nutritious foods, medicines and clean water","Modeling exposure risk and prevention of mercury in drinking water for artisanal-small scale gold mining communities","The goal of this study was to evaluate the age-differentiated health risks associated with exposure to mercury in drinking water from artisanal small-scale gold mining (ASGM) sites on nearby communities in Yolombo, Colombia. In 2017, nine samples were collected from a local regulatory agency to report mercury concentrations in locations near mining sites. We performed a risk assessment to find 100% of the water samples collected downstream of mining sites exceed Hazard Quotient (HQ) risk thresholds (set by the US-Environmental Protection Agency and Health Canada). HQ model, coupled with global sensitivity and uncertainty analysis (GSUA), was used to conclude infants as the most vulnerable, with 50% of the population exceeding HQ thresholds. Length of exposure was the most significant input that contributed to risk variance, explaining 30-55% of risk across all age groups. Monte-Carlo filtering was used to identify effective strategies to reduce the number of individuals exceeding allowable HQ thresholds. After Monte-Carlo filtering intervention strategies, all individuals are below HQ thresholds. This work shows the importance of combining risk assessment tools with sensor data to inform the need for filters, stakeholder education, and alternative mining approaches to gain a multi-perspective risk approach. This work provides a valuable risk and decision modeling methodology and baseline information to gain a deeper understanding of the probability of experiencing detrimental health effects from water contamination in ASGM communities.","https://doi.org/10.1080/10807039.2020.1855576",,,,
"GA1-A-0203","Economic instruments that may be harmful to nature include subsidies, financial transfers, subsidized credit, tax abatements, and prices for commodities and industrial goods that hide environmental and social costs. Such instruments favour unsustainable production and, as a consequence, can promote deforestation, overfishing, urban sprawl, and wasteful uses of water. In 2015, agricultural support potentially harmful to nature amounted to $100 billion in countries belonging to the Organization for Economic Cooperation and Development, although some subsidy reforms to reduce unsustainable pesticide uses and adjust several other consequential development practices have been introduced","The Dynamics of Sasi Laut Practices amidst Local Economic and Political Transformations","This study aims to explain the impact of socio-economic transformation, local political dynamics, and external pressures on the practice of sasi laut in Noloth Village. Data obtained using in-depth interview techniques, literature studies, and observations. The analysis and discussion is done descriptively. The results showed that there were three main things that influenced the practice of sasi laut, namely: the integration of valuable fishery products such as lola, sea cucumbers, and lobsters into the market system had changed the institution of sasi laut from the traditional system to the auction mechanism to the capital owners. While the sustainability of valuable coastal resources is threatened under transfer rights to capital owners who have unlimited resource use motives. On the other hand, sasi laut is under local political pressure between the village elite to take economic benefits. In the end, the practice of sasi laut in Noloth Village has experienced a shift in values from cultural contexts to economic reasoning through the integration of fisheries commodities into the market system. The impact of the transformation of sasi laut practices into its own discourse is related to two fundamental questions of indigenous community-based resource management, namely strengthening traditions and conservation of coastal resources.","https://doi.org/10.22500/sodality.v7i2.27165",,,,
"GA1-A-0007","Nature can help to regulate disease and the immune system.","Gut Microbiota Profiles and Microbial-Based Therapies in Post-operative Crohn's Disease: A Systematic Review","Background and Aims: Gut microbiota recolonization after intestinal resection had been reported to be associated with post-operative recurrence in Crohn's disease (CD). However, the results of different studies are inconsistent and even contradictory. In addition, knowledge on the efficacy of microbial-based therapies in preventing post-operative recurrence of CD is limited. Therefore, the aim of this review was to investigate gut microbiota profiles in patients with CD before and after surgery and evaluate microbial-based therapies in preventing post-operative recurrence. Methods: Electronic databases were searched from inception to 31 June 2020 using predefined terms. Studies that investigated gut microbiota pre- and post-intestinal resection, and microbial-based therapies in preventing post-operative recurrence, were eligible. Study quality was assessed using either the Newcastle–Ottawa scale or Jadad scoring system. Results: Twelve studies investigating gut microbiota of CD patients suffering from operation, and other 12 studies evaluating the efficacy of antibiotics and probiotics, were included in our review. The mucosa-associated microbiota in surgical biopsy of CD patients is significantly distinct from that in normal mucosa from healthy subjects. Gut microbiota recolonization following surgery might be associated with post-operative recurrence in CD patients. Furthermore, CD patients with post-operative recurrence presented a gain in pro-inflammatory pathogenic bacteria and a loss in short-chain fatty acid-producing bacteria before and after surgery. However, no consistent bacteria or metabolites were found to predict the post-operative recurrence of CD. Additionally, microbial-based therapies are deficient and present restricted widespread clinical utility due to several deficiencies. Conclusion: Recurrence-associated bacteria observed pre- and post- operation might be promising in preventing the post-operative recurrence of CD. Furthermore, potential microbe biomarkers for predicting subsequent disease recurrence should be validated with larger sample sizes using more rigorous and standardized methodologies.","https://doi.org/10.3389/fmed.2020.615858",,,,
"GA1-A-0017","Nature provides a broad diversity of nutritious foods, medicines and clean water","In-vitro anti-malarial activity of Chikadoma plant from the rainforest of Southern Nigeria","Background: Malaria remains a life-threatening tropical disease. Due to the development of resistance to the commonly available orthodox antimalarials which of course, poses a great challenge in malaria-controlling-program, alternative and complementary approach becomes imperative thereby making phytotherapy a research focus. Objectives: To investigate the effect of chikadoma plant using its methanol leaf extract against a plasmodium-mediated tropical disease, malaria. Materials and Methods: The culture samples of Plasmodium (P.) falciparum from 20 symptomatic adult outpatients were used in the antimalarial in-vitro test. For cultivation of P. falciparum, the culture medium employed was Roswell Park Memorial Institute (RPMI) 1640. Optical microscopy was used for parasite quantification in the performance of antiplasmodial in-vitro assays. The leaf extract of chikadoma dissolved in dimethylsulphoxide (DMSO) was the treatment, prepared into 7 different levels of concentration (3.125, 6.25, 12.5, 25, 50, 100, and 200 mg/mL) while culture medium with the malarial parasite alone served as negative control. Micromalarial culture preceded by culture synchronized with sorbitol 5%, were divided into “control” and “treated groups”, followed by incubation in CO2 candle jar at 370C for 72 h. The percentage of parasitemia was measured 8 h, showing the activity of the extract on P. falciparum stages of proliferation. Thin blood smear from the erythrocytes layer was made and stained with 10% Giemsa for 30 mins to estimate the parasitemia. The antimalarial activity of the extract was calculated using Probit analysis by counting the 50% growth inhibition (IC50). Results: The growth of P. falciparum was inhibited by the extract on mature schizont stage; and the IC50 of the extract after 40 h incubation was 3.0 mg/mL. Conclusion: The leaf extract of chikadoma significantly has antimalarial effect in-vitro against P. falciparum. Keywords: Chikadoma; Lupinus arboreus; antimalarial activity; tropical disease; Nigeria.","https://doi.org/10.22270/jddt.v10i5.4322",,,,
"GA1-A-0094","The effects of invasive alien species are often particularly severe for the native species and assemblages on islands and in other settings with high proportions of endemic species","Abundance and Diversity of orb Spiders on 106 Bahamian Islands: Biogeography at an Intermediate Trophic Level","Catherine A. Toft, Thomas W. Schoener, Abundance and Diversity of orb Spiders on 106 Bahamian Islands: Biogeography at an Intermediate Trophic Level, Oikos, Vol. 41, No. 3, Island Ecology (Dec., 1983), pp. 411-426","https://doi.org/10.2307/3544101",,,,
"GA1-A-0109","Sea-level rise will displace close to 40 million people.","Local seed sourcing for sustainable forestry","Seed sourcing strategies are the basis for identifying genetic material meeting the requirements of future climatic conditions and social demands. Specifically, local seed sourcing has been extensively promoted, based on the expected adaptation of the populations to local conditions, but there are some limitations for the application. We analyzed Strict-sense local and Wide-sense local (based on climatic similarity) seed sourcing strategies. We determined species and genetic pools based on these strategies for 40 species and deployment zones in Spain. We also obtained the total number of seed sources and stands for these species in the EU countries. We analyzed the richness of the pools, the relationship with variables related to the use of the species in afforestation, and the availability of seed production areas approved for the production of reproductive material destined to be marketed. This study confirms the existence of extensive species and genetic local pools. Also, that the importance of these pools differs for different species, limitations being derived from the use of forest reproductive material and the existence of approved basic materials. Strategies derived from local seed sourcing approaches are the basis for the use of forest reproductive material because a large number of the species in the area considered in the study are under regulation. However, despite the extensive work done to approve basic materials, limitations based on the availability of seed production areas to provide local material for sustainable forestry are found in those species. Considering a Wide-sense local seed sourcing strategy we provide alternative pools in order to meet social demands under the actual regulations on marketing of reproductive materials.","https://doi.org/10.1371/journal.pone.0278866",,,,
"GA1-A-0124","Meeting the Sustainable Development Goals in cities and making cities resilient to climate change entails solutions that are sensitive to social, economic and ecological contexts. Integrated city-specific and landscape-level planning, nature-based solutions and built infrastructure, and responsible production and consumption can all contribute to sustainable and equitable cities and make a significant contribution to the overall climate change adaptation and mitigation effort.","Russia’s forests in a global economy: how consumption drives environmental change","The forests of Russia comprise roughly one-fifth of Earth’s total forest cover and one-quarter of its remaining “frontier” forests. The quality (i.e. natural productivity) of these forests continues to decline, however, with timber harvest a major underlying cause. Efforts to ameliorate forest degradation have been production centric, with a focus on the infusion of technology to improve manufacturing capacity, revision of the Forest code for better forest governance, and strategies to control illegal logging. However, consumption also drives forest change. Using production and trade flow data from 1946 to 2012, this paper assesses the state of Russia’s forest resources and demonstrates how sweeping changes ushered in by perestroika and globalization have forged a highly export-dependent forest sector. Once consumed internally (approx. 90% of total production), wood from Russia’s forests is now a global resource – the country annually exports approximately two-thirds of its sawnwood production. In tracking these flows through China to US urban centers, with timber becoming furniture and flooring sold in big-box stores, we demonstrate how consumption patterns affect ecosystems and socioeconomic relations in resource and manufacturing peripheries far beyond regional and national borders. The “ecological shadow” of forest change and degradation in post-Soviet Russia, therefore, is a confluence of factors related to both consumption and production: globalized shifting external market demand; the spatial fracturing of the industry; inefficient production; internal corruption; and weak forest governance. The Russian forest case provides evidence that we need to approach complex environmental (and development) issues as a coupled production–consumption dynamic. More broadly, the research is illustrative of how Russia has become embedded within the global economy through a constellation of resource flow linkages and networks.","https://doi.org/10.1080/15387216.2014.926254",,,,
"GA1-A-0058","The threat of extinction is also accelerating: in the best-studied taxonomic groups, most of the total extinction risk to species is estimated to have arisen in the past 40 years","‘Tell me where the birds have gone’ – Reconstructing historical influence of major environmental drivers on bird populations from memories of ornithologists of an older generation","Historical perspective is important to understand the mechanisms of current environmental impacts on biodiversity. It may be achieved through long-term monitoring schemes aiming to record biodiversity changes over time. However, even the monitoring of bird populations, a taxon with the broadest spatial coverage and the longest time series among all organisms, does not usually cover more than 30–50 years. It is thus possible that the population status recorded by the monitoring schemes resulted from impacts preceding the monitoring data. In European birds for example, most studies use the beginning of 1980s as a baseline, even though major environmental changes likely acted earlier and its possible that many species have already depleted populations at that time. To fill this knowledge gap, we performed a unique survey among ornithologists of an older generation who performed bird observations in the Czech Republic from 1950s or 1960s up to now. They were asked to fill in a questionnaire to record relative abundance of each species in the region of their expertise during three time periods: 1950s/1960s, 1980s, and 2010s. Comparison of relative abundance between 1950s/1960s and 1980s should reflected population change prior to the time period typically set a as baseline, whereas population change between 1980s and 2010s aimed to assess the reliability of the ornithologists’ assessment by comparison with objective atlas mapping data. As expected, ornithologists of an older generation reported major population declines between 1950s/1960s and 1980s, especially among species depending on insects in their diet corresponding with steep intensification of land use for agriculture. Species associated with wetlands increased their populations, likely due to a higher nutrient input into water bodies. Interestingly, bird populations showed opposite pattern to the currently observed climate change impact, probably due to the modest climate change over these time periods. Importantly, population change between 1980s and 2010s estimated by the ornithologists corresponded well with the change based on atlas mapping data between the same time periods. Such a high level of congruence indicates suitability of memories of older generation naturalists for inferring indicators of historical biodiversity changes. We urge for performing of such assessments in other regions and for other taxa before this source of information will be lost forever.","https://doi.org/10.1016/j.ecolind.2021.107909",,,,
"GA1-A-0215","These practices could be enhanced through well-structured regulations, incentives and subsidies, the removal of distorting subsidies and – at landscape scales – by integrated landscape planning and watershed management.","Climate Smart Agriculture for Improving Crop Production and Biodiversity Conservation: Opportunities and Challenges in the 21st Century - A Narrative Review","Climate change and agriculture are interlinked and affect each other globally. The global population continues to rise while food and nutritional insecurity remain main global challenges facing humanity. Traditional agriculture methods need transformation to climate smart agriculture (CSA) approaches that have potential to improve food production amidst climate change realities. The review aimed at evaluation of published literature on CSA, establishment of CSA linkages with national development plans for Uganda and Ethiopia, African Union Agenda 2063, UN Sustainable Development Goals and CSA contribution to biodiversity conservation across the globe. Additionally, the review aimed at identifying opportunities and challenges of CSA in the 21st Century and recommend possible options for all stakeholders for improved income, environmental conservation, and food and nutritional security. Literature search from 2000-2019 was carried out using key words and key phrases in relevant journals and authentic websites. It was found out that CSA supports three pillars: 1) Sustainably increasing agricultural productivity and incomes, 2) Adapting and building resilience to climate change, 3) Climate change mitigation and contributes to Biodiversity Conservation and management. CSA approach has potential to improves food security and farmers’ income. CSA has a vast number of opportunities that include availability of crop genetic diversity, availability of interested CSA researchers, gene banks for genome resources for CSA crop enhancement; enhanced technology for CSA practices that can be accessed by farmers and vibrant research organizations and donor agencies interested in promoting CSA approaches. CSA challenges were identified to include: limited technical and financial capacity and negative attitude from smallholder farmers. It was concluded that CSA approach is a better option for the present and centuries to come farmers across the globe for the attainment of the United Nations (UN) Sustainable Development Goals (SDGs) 2015-20130, UN Agenda 2063 and national development plants of most African countries including Uganda and Ethiopia. The review recommended that capacity building for farmers and researchers need to be done and governments and donor agencies should provide soft CSA loans to farmers to supporting CSA practices and technologies in all developing countries and the approach should be adopted by all the farmers and be promoted by all stakeholders at all levels in both the present and future centuries.","https://doi.org/10.11648/j.wros.20190805.11",,,,
"GA1-A-0225","These practices could be enhanced through well-structured regulations, incentives and subsidies, the removal of distorting subsidies and – at landscape scales – by integrated landscape planning and watershed management.","Comparing impacts of new cropping systems on biodiversity in traditional rural China","This study selected six geographically-similar villages with traditional and alternative cultivation methods (two groups of three, one traditional and two alternatives) in two counties of Henan Province, China—a representative area of the Huang-huai-hai Plain representing traditional rural China. Soil heavy metal concentrations, floral and faunal biodiversity, and socio-economic data were recorded. Heavy metal concentrations of surface soils from three sites in each village were analysed using Inductively Coupled Plasma Mass Spectrometry (ICP-MS, chromium, nickel, copper, cadmium, and lead) and Atomic Absorption Spectrophotometer (AAS, zinc). The floral biodiversity of four land-use types was recorded following the Braun-Blanquet coverage-abundance method using 0.5×0.5m quadrats. The faunal biodiversity of two representative farmland plots was recorded using 0.3×0.3m quadrats at four 0.1m layers. The socio-economic data were recorded through face-to-face interviews of one hundred randomly selected households at each village. Results demonstrate different cultivation methods lead to different impact on above variables. Traditional cultivation led to lower heavy metal concentrations; both alternative managements were associated with massive agrochemical input causing heavy metal pollution in farmlands. Floral distribution was significantly affected by village factors. Diverse cultivation supported high floral biodiversity through multi-scale heterogeneous landscapes containing niches and habitats. Faunal distribution was also significantly affected by village factor nested within soil depth. Different faunal groups responded differently, with Acari being taxonomically diverse and Collembola high in densities. Increase in manual labour and crop number in villages using alternative cultivation may positively affect biodiversity. The results point to the conservation potential of diverse cultivation methods in traditional rural China and other regions under social and political reforms, where traditional agriculture is changing to unified, large-scale mechanized agriculture. This study serves as a baseline for conservation in small-holding agricultural areas of China, and points to the necessity of further studies at larger and longer scales.",,,,,
"GA1-A-0077","Many drivers add already widespread species to ecological communities in many places; and many drivers cause endemic species to decline in many places. These two processes have contributed to the widespread erosion of differences between ecological communities in different places, a phenomenon known as biotic homogenization or the ""anthropogenic blender""","Impacts of climate changes on spatio-temporal diversity patterns of Atlantic Forest primates","Changes in Earth's climatic conditions may affect the geographic distributions of species causing variations in diversity patterns through space and time. Projections of species distributions over time can measure how future climate scenarios will affect communities. We investigated how climate changes scenarios will influence primate biodiversity patterns in the Atlantic Forest. Specifically: (i) where are the largest changes in species richness expected? (ii) the spatial pattern of beta diversity will undergo homogenisation or heterogenisation? and (iii) where will occur the major changes in temporal beta diversity? We generated current and future species distribution models for Brazilian Atlantic Forest primates. We analysed the changes in the spatio-temporal patterns of alpha and beta diversity. Current high richness patterns will be maintained in future scenarios, with richer areas concentrated in the coastal zones. Regions closer to Cerrado will face a reduction in primate richness. Changes in richness will occur predominantly due to species loss. Communities will be more spatially heterogeneous in the future, with increased beta diversity. The heterogenisation may be driven by the reduction of species geographic distributions. The highest temporal changes will occur mainly in the midwest and the central region of the biome. Climate changes will cause primates diversity changes in both space and time. These changes will not be homogeneous through the Atlantic Forest. Our study is informative at a large spatial scale, providing an outlook on the impact of climate change on primate diversity, and indicating places of primates’ biodiversity maintenance, loss or gain due to climate change.","https://doi.org/10.1016/j.pecon.2019.04.004",,,,
"GA1-A-0143","However, given that most urban growth between now and 2030 will take place in the Global South, major sustainability challenges include creatively and inclusively addressing the lack of basic infrastructure (water, sanitation and mobility), the absence of spatial planning, and the limited governance capacity and financing mechanisms. Those challenges also offer opportunities for locally-developed innovation and experimentation, which will create new economic opportunities. A combination of bottom-up and city-level efforts through public, private, community and Government partnerships, can be effective in promoting low-cost and locally-adapted solutions to maintaining and restoring biodiversity and ecosystem functions and services. Nature-based options include combining grey and green infrastructure (such as wetland and watershed restoration and green roofs), enhancing green spaces through restoration and expansion, promoting urban gardens, maintaining and designing for ecological connectivity, and promoting accessibility for all (with benefits for human health). Additional solutions include disseminating new, low-cost technologies for decentralized wastewater treatment and energy production and creating incentives to reduce over-consumption","Measurement and evaluation of suitable ecological land based on the minimum cumulative resistance model: A case study in Shanghai, China","Driven by rapid urbanization in China, land use change has become one of the most significant factors influencing the provision of ecosystem services. The conversion of ecological land, especially cropland, to the built-up area is the most significant change in the process of urbanization. Measuring the quantity and pattern optimization of urban ecological land is critical to guaranteeing urban ecological security and realizing urban sustainable development. In this study, the Chinese city of Shanghai, a very famous and important megacity in China, was selected as the case study to explore the land use changes from 1995 to 2017 and calculate the suitable amount of ecological land to meet the needs of socioeconomic development of Shanghai. Remote sensing and GIS-based techniques were used to map spatial distribution and changes in ecological land from 1995 to 2017. Results showed a continuing spatial expansion of the built-up area and decline in the ecological land. From 1995 to 2017, the proportion of ecological land in Shanghai dropped from 84.41% to 59.15%. Also we applied the minimum cumulative resistance model (MCRM) to calculate the amount of ecological land for Shanghai. Considering the potential source of ecological land and comparing the current land use status with the model simulation results, we proposed the suitable ecological land area for Shanghai should be no less than 3487.6km 2 , which is 51.2% of the total area of Shanghai, and is mainly distributed in Chongming County, Changxing Iland, Hengsha Iland and Jiuduan Iland. Our findings suggested that optimal land use strategies should be implemented in the urban construction process. For urban ecological land, further positive protection measures should be implemented. For ecotones between urban built up the area and ecological land, protection should be given priority and spatial expansion of built up area should be strictly controlled. For built up area, reasonable land use intensity should be kept to improve the land use efficiency.","https://doi.org/10.1088/1755-1315/227/6/062041",,,,
"GA1-A-0098","Nature is the origin of most infectious diseases (negative impact), but also the source of medicines and antibiotics for treatment (positive contribution)","The Role of Psychoneuroimmunology in Mental Health Disorders","The chapter provides a comprehensive overview of psychoneuroimmunology (PNI), detailing the interactions between psychological processes, the nervous system, and the immune system in relation to mental health disorders. It discusses how psychological stress can affect immune function, leading to altered neurotransmitter function and contributing to conditions like anxiety, depression, and schizophrenia. The chapter also explores the influence of gut microbiota on the immune system and brain function and emphasizes the therapeutic implications of understanding PNI pathways for developing innovative and potentially life-changing treatments for mental health disorders. Overall, the chapter highlights the interconnected pathways of the nervous, endocrine, and immune systems and advocates for a holistic approach to mental health care.","https://doi.org/10.4018/979-8-3693-7432-0.ch008",,,,
"GA1-A-0176","Large reductions and local extinctions of populations are widespread","Diversity of Amphibians and Reptiles in Conserved Forests and Disturbed Areas: A Comparison in Southern Mexico","Increasingly, conserved forests have become disturbed areas due to activities such as agriculture and livestock grazing. Landscape transformation leads to changes in biodiversity. Therefore, in this study, we compared the diversity of amphibians and reptiles in conserved areas (pine forest, oak-pine forest, and pine-oak forest) and disturbed areas in the Mixteca Oaxaqueña, southern Mexico. Fieldwork was conducted between July 2016 and June 2017, covering both the rainy and dry seasons. A total of eight amphibian species included in 5 families and 6 genera and 28 reptile species were recorded, distributed across 11 families and 21 genera. The pine-oak forest and the disturbed area exhibited the highest species richness of herpetofaunal, with 22 species each (4 amphibians and 18 reptiles), and were the most similar to each other with 14 species in common. Twelve amphibian and reptile species are classified in some risk category according to national and international standards. Twelve amphibian and reptile species are classified in some risk category according to national and international standards. The minimal difference in diversity observed in disturbed areas compared to that in pine forest and pine-oak forest suggests that the impact of changes in vegetation cover on amphibian and reptile diversity is relatively minor and not severe. However, the presence of 22 species in the disturbed areas (nine species considered in the risk category by Mexican environmental legislation) highlights the importance of implementing restoration strategies and monitoring the species that persist in disturbed areas. This study represents a significant contribution to the knowledge of amphibians and reptiles in both conserved and disturbed areas in the Mixteca Oaxaqueña, a region with limited available information on this biological group.","https://doi.org/10.3390/d17030141",,,,
"GA1-A-0055","Nature provides a broad diversity of nutritious foods, medicines and clean water","Global marine yield halved as fishing intensity redoubles","Abstract There is widespread concern and debate about the state of global marine resources and the ecosystems supporting them, notably global fisheries, as catches now generally stagnate or decline. Many fisheries are not assessed by standard stock assessment methods including many in the world's most biodiverse areas. Though simpler methods using widely available catch data are available, these are often discounted largely because data on fishing effort that contributed to the changes in catches are mostly not considered. We analyse spatial and temporal patterns of global fishing effort and its relationship with catch to assess the status of the world's fisheries. The study reveals that fleets now fish all of the world's oceans and have increased in power by an average of 10‐fold (25‐fold for Asia) since the 1950s. Significantly, for the equivalent fishing power expended, landings from global fisheries are now half what they were a half‐century ago, indicating profound changes to supporting marine environments. This study provides another dimension to understand the global status of fisheries.","https://doi.org/10.1111/j.1467-2979.2012.00483.x",,,,
"GA1-A-0045","In contrast, substantial increases in food, feed, timber and bioenergy production are predicted in most scenarios","Assessing the Impacts of Land-Use Zoning Decisions on the Supply of Forest Ecosystem Services","Research Highlights: The informed decisions on land use require assessment of the impacts of these decisions on the supply of different ecosystem services. Background and Objectives: Scenario modeling can be used to provide harmonized and quantitative information on the impacts of various zoning decisions on the provision of various ecosystem services. In this study, we explored the effects of land-use zoning decisions on the provision of roundwood and energy wood, carbon stock of living tree components, berry yields, scenic beauty and recreation. Materials and Methods: Three alternative forest scenarios were formulated in terms of restrictions on forest management for already established land-use zones by the provinces in Finland. These data were integrated with the National Forest Inventory (NFI) plot data for forest dynamics modeling. Results: In Finland, 9% of the forest land was protected and 9% was under restricted forest management due to legislative decisions, forest owners’ decisions, or regional land use plans in 2016. These established zoning decisions resulted in an estimated 17% smaller roundwood and energy wood removals per year in 2016–2025 compared to the estimated wood removals in the scenario without any restrictions. The decrease in annual gross stumpage earnings was EUR 775 million per year. The carbon stock of living tree components in 2025 was 12% larger than in the scenario without any restrictions. Bilberry yield increased due to the restrictions considered in our study, while the restrictions had only a slight effect on cowberry yield at province and country levels. The restrictions increased the recreation value, particularly in Lapland, but only slightly affected scenic beauty at province and country levels. Conclusions: Scenario analyses support informed decision making and the balancing of different forest uses. Harmonized translation of restrictions and the use of standard indicators to model the impacts also support comparisons between the regions.","https://doi.org/10.3390/f11090931",,,,
"GA1-A-0093","Many of nature's contributions to people are essential for human health and their decline thus threatens a good quality of life.","Effects of plasticizer diisobutyl adipate on the Japanese medaka ( Oryzias latipes ) endocrine system","Plasticizer pollution of the water environment is one of the world's most serious environmental issues. Phthalate plasticizers can disrupt endocrine function in vertebrates. Therefore, this study analyzed thyroid-related, reproduction-related, and estrogen-responsive genes in Japanese medaka (Oryzias latipes) to determine whether non-phthalate diisobutyl adipate (DIBA) plasticizer could affect endocrine hormone activity or not. Developmental toxicity during fish embryogenesis was also evaluated. At a concentration of 11.57 mg/l, embryonic exposure to DIBA increased the mortality rate. Although abnormal development, including body curvature, edema, and lack of swim bladder inflation, was observed at 3.54 and 11.57 mg/l DIBA, growth inhibition and reduced swimming performance were also observed. In addition, DIBA exposure increased the levels of thyroid-stimulating hormone beta-subunit (tshβ) and deiodinase 1 (dio1) but decreased the levels of thyroid hormone receptor alpha (trα) and beta (trβ). These results suggest that DIBA has thyroid hormone-disrupting activities in fish. However, kisspeptin (kiss1 and kiss2), gonadotropin-releasing hormone (gnrh1), follicle-stimulating hormone beta (fshβ), luteinizing hormone beta (lhβ), choriogenin H (chgH), and vitellogenin (vtg1) expression did not change dose-dependently in response to DIBA exposure, whereas gnrh2 and vtg2 expression was elevated. These results indicate that DIBA has low estrogenic activity and does not disrupt the endocrine reproduction system in fish. Overall, this is the first report indicating that non-phthalate DIBA plasticizer is embryotoxic and disrupt thyroid hormone activity in fish.","https://doi.org/10.1002/jat.4437",,,,
"GA1-A-0003","Population declines often give warning that a species' risk of extinction is increasing. The Living Planet Index, which synthesises trends in vertebrate populations, shows that species have declined rapidly since 1970, with reductions of 40 per cent for terrestrial species, 84 per cent for freshwater species and 35 per cent for marine species","A comprehensive large‐scale assessment of fisheries bycatch risk to threatened seabird populations","Abstract Incidental mortality (bycatch) in fisheries remains the greatest threat to many large marine vertebrates and is a major barrier to fisheries sustainability. Robust assessments of bycatch risk are crucial for informing effective mitigation strategies, but are hampered by missing information on the distributions of key life‐history stages (adult breeders and non‐breeders, immatures and juveniles). Using a comprehensive biologging dataset (1,692 tracks, 788 individuals) spanning all major life‐history stages, we assessed spatial overlap of four threatened seabird populations from South Georgia, with longline and trawl fisheries in the Southern Ocean. We generated monthly population‐level distributions, weighting each life‐history stage according to population age structure based on demographic models. Specifically, we determined where and when birds were at greatest potential bycatch risk, and from which fleets. Overlap with both pelagic and demersal longline fisheries was highest for black‐browed albatrosses, then white‐chinned petrels, wandering and grey‐headed albatrosses, whereas overlap with trawl fisheries was highest for white‐chinned petrels. Hotspots of fisheries overlap occurred in all major ocean basins, but particularly the south‐east and south‐west Atlantic Ocean (longline and trawl) and south‐west Indian Ocean (pelagic longline). Overlap was greatest with pelagic longline fleets in May–September, when fishing effort south of 25°S is highest, and with demersal and trawl fisheries in January–June. Overlap scores were dominated by particular fleets: pelagic longline—Japan, Taiwan; demersal longline and trawl—Argentina, Namibia, Falklands, South Africa; demersal longline—Convention for Conservation of Antarctic Marine Living Resources (CCAMLR) waters, Chile, New Zealand. Synthesis and applications. We provide a framework for calculating appropriately weighted population‐level distributions from biologging data, which we recommend for future fisheries bycatch risk assessments. Many regions of high spatial overlap corresponded with high seabird bycatch rates recorded by on‐board observers, indicating that our approach reliably mapped relative bycatch risk at large spatial scales. Implementation of effective bycatch mitigation in these high‐risk regions varies considerably. Although potential bycatch risk appears to have decreased since the early 2000s, albatross and petrel populations from South Georgia and elsewhere are still declining, emphasizing the need for much improved observer coverage and monitoring of compliance with bycatch regulations.","https://doi.org/10.1111/1365-2664.13407",,,,
"GA1-A-0210","Even though human-dominated landscapes are sometimes species-rich, their species composition is markedly altered from that in natural landscapes","Subsistence Hunting with Mixed-Breed Dogs Reduces Hunting Pressure on Sensitive Amazonian Game Species in Protected Areas","Summary Hunting is a major threat to wildlife, and the use of dogs for subsistence hunting may significantly impact wildlife. I assessed the impacts of hunting with dogs by comparing the assemblages of species hunted by the Huni Kuin with and without dogs in indigenous lands in southwestern Brazilian Amazonia. I also assessed whether Huni Kuin agreements on hunting with dogs can be effective for conservation. Huni Kuin hunters with dogs rely on a different assemblage of prey than those without dogs; the former strategy targets mainly fast-reproducing, resilient species, whereas the latter method kills several sensitive or threatened species. Hunting with dogs is also limited to disturbed mixed landscapes near villages because the dogs are used to protect crops and are not allowed into forests in order to prevent them from becoming lost. Additionally, compared to hunting without dogs, hunting with dogs results in an equivalent amount of meat with the use of less effort and ammunition. Moreover, hunting with dogs is not associated with an increase in the distance of prey from villages. Therefore, there is no conservation-related reason to prohibit hunting with mixed-breed dogs in subsistence communities. Nevertheless, community agreements mediate local conflicts caused by the social inequalities related to hunting with dogs.","https://doi.org/10.1017/s0376892918000322",,,,
"GA1-A-0115","Human-driven changes in species diversity within local ecological communities vary widely, depending on the net balance between species loss and the influx of alien species, disturbance-tolerant species, other human-adapted species or climate migrant species","Nested subsets, scale, and the distribution of abundance: A macroecological approach","While the canonical nested subset pattern suggests that less species-rich areas will contain a proper subset of the species observed in richer areas, actual data sets do not show perfect nestedness; however, they show a pattern with more structure than would be expected by chance. Biological processes like immigration and extinction have traditionally been thought to produce the nested subset pattern. These processes acting indirectly could cause variation in the distribution and abundance of species that could produce nestedness at a variety of scales. Determining at what scales the pattern is observed might allow inference of processes that are more likely to be acting at those levels. My hypotheses were 1) species will be observed at more sites in the matrix when the matrix is constructed from sites in the center of the geographic range and fewer sites when the matrix is constructed from sites near the edge of the geographic range, 2) the matrix will be nested when sorted by incidence or abundance, 3) nestedness will be observed at intermediate scales, but not at the smallest or largest scales, and 4) the most species-rich site within the matrix will be the site of first occurrence for species. I used the 2003 North American Breeding Bird Survey data set (BBS) for the conterminous United States to construct the matrices used in analysis. An evenly spaced grid was used in a stratified sampling design to identify seed points. The geographic extent of analysis started within the route closest to the seed point and increased to include routes from multiple seed points. Two data matrices were constructed for each seed point at each scale; one sorted by incidence, and one sorted by total abundance of species as the independent variable. Due to limitations of existing software, I wrote a new program called Cudgel to test my hypotheses. Cudgel has the ability to sort the matrix by abundance or other independent variables. The metric N0, which calculates the number of unexpected absences, and null model Random 1, which preserves species presences while allowing presences to vary across sites, was used to calculate nestedness. The number of randomizations performed during the Monte Carlo simulation was 10,000. My results did not support the hypothesis that species will be observed at more sites in the matrix when the matrix is created from sites in the center of the geographic range. I did observe a significant correlation between incidence and abundance, with significant matrices showing a greater correlation (t = 2.976, df = 231, p = 0.003). Through graphical analysis, I determined that significance increased with increasing scale, but the metric values were lowest at intermediate spatial extents. While the species with the highest incidence were present at the most species-rich site first, species with low incidence showed greater variability in the site of first occurrence. Because there was a relationship between incidence and abundance, it is possible that the nested subset pattern could be caused by distribution and abundance. If the nested subset pattern is caused by distribution and abundance, research should be focused on the factors that are producing the observed variation in distribution and abundance.","https://doi.org/10.58809/hndq9275",,,,
"GA1-A-0220","Marine ecosystems, from coastal to deep sea, now show the influence of human actions, with coastal marine ecosystems showing both large historical losses of extent and condition as well as rapid ongoing declines.","Cascade effects of seafloor litter on benthic ecosystems in the northern Yellow Sea","The accumulation of seafloor litter changes the habitats of benthic organisms and thus affects their spatial distribution. Previous studies suggested that the accumulation of seafloor litter might contribute to the bloom of Metridium senile fimbriatum, given that seafloor litter could serve as “vectors” for M. senile dispersal and provide with “natural habitat” for their settlement. As a common fouler and invader, M. senile bloom will inevitably affect the benthic ecosystems. The cascading effects of seafloor litter on benthic ecosystems can be explored by studying the interactions between this litter-associated anemone and other co-occurred species. Therefore, this study uses stable isotope analysis to study the food composition of M. senile attached to the seafloor litter and the niche relationship with co-occurred species. First, by comparing the stable isotope ratios of the pedal disc and tentacle of M. senile, it was found that the δ15N of the foot disc is more stable than that of the tentacle, so the pedal disc was chosen as the sampling tissue. The mean δ13C value of M. senile was -19.34 ± 0.86‰, which ranged from -22.30‰ to -18.17‰. For δ15N, the mean value was 12.02 ± 0.95‰, which ranged from 9.22‰ to 13.31‰. Then, we quantified the contribution of the potential food resources of M. senile using the SIMMR model. M. senile has the highest feeding proportion to crustaceans, followed by juvenile fish, zooplankton and other macrobenthos. Meanwhile, M. senile has high uncertainty in the feeding proportion of crustaceans and juvenile fish. In addition, the trophic niche overlap between different functional groups was calculated by the SIBER model, and the results showed that the isotopic niche of M. senile was overlapped with different functional groups, ranging from 34.29 to 35.25%. Therefore, this study suggests that M. senile, as litter-associated carnivorous anemone, interacts with other components in the ecosystems through predation and competition, which also reveals the cascade effect of seafloor litter on the benthic ecosystems of the northern Yellow Sea.","https://doi.org/10.3389/fmars.2022.1044232",,,,
"GA1-A-0228","Transformative change is facilitated by innovative governance approaches that incorporate existing approaches, such as integrative, inclusive, informed and adaptive governance. While such approaches have been extensively practised and studied separately, it is increasingly recognized that together, they can contribute to transformative change","Transformative Emergence: Research Challenges for Enabling Social-ecological Tipping Points Toward Regional Sustainability Transformations","Abstract A crucial task to accelerate global decarbonisation is to understand how to enable fast, equitable, low-carbon transformations in Coal and Carbon Intensive Regions (CCIRs). In this early literature review we underlined the relevance of the boundary concept of social-ecological tipping points (SETPs) and showed that the research and policy usage of SETPs applied to accelerate structural regional sustainability transformations faces three key challenges: (I) integrating theoretical and empirical contributions from diverse social and ecological sciences, together with complexity theory (II) designing open transdisciplinary assessment processes able to represent multiple qualities of systemic change and enable regionally situated transformative capacities, and (III) moving away from one-directional metaphors of social change, or static or homogeneous conceptions of individual agency and single equilibrium in energy transitions; and instead, focus on understanding the conditions and capacities for the emergence of systemic transformations and regenerative processes across multiple levels and forms of agency. We refer to these complex and place-situated processes as learning to enable regional transformative emergence.","https://doi.org/10.1007/978-3-031-50762-5_16",,,,
"GA1-A-0038","Climate change is already having an impact on nature, from genes to ecosystems. It poses a growing risk owing to the accelerated pace of change and interactions with other direct drivers","Seasonal snow cover patterns explain alpine treeline elevation better than temperature at regional scale","Unprecedented modern rates of warming are expected to advance alpine treelines to higher elevations, but global evidence suggests that current treeline dynamics are influenced by a variety of factors. Seasonal snow cover has an essential impact on tree recruitment and growth in alpine regions, which may in turn influence current treeline elevation; however, little research has been conducted on its role in regional treeline formation. Based on 11,804 treeline locations in the eastern Himalayas, we extracted elevation, climate, and topographic data for treeline and snowline. Specifically, we used linear and structural equation modelling to assess the relationship between these environmental factors and treeline elevation, and the climate-snow-treeline interaction mechanism. The results showed that the treeline elevation increased with summer temperature and permanent or seasonal snowline elevation, but decreased with snow cover days and spring temperature at the treeline positions (P ​< ​0.001). Importantly, spring snowline elevation (33.4%) and seasonal snow cover days (21.1%) contributed the most to treeline elevation, outperforming the permanent snowline, temperature, precipitation, and light. Our results support the assertion that the temperature-moisture interaction affects treeline elevation in the eastern Himalayas, but we also found that the effects were strongly mediated by seasonal snow cover patterns. The increasing tendency of snow cover governed by climate humidification observed in the eastern Himalayas, is likely to limit future treeline advancement and may even cause treeline decline due to the mortality of the remaining old trees. Together, our findings highlight the role of seasonal snow cover patterns in determining treeline elevation in the eastern Himalayas, which should be considered when assessing the potential for treeline ascent in snow-mediated alpine systems elsewhere.","https://doi.org/10.1016/j.fecs.2023.100106",,,,
"GA1-A-0126","Many of nature's contributions to people are essential for human health and their decline thus threatens a good quality of life.","Consumption of Rice Bran Increases Mucosal Immunoglobulin A Concentrations and Numbers of Intestinal Lactobacillus spp.","Gut-associated lymphoid tissue maintains mucosal homeostasis by combating pathogens and inducing a state of hyporesponsiveness to food antigens and commensal bacteria. Dietary modulation of the intestinal immune environment represents a novel approach for enhancing protective responses against pathogens and inflammatory diseases. Dietary rice bran consists of bioactive components with disease-fighting properties. Therefore, we conducted a study to determine the effects of whole dietary rice bran intake on mucosal immune responses and beneficial gut microbes. Mice were fed a 10% rice bran diet for 28 days. Serum and fecal samples were collected throughout the study to assess total immunoglobulin A (IgA) concentrations. Tissue samples were collected for cellular immune phenotype analysis, and concentrations of native gut Lactobacillus spp. were enumerated in the fecal samples. We found that dietary rice bran induced an increase in total IgA locally and systemically. In addition, B lymphocytes in the Peyer's patches of mice fed rice bran displayed increased surface IgA expression compared with lymphocytes from control mice. Antigen-presenting cells were also influenced by rice bran, with a significant increase in myeloid dendritic cells residing in the lamina propria and mesenteric lymph nodes. Increased colonization of native Lactobacillus was observed in rice bran-fed mice compared with control mice. These findings suggest that rice bran-induced microbial changes may contribute to enhanced mucosal IgA responses, and we conclude that increased rice bran consumption represents a promising dietary intervention to modulate mucosal immunity for protection against enteric infections and induction of beneficial gut bacteria.","https://doi.org/10.1089/jmf.2011.0213",,,,
"GA1-A-0180","More generally, human-made replacements often do not provide the full range of benefits provided by nature","Screening the Potential f Fungal Derived Bioherbicide in Weed Management","Synthetic herbicides have long been a cornerstone of modern agriculture, providing effective weed control but often at significant environmental and health costs. These chemicals can persist in the environment, leach into groundwater, and harm non-target organisms, including humans. Additionally, the overuse of synthetic herbicides has led to the development of herbicide-resistant weeds, further complicating weed management strategies. In response to these challenges, researchers and farmers alike are increasingly turning to bioherbicides derived from fungi as a sustainable alternative. Fungal bioherbicides harness the natural antagonistic properties of fungi to target weeds. Unlike synthetic herbicides, which are chemically synthesized and often broad-spectrum in action, fungal bioherbicides utilize either the fungi themselves as pathogens or their metabolites to disrupt weed growth. This approach offers several distinct advantages:Target Specificity: Fungal bioherbicides can be highly specific to certain weed species or even to specific stages of weed growth. This specificity reduces collateral damage to non-target plants and organisms, making them particularly suitable for environmentally sensitive areas such as organic farms, riparian zones, and protected ecosystems. Environmental Friendliness: Unlike synthetic herbicides that can persist in the environment and accumulate in soil and water bodies, fungal bioherbicides generally have lower persistence. They degrade more rapidly and often have minimal impact on non-target organisms, thereby preserving biodiversity and ecosystem health. Reduced Risk of Resistance: Synthetic herbicides often face the challenge of herbicide-resistant weeds, which evolve due to continuous and widespread use. Fungal bioherbicides, by contrast, pose a lower risk of resistance development. This is because they typically act through multiple modes of action or biochemical pathways within the weed, making it harder for weeds to develop resistance mechanisms. Research into fungal-derived bioherbicides is actively exploring and harnessing these advantages. Scientists are screening diverse fungal species to identify potent pathogens or metabolites that effectively inhibit weed growth. Moreover, advances in biotechnology and genetic engineering allow for the enhancement of fungal strains to optimize their bioherbicidal properties while ensuring safety and efficacy. One promising example is the use of fungal pathogens like Phomamacrostoma and Colletotrichum truncatum, which have demonstrated efficacy against various weed species including common agricultural weeds like velvetleaf and pigweed. These fungi infect weeds through mechanisms such as spore attachment, penetration of plant tissues, and secretion of phytotoxic metabolites that inhibit weed growth. In addition to their direct impact on weed management, fungal bioherbicides contribute to sustainable agricultural practices by reducing reliance on synthetic chemicals. They align with principles of integrated pest management (IPM) by offering a biological control method that complements cultural and mechanical weed control strategies. Moving forward, continued research and development efforts are essential to refine fungal bioherbicides, optimize application techniques, and expand their practical use in diverse agricultural settings. Challenges such as formulation stability, cost-effectiveness, and regulatory approvals also need to be addressed to facilitate widespread adoption by farmers.","https://doi.org/10.48175/ijarsct-15586n",,,,
"GA1-A-0044","National agencies have also promoted land management strategies that are more sustainable and introduced regulations, among other policy measures","Local knowledge in community-based approaches to medicinal plant conservation: lessons from India","BACKGROUND: Community-based approaches to conservation of natural resources, in particular medicinal plants, have attracted attention of governments, non governmental organizations and international funding agencies. This paper highlights the community-based approaches used by an Indian NGO, the Rural Communes Medicinal Plant Conservation Centre (RCMPCC). The RCMPCC recognized and legitimized the role of local medicinal knowledge along with other knowledge systems to a wider audience, i.e. higher levels of government. METHODS: Besides a review of relevant literature, the research used a variety of qualitative techniques, such as semi-structured, in-depth interviews and participant observations in one of the project sites of RCMPCC. RESULTS: The review of local medicinal plant knowledge systems reveals that even though medicinal plants and associated knowledge systems (particularly local knowledge) are gaining wider recognition at the global level, the efforts to recognize and promote the un-codified folk systems of medicinal knowledge are still inadequate. In country like India, such neglect is evident through the lack of legal recognition and supporting policies. On the other hand, community-based approaches like local healers' workshops or village biologist programs implemented by RCMPCC are useful in combining both local (folk and codified) and formal systems of medicine. CONCLUSION: Despite the high reliance on the local medicinal knowledge systems for health needs in India, the formal policies and national support structures are inadequate for traditional systems of medicine and almost absent for folk medicine. On the other hand, NGOs like the RCMPCC have demonstrated that community-based and local approaches such as local healer's workshops and village biologist program can synergistically forge linkages between local knowledge with the formal sciences (in this case botany and ecology) and generate positive impacts at various levels.","https://doi.org/10.1186/1746-4269-2-20",,,,
"GA1-A-0170","For example, species that are large, grow slowly, are habitat specialists or are carnivores – such as great apes, tropical hardwood trees, sharks and big cats – are disappearing from many areas. Many other species, including those with opposite characteristics, are becoming more abundant locally and are spreading quickly around the world; across a set of 21 countries with detailed records, the numbers of invasive alien species per country have risen by some 70 per cent since 1970","Co‐occurrence of high densities of brown hyena and spotted hyena in central Tuli, Botswana","Abstract Large carnivore populations are declining worldwide due to anthropogenic causes such as habitat loss and human expansion into wild areas. Competition between large carnivores can exacerbate this decline. While brown hyenaParahyaena brunneaand spotted hyenaCrocuta crocutabelong to the same family, they are rarely found in the same area or co‐occur at low densities as spotted hyena are known to exclude brown hyena. In Central Tuli, Botswana, however, brown hyena and spotted hyena are both found at high densities. We undertook a camera trap survey in this area to estimate the densities of both species, and to examine temporal overlap and co‐detection patterns of brown and spotted hyena. Estimated population densities based on spatial capture–recapture models were 10.5 ± 1.9/100 km2for brown hyena and 14.9 ± 2.2/100 km2for spotted hyena. These population densities are among the highest reported estimates in southern Africa. Strong temporal overlap was found between brown and spotted hyena, while there was no decrease in detection rate of brown hyena at camera sites where spotted hyena were also detected, which indicates that both hyena species did not tend to avoid encounters. Although both species compete for the same prey, we suggest as possible explanations that prey densities are high and that competition does not significantly negatively impact brown hyena, because brown hyena is a scavenger whereas spotted hyena scavenge and kill prey. With the found high densities of both carnivores, this study adds to the known variation in composition of existing large carnivore communities and suggests testable explanations for these densities.","https://doi.org/10.1111/jzo.12873",,,,
"GA1-A-0190","National agencies have also promoted land management strategies that are more sustainable and introduced regulations, among other policy measures","Socioeconomic factors that lead to overfishing in small-scale coral reef fisheries of Papua New Guinea","The coral reefs of Papua New Guinea are among the most species diverse in the world, support an important artisanal fishery, but lack an effective national conservation programme. Increased commercialization, population growth, promotion of fisheries development projects, and the live reef food fish trade are expected to increase demand for the country's reef fish. This paper examines how socioeconomic factors affect the condition of the artisanal multi-species coral reef fishery in six sites in Papua New Guinea. Catch characteristics such as diversity, trophic level and body size by landing site were examined along a fishing pressure gradient. Both exogenous factors such as markets and endogenous factors such as fishing pressure were related to the condition of fish catch. In general, the trophic level and lengths of fish captured in Papua New Guinea were relatively high, but were reduced on reefs with high fishing effort near fish markets. Fisheries showed signs of depletion above c. 25 fishing trips per km2 per day and the proximity of markets was a better indicator of overfishing than human population size. A cross-scale approach to fisheries management is required in Papua New Guinea to coordinate decentralized local management, limit the intrusion of extractive enterprises, and develop policies that seek to minimize exogenous pressures on marine resources.","https://doi.org/10.1017/s0376892906002748",,,,
"GA1-A-0089","The deterioration of nature and consequent disruption of benefits to people has both direct and indirect implications for public health","Assessment of PM2.5 Distribution at Different Heights in Hanoi, Vietnam","Monitoring of PM10 and PM2.5 concentrations frequently is essential for assessing air quality and informing pollution control strategies. This study examines the effect of height on PM2.5 distribution in Hanoi using EPA-standard methods at five rooftop locations on high-rise buildings. Results from Phase 1 (pre-pollution period) indicate a nearly 50% reduction in PM2.5 concentration, decreasing from 34.76 μg/m3 at 40 m to 13.95 μg/m3 at 336 m. In contrast, Phase 2 (pollution wave) showed relatively stable PM2.5 concentrations across heights, likely influenced by cold air masses and wind speed. MLR and MNLR analyses reveal the significant impact of meteorological factors and PM10 on PM2.5 levels, with the MNLR model accounting for 80% - 94% of the variance, outperforming the MLR model’s 50% - 80%. Employing UAVs, Lidar, and synchronized meteorological data is proposed as an advanced approach to enhance the accuracy of height-based dust concentration assessments.","https://doi.org/10.4236/gep.2024.1211012",,,,
"GA1-A-0090","Integrated landscape governance entails a mix of policies and instruments that together ensure nature conservation, ecological restoration and sustainable use, sustainable production (including of food, materials and energy), and sustainable forest management and infrastructure planning, and that address the major drivers of biodiversity loss and nature deterioration","Trends in the Outcomes, Practice, and Law of Low-Tech Process-Based Restoration in Western Rangelands","Low tech process-based restoration (LTPBR) is increasingly used to improve river corridor resilience to diverse stressors introduced by changing land use, climate, and water usage. However, the future of LTPBR depends on multiple physical, ecological, and social factors, including the influence of water availability on LTPBR outcomes and the legal capacity for future restoration in water-limited environments. A growing body of scientific and legal literature on LTPBR allows for a quantitative, regional comparison of LTPBR projects to understand: (1) How do physical characteristics of LTPBR projects (including structure type, number, and local setting) influence the magnitude of change following LTPBR? and (2) How are social dimensions related to practitioner attitudes and water law impacting LTPBR? We evaluated data from 65 LTPBR projects in the western U.S. that used natural beaver dams, beaver dam analogues, or one-rock dams to quantify trends in commonly measured outcomes with geographic location, project size, and local precipitation. We additionally reviewed water law in five states across the western U.S. and interviewed 13 restoration practitioners to consider the social dimensions of LTPBR. Results show that LTPBR projects significantly increased water storage, sediment storage, and riparian vegetation greenness, and that outcomes vary significantly with mean annual precipitation, time since restoration, and LTPBR type. Trends suggest that LTPBR could provide expected outcomes across western rangelands even amid changing water availability. Changes to state-level water laws and perceptions of social benefits of LTPBR could support the expansion of stream restoration in rangeland streams. More monitoring and collaborations are needed to better implement, manage, and understand LTPBR projects and outcomes.","https://doi.org/10.1016/j.rama.2024.08.032",,,,
"GA1-A-0053","Many organisms show ongoing biological evolution so rapid that it is detectable within only a few years or even more quickly – in response to anthropogenic drivers","Genetic monitoring of an endangered arable weed reveals local maintenance of genetic variation in times of land use and climate change","Genetic monitoring is a powerful tool to reveal human impact on genetic diversity and genetic differentiation in times of land use and climate change. Unfortunately, it is not yet frequently applied in wild plant nature conservation at present. Consequently, we conducted a genetic monitoring study of the rare and endangered arable weed Sherardia arvensis, which continuously decreased in the recent decades due to environmental changes. Therefore, detecting a possible shift in genetic diversity and differentiation is highly relevant for conservation. We applied multiplexed ISSR genotyping by sequencing (MIG-seq) to compare genetic variation within and among eight populations, as well as effective population size of the species using samples collected at the same sites in 2007 and 2020. We obtained 371 SNPs from 160 analysed individuals. In contrast to our expectations, we observed nearly similar levels of genetic diversity and differentiation within and among populations in 2007 and 2020, although 25% of the investigated populations went extinct in the study period. Effective population sizes showed some differences between the study years, depending on the analysis. The observed maintenance of genetic diversity and differentiation patterns may most likely be explained by the longevity of seeds in the soil, which is generally high in many arable weeds. In the case of S. arvensis seeds may persist in the soil for up to ten years. This allows the regeneration of populations and contributes to the maintenance of genetic variation. A potential impact of population loss and decrease of effective population size on genetic diversity and differentiation may therefore be delayed, comparable to the already described phenomenon of an extinction debt in other species. Our study clearly underlines, that long-term genetic monitoring over long time periods is needed to reveal potential changes of genetic diversity and differentiation in the Anthropocene.","https://doi.org/10.1038/s41598-026-38363-4",,,,
"GA1-A-0149","Nature provides among other contributions.","Probable role of Cutibacterium acnes in the gut of the polychaete Capitella teleta","Capitella teleta, a marine polychaete that feeds on a refractory diet consisting of sediment, was shown to contain unique gut microbiota comprised of microbial functional groups involved in fermentation. Results of our previous studies showed that C. teleta's core gut microbiota were dominated by propionibacteria, and that these bacteria were more abundant in worms than in sediment and feces. In order to test the hypothesis that the worm nutritionally benefits from its gut microbiota, we identified, and genetically and biochemically characterized Cutibacterium acnes strains (formerly Propionibacterium acnes) that were isolated from the gut of C. teleta. Here we show that 13 worm-isolated Cutibacterium acnes strains primarily belonged to phylotype group IB, likely as a clonal population. We also provide evidence that all tested strains produced propionate and vitamin B12, which are essential host-requiring microbial metabolites. The presence of C. acnes in C. teleta was not unique to our worm culture and was also found in those obtained from geographically distant laboratories located in the U.S. and Europe. Moreover, populations of worm gut-associated C. acnes increased following antibiotic treatment. Collectively, results of this study demonstrated that C. acnes is a member of the worm's core functional microbiota and is likely selectively favored by the physiology and chemistry of the host gut environment. To our knowledge, this is the first report of the presence of C. acnes in the C. teleta gut. Our data strongly suggest that C. acnes, a bacterium previously studied as an opportunistic pathogen, can likely act as a symbiont in C. teleta providing the host essential nutrients for survival, growth, and reproduction.","https://doi.org/10.1016/j.scitotenv.2021.151127",,,,
"GA1-A-0013","Nature can help to regulate disease and the immune system.","Gut microbial signature for frailty discrimination: a metagenomic meta-analysis of 28 independent cohorts","Frailty, a clinical syndrome of multisystem decline and homeostatic vulnerability, is a critical public health priority. While the gut microbiome regulates immune and metabolic signaling, current evidence remains fragmented. We performed a metagenomic meta-analysis of 955 individuals from 28 independent cohorts across 24 countries to identify universal microbial signatures and develop a generalizable discriminative model. Frailty was determined using a Proxy Frailty Index based on the deficit accumulation model. Following refinement to isolate signatures from disease-specific dysbiosis, we used Firth's penalized regression for biomarker discovery and validated a Random Forest (RF) model via leave-one-study-out cross-validation. Shannon diversity exhibited a significant and sharp decline during the transition from robust to pre-frail states (p = 0.0006), manifesting at the earliest stages of physiological decline. We identified 16 microbial biomarkers characterized by the progressive attrition of core symbionts, such as Coprococcus eutactus, and the opportunistic expansion of pathobionts, including Enterococcus gallinarum. Sensitivity analysis in a healthy sub-cohort (n = 499) confirmed that these shifts occur independently of chronic clinical diagnoses and their associated confounding effects (p = 0.036). The 16-species RF model, predominantly driven by Collinsella massiliensis, achieved a corrected mean area under the receiver operating characteristic curve of 0.7572 across 5 eligible cohorts. Gut microbial restructuring is a sentinel biological hallmark of frailty that occurs independently of aging-related diseases. This study establishes a microbial signature broadly applicable across European and East Asian populations that serves as a high-fidelity, non-invasive metric for precision geriatric assessment.","https://doi.org/10.1016/j.exger.2026.113223",,,,
"GA1-A-0187","Population declines often give warning that a species' risk of extinction is increasing. The Living Planet Index, which synthesises trends in vertebrate populations, shows that species have declined rapidly since 1970, with reductions of 40 per cent for terrestrial species, 84 per cent for freshwater species and 35 per cent for marine species","Increasing Forest Cover and Connectivity Both Inside and Outside of Protected Areas in Southwestern Costa Rica","While protected areas (PAs) are an important conservation strategy to protect vulnerable ecosystems and species, recent analyses question their effectiveness in curbing deforestation and maintaining landscape connectivity. The spatial arrangement of forests inside and outside of PAs may affect ecosystem functioning and wildlife movement. The Osa Peninsula—and Costa Rica in general—are unique conservation case studies due to their high biodiversity, extensive PA network, environmental policies, and payment for ecosystem services (PES) programs. This study explores the relationship between forest management initiatives—specifically PAs, the 1996 Forest Law, and PES—and forest cover and landscape metrics in the Osa Conservation Area (ACOSA). The Google Earth Engine API was used to process Surface Reflectance Tier 1 Landsat 5 Thematic Mapper and Landsat 8 Operational Land Imager data for 1987, 1998, and 2019, years with relatively cloud-free satellite imagery. Land use/land cover (LULC) maps were generated with the pixel-based random forest machine learning algorithm, and Normalized Difference Vegetation Index (NDVI), Enhanced Vegetation Index (EVI), and functional landscape metrics were calculated. The LULC maps are the first to track land use change, from 1987 to 2019 and the first to separately classify mature and secondary forest in the region, and have already proven useful for conservation efforts. The results suggest that forest cover, NDVI, EVI, and structural connectivity increased from 1987 to 2019 across the study area, both within and surrounding the PAs, suggesting minimal deforestation encroachment and local leakage. These changes may have contributed to the increasing vertebrate abundance observed in the region. PAs, especially national parks with stricter conservation regulations, displayed the highest forest cover and connectivity. Forest cover increased in properties receiving PES payments. Following the Forest Law’s 1996 deforestation ban, both forest conversion and reforestation rates decreased, suggesting the law curbed deforestation but did not drive reforestation across the region. Connectivity outside of PAs slightly declined following the adoption of the law, so the subsequent forest growth likely occurred in mostly previously unforested areas. Forest expansion alone does not ensure connectivity. We highlight the importance of developing policies, PES programs, and monitoring systems that emphasize conserving and restoring large, connected forest patches for biodiversity conservation and landscape resilience. Resumen: Aunque las áreas protegidas (APs) son una importante estrategia de conservación para proteger ecosistemas y especies vulnerables, algunos análisis recientes cuestionan su eficacia para frenar la deforestación y mantener la conectividad del paisaje. La distribución espacial de los bosques dentro y fuera de las AP puede afectar el funcionamiento de los ecosistemas y los movimientos de la fauna. La Península de Osa–y Costa Rica en general–constituyen casos de estudio únicos de conservación debido a su elevada biodiversidad, su extensa red de AP, sus políticas medioambientales y sus programas de Pago por Servicios Ambientales (PSA). Este estudio explora la relación entre APs, la Ley Forestal de 1996, PSA, cobertura y métricas del paisaje en el Área de Conservación Osa (ACOSA). Se utilizó la plataforma Google Earth Engine API para procesar datos de Reflectancia Superficial Tier 1 Landsat 5 Thematic Mapper y Landsat 8 Operational Land Imager para 1987, 1998 y 2019, años con imágenes satelitales relativamente libres de nubes. Se generaron mapas de uso del suelo con el algoritmo de aprendizaje automático basado en pixeles Random Forest, y se calcularon el índice de vegetación de diferencia normalizada (NDVI), el índice de vegetación mejorado (EVI) y las métricas de paisaje funcionales. Estos mapas, los primeros en clasificar por separado los bosques maduros y secundarios de la región, han demostrado su utilidad para los esfuerzos de conservación. Los resultados sugieren que la cobertura forestal, el NDVI, el EVI y la conectividad estructural aumentaron entre 1987 y 2019 en toda la región de estudio, tanto dentro de las AP como en sus alrededores, lo que sugiere una expansión mínima de la deforestación dentro y fuera de las AP. Estos cambios pueden haber contribuido al aumento de la abundancia de vertebrados observado en la región. Las AP, especialmente los parques nacionales con regulaciones de conservación más estrictas, mostraron la mayor cobertura forestal y conectividad. La cobertura forestal aumentó en aquellas propiedades que recibieron PSA. Tras la prohibición de la deforestación por la Ley Forestal de 1996, disminuyeron tanto las tasas de conversión forestal como las de reforestación, lo que sugiere que la ley frenó la deforestación, pero no impulsó la reforestación. La conectividad fuera de las AP disminuyó ligeramente tras la entrada en vigor de la ley, lo que sugiere que el crecimiento forestal posterior se produjo en zonas que antes no estaban forestadas. Por lo tanto, la expansión forestal por sí sola no garantiza la conectividad. Resaltamos la importancia de desarrollar políticas, programas PSA y sistemas de monitoreo que hagan hincapié en la conservación y restauración de grandes zonas forestales conectadas para apuntalar la conservación de la biodiversidad y la resiliencia del paisaje.","https://doi.org/10.3390/rs16061088",,,,
"GA1-A-0167","Policy mixes that are harmonized across sectors, levels of governance and jurisdictions can account for ecological and social differences across and beyond the landscape, build on existing forms of knowledge and governance and address trade-offs between tangible and non-tangible benefits in a transparent and equitable manner.","Community Development for Bote in Chitwan National Park, Nepal: A Political Ecology of Development Logic of Erasure","The conflict between development and conservation concerns is a perennial topic in sustainable development, and especially significant for marginalized social groups. In Nepal, fortress conservation in protected areas (PA) gave way to a community-based development and natural resource management (CBNRM) narrative of inclusion and participation in so-called buffer zone (BZ) initiatives around national parks. Studies to date show mixed outcomes of the community-based model for marginalized communities, especially for traditional indigenous river and forest dwellers. Academic and government reports of successes and failures of community-based projects in Nepal assume progress is based on traditional indigenous livelihood practices being abandoned and participation in state modernization initiatives in parks and reserves. Thus, despite promises of participation, evidence to date shows a de facto continuation of fortress conservation thinking and erasure of customary knowledge and livelihoods. Based on an ethnographic inquiry informed by political ecology conducted in two villages of Bote IPs (in the buffer zone area) of the Nawalparasi District of Chitwan National Park (CNP), we describe how state interventions and regulations under the guise of community-based participation actively ignore the moral ecology of traditional riverine livelihoods while pursuing a modernization project. Echoing calls by other scholars and stakeholders, we argue that a new approach to conservation and development that respects the environmental ethics of traditional livelihoods is long overdue in Nepal.","https://doi.org/10.3390/su15032834",,,,
"GA1-A-0014","Many of nature's contributions to people are essential for human health.","Screening Probiotics for Anti-Helicobacter pylori and Investigating the Effect of Probiotics on Patients with Helicobacter pylori Infection","Probiotics are natural microbial agents with beneficial properties such as bacteriostatic and anti-infective properties. Lactobacillus plantarum Q21, Q25 and QA85, were isolated from the Chinese specialty fermented food “Jiangshui” and proved to be highly resistant to Helicobacter pylori (p < 0.0001). In vitro results showed that Q21, Q25 and QA85 strongly inhibited H. pylori and could specifically co-aggregate H. pylori in vitro (more than 56%). Strains have the potential to adhere to cells and hinder H. pylori colonization (p < 0.0001). To assess the anti-H. pylori efficacy of strains in vivo, volunteers were recruited and a self-controlled study of probiotic intervention was conducted. Compared to pre-probiotics, volunteers who took Q21, Q25 and QA85 for 1 month showed significant improvement in discomfort, a significant reduction in GSRS scores (p < 0.05), and modulation of inflammatory response (p < 0.05). Q21, Q25 and QA85 resulted in a decreasing trend of H. pylori load in volunteers (454.30 ± 327.00 vs. 328.35 ± 237.19, p = 0.06). However, the strains were not significantly effective in modulating the imbalance of the gut microbiota caused by H. pylori infection. In addition, strains affect metabolic pathways by increasing the levels of O-Phosphoethanolamine and other related metabolites, which may ameliorate associated symptoms. Therefore, Lactobacillus plantarum Q21, Q25 and QA85 can be regarded as a candidate probiotic preparation that exerts direct or indirect anti-H. pylori effects by inhibiting H. pylori activity and colonization, reducing inflammation and discomfort, maintaining homeostasis in the internal environment, affecting the metabolic pathways and repairing the body barrier. They can play a role in relieving H. pylori infection.","https://doi.org/10.3390/foods13121851",,,,
"GA1-A-0085","For example, clearing of forest for agriculture has increased the supply of food, feed, (NCP 12) and other materials important for people (such as natural fibres and ornamental flowers: NCP 13), but has reduced contributions as diverse as pollination (NCP 2), climate regulation (NCP 4), water quality regulation (NCP 7), opportunities for learning and inspiration (NCP 15) and the maintenance of options for the future (NCP 18). However, very few large-scale systematic studies exist on those relationships","Comparison of Fuzzy AHP and AHP in Multicriteria Inventory Classification While Planning Green Infrastructure for Resilient Stream Ecosystems","As climate change-induced weather variability increases, various green infrastructure plans, such as stream ecosystems, have been studied to overcome ecological and environmental problems arising from extreme weather events; however, our understanding of them and their resilience to extreme weather events is considerably limited. This study proposes a multicriteria inventory classification while planning green infrastructure for resilient stream ecosystems under extreme weather events. Literature reviews, expert surveys, and reliability/validity analyses were used to enlist indicators for this classification. The analytic hierarchy process (AHP) and fuzzy analytic hierarchy process (fuzzy AHP) were used to compute the weights and ranks of indicators for identifying critical indices while planning green infrastructure. The AHP and fuzzy AHP analysis suggested that meteorological phenomena and disasters, hydraulic characteristic of streams, land use/geographic characteristics, and experience/damage restoration were important factors. High weights were attributed to aquatic ecology, potentially vulnerable areas, population, topography, and heat waves. The weights and ranks attributed by AHP and fuzzy AHP varied slightly, but the indicator groups with high and low weights were the same; hence, primary indicators to be considered while planning green infrastructure for resilient stream ecosystems could be suggested. These results could be used as a preliminary analysis in establishing countermeasures against climate change or in distributing budgets for green infrastructure plans.","https://doi.org/10.3390/su12219035",,,,
"GA1-A-0051","In contrast, substantial increases in food, feed, timber and bioenergy production are predicted in most scenarios","Rising temperature threatens China’s cropland","Abstract The rising demand for calories and protein together with urbanization, pose significant challenges to China’s food security. The determination of policy actions requires accurate estimates of climatic impacts on both crop yields (intensive margin) and cropland area (extensive margin). However, the analysis of the latter has been limited, especially in developing countries. Here, we assess the impact of temperature on land use in China by matching high-resolution satellite data on land use with daily weather data from 1980 to 2010. We find that extremely hot weather (daily average temperature above 30 °C) has a long-lasting effect on reducing cropland in China. Combining climate projections from 39 downscaled climate models, we predict that climate change is likely to reduce China’s cropland area by 2.09%–25.51% under IPCC’s slowest and fastest-warming scenarios by the end of this century. In addition, we find that non-irrigated land is more susceptible to rising temperatures in the short term; however, irrigated land is subject to a similar impact in the long term. This result suggests that the adaptive effect of irrigation could be limited under persistent rising in temperature.","https://doi.org/10.1088/1748-9326/ac84f1",,,,
"GA1-A-0211","For example, clearing of forest for agriculture has increased the supply of food, feed, (NCP 12) and other materials important for people (such as natural fibres and ornamental flowers: NCP 13), but has reduced contributions as diverse as pollination (NCP 2), climate regulation (NCP 4), water quality regulation (NCP 7), opportunities for learning and inspiration (NCP 15) and the maintenance of options for the future (NCP 18). However, very few large-scale systematic studies exist on those relationships","As green infrastructure, linear semi-natural habitats boost regulating ecosystem services supply in agriculturally-dominated landscapes","Semi-natural linear landscape elements, such as hedgerows, are vital structures within agricultural landscapes that have an impact on ecosystem processes and support biodiversity. However, they are typically omitted from green infrastructure planning, which could lead to significant undervaluing of landscapes and their multifunctionality in terms of ecosystem service supply. Using the InVEST (Integrated Valuation of Ecosystem Services and Tradeoffs) model suite, we tested the effects of additionally including semi-natural linear landscape elements on the model outcomes for crop pollination, nutrient regulation, erosion regulation and water flow regulation ecosystem services supply. The results showed that linear semi-natural landscape elements contribute positively to the landscape’s multifunctionality. Small changes have been identified for water flow regulation, whereas, considering both spatial extent and magnitude of the changes, the greatest changes have been found with respect to the supply of pollination and nutrient regulation. Direct proximity of the linear elements had the greatest effect on ecosystem service supply, in particular with regard to pollination. Based on our results, a more pronounced consideration of semi-natural linear landscape elements as an important element of green infrastructure is advisable.","https://doi.org/10.3897/oneeco.8.e108540",,,,
"GA1-A-0106","Industrial fishing is concentrated in a few countries and corporations.","A large-scale passage evaluation for multiple fish species: Lessons from 82 fishways in lowland rivers and brooks","River networks worldwide are highly fragmented and this is particularly prevalent in the human-dominated lowland landscape of the Netherlands. Fishways function as measures to facilitate passage alongside barriers for fish communities and have been evaluated mostly in single case studies. We compared fish monitoring data of 82 fishways with data of fish observed in adjacent water stretches, conducting the first nationwide study on passage for the full spectrum of fish species present. In total, 35 out of 38 (92%) native species recorded in fishways' surroundings used fishways, while per fishway the median was 59% related to a variety of factors (fish behaviour, fishway type, monitoring design). The species using fishways most frequently were perch Perca fluviatilis (71/78 of fishways present), roach Rutilus rutilus (70/79) and gudgeon Gobio gobio (68/77). Logistic regression models showed the effect of monitoring duration and timing in detecting specific fish species ascending fishways. This large-scale analysis highlights the need to consider all native fish species during the design and monitoring of fishways. The obtained information from this study can be used by water managers for improving monitoring schemes and river connectivity which is an essential component for achieving the European Water Framework Directive goals.","https://doi.org/10.1016/j.ecoleng.2023.107158",,,,
"GA1-A-0035","Coastal habitats, including estuaries and deltas critical for marine biota and regional economies, have been severely affected by sea-use changes (coastal development, offshore aquaculture, mariculture and bottom trawling) and land-use changes (onshore land clearance and urban sprawl along coastlines, plus pollution of rivers). Pollution from land sources is already a major driver of negative environmental change. Ocean mining, while relatively small, has expanded since 1981 to ~ 6,500 offshore oil and gas installations worldwide in 53 countries (60 per cent in the Gulf of Mexico by 2003) and likely will expand into the Arctic and Antarctic regions as the ice melts.","Domestic Waste Mass Estimation and Perceptions of Coastal Citizen about Waste Management in Besuki Region, Situbondo, East Java, Indonesia","Coastal citizen in Besuki region have a habit of throwing garbage directly into estuary and sea. To know the bad conditions that can occur in the marine environment especially in Besuki region so domestic waste mass estimation is needed. Proportional random sampling is used to determine the number of samples and measurement of domestic waste is conducted for 8 days. Measurement with SNI (Indonesia National Standard) Number 19-3964-1994 method is used. To know perceptions of coastal citizen about waste management, the distribution of questionnaires to the sample was done. The result is waste mass estimation in Besuki Coastal Region is 167.57 g/people.day where non-organic waste more than organic waste that has percentage 63% and 37%, respectively. From questionnaire survey, 73% citizen throw their wastes in the sea or/and the river, 27% has been burned, and 0% in landfill. Generally, 80% citizens do not have the basic knowledge about marine debris impact and 20% citizens have knowledge about marine debris impact. Their interest about self-waste management is 33%.","https://doi.org/10.1051/matecconf/201817701015",,,,
"GA1-A-0125","Large reductions and local extinctions of populations are widespread","Integrating projected habitat change and existing population trends to prioritise conservation, monitoring, and research for Indian birds","Abstract Understanding species’ vulnerability to global change requires approaches that integrate projections of future environmental change with empirical population trends; such integrated assessments remain limited in biodiverse, data-limited tropical regions. In this study, we develop and apply a scalable, decision-oriented framework that synthesises climate and land-cover projections with existing contemporary population data to assess species-level vulnerability and conservation, monitoring, and research priorities for Indian birds. Using an ensemble of machine-learning habitat-suitability models, we projected current and future habitat suitability for 955 species under two 2100 scenarios (SSP3–7.0 and SSP5–8.5). We then integrated these projections with population trends from the State of India’s Birds assessment. We found habitat responses were highly heterogeneous: 507 species were projected to lose suitable habitat under both future scenarios, 327 species were projected to gain habitat, and 121 species exhibited mixed or uncertain responses. The direction and magnitude of projected change varied substantially within and among habitat-specialisation guilds, with overall losses exceeding gains. The synthesis of habitat projections with population trends revealed 121 (mostly wetland) species facing ongoing population decline and future habitat loss, representing high-priority targets for immediate conservation action. A further 300 species, largely forest-associated, were projected to lose habitat but lacked reliable population trend data, highlighting substantial monitoring gaps, while species with mixed or uncertain habitat trajectories emerged as key research priorities. By explicitly integrating projected habitat change, contemporary population trajectories, and data availability, this study advances a transferable framework for prioritising conservation action, monitoring, and research under accelerating global change.","https://doi.org/10.1101/2024.11.27.625604",,,,
"GA1-A-0159","Human-driven changes in species diversity within local ecological communities vary widely, depending on the net balance between species loss and the influx of alien species, disturbance-tolerant species, other human-adapted species or climate migrant species","Between a rock and a hard place: Effects of land-use change on rock-dwelling animals of lateritic plateaus in the northern Western Ghats","ABSTRACT Open natural ecosystems like lateritic plateaus, are undergoing rapid transformation with very poor understanding of these impacts on the threatened and endemic biodiversity. The unprotected, low-elevation lateritic plateaus of the northern Western Ghats are case to the point, as they have high endemicity but remain unprotected under Indian law. We aimed to understand the impact of the conversion of the natural lateritic plateaus to agroforestry and paddy cultivation on biodiversity. We compared the prevalence of two species of endemic herpetofauna of the northern Western Ghats ( Gegeneophis seschachari and Hemidactylus albofasciatus ) and a widespread snake ( Echis carinatus ) and the composition of other rock-dwelling animals across 12 undisturbed plateau sites and 10 sites each in agroforestry plantations and abandoned paddies on plateaus using time-constrained searches. We had 5738 encounters with 38 different animal species/groups. We found that the abundance of large rocks, which were the most-preferred size class of rocks by animals, was higher in abandoned paddy compared to plateaus and orchards. However, the prevalence of H. albofasciatus and E. carinatus was highest on undisturbed plateaus. Contrastingly, the prevalence of G. seshachari was significantly higher in abandoned paddy than undisturbed plateau or orchards. Non-metric multi-dimensional analysis showed that the assemblage of rock-dwelling fauna differed significantly across the three land-use types. Despite being adapted to persist in extremely variable climates on lateritic plateaus, we find that multiple species/groups are vulnerable to land-use change. However, G. seshachari and a few other taxa appear to benefit from certain kinds of land-use change, highlighting the context-specificity in species responses. While multiple studies have determined the impacts of forest conversion to other land-uses, this is one of the first studies to determine the impacts of the conversion of rocky outcrops, thereby highlighting the conservation value of habitats that are often classified as wastelands.","https://doi.org/10.1101/2023.01.12.523866",,,,
"GA1-A-0121","Many of nature's contributions to people are essential for human health and their decline thus threatens a good quality of life.","Probiotics and the Microbiota-Gut-Brain Axis","There is strong evidence that bidirectional interactions exist between the gastrointestinal tract, the enteric nervous system, central nervous system, and important relationship among probiotics, psychobiotics, and cognitive and behavioral processes, which include neural, metabolic, hormonal, and immunological signaling pathways. The latest researches approved that gut flora has a significant role in the interaction between the brain and gut. Moreover, gut microbes could play an important role in many psychiatric disorders and could be a potential therapeutic target. Thus, any changes in the complex and structure of gut flora could be correlated with several neurological disorders, such as depression, Parkinson’s disease, autism, Alzheimer’s disease, and stress. Microbiome-based therapies such as probiotics can be cautiously recommended for nervous psychiatric disorders. This review will focus on new and novel therapeutic treatment approaches on probiotics and the gut-brain axis of various neurological, psychiatric, and nervous psychiatric disorders.","https://doi.org/10.5772/intechopen.1006494",,,,
"GA1-A-0042","Although still few and spatially localized, such cases show that with prompt and appropriate action, it is possible to reduce human-induced extinction rates.","Egy földikutya-áttelepítés tanulságai","A délvidéki földikutya legnagyobb egyedszámú ismert állományának otthont adó Bajai földikutya-rezervátum közelében, szükségessé vált egy kisebb töredékállomány kimenekítése egy tervezett napelem park építési területéről. A 2017-ben végrehajtott akció során tíz példány áttelepítésére került sor a védett terület egy, az akció idején földikutyák által addig nem lakott részére. A transzlokációt követően egy éven át nyomon követtük a létrehozott új töredékállomány sorsát. Az új állomány megfigyelési eredményeinek valamint egy korábbi, már lezárult és sikeresnek ítélt áttelepítés monitoring adatainak összevetése alapján kedvezőtlen trend rajzolódott ki. A befogási és elengedési helyszín különféle ökológiai változóinak (domborzati, talajtani és növénytani) összehasonlítása során a kijelölt áttelepítési helyszín esetleges alkalmatlansága is felmerül. A bemutatott eredmények hozzájárulhatnak a jövőbeli hasonló áttelepítési akciók sikerességéhez.","https://doi.org/10.20332/tvk-jnatconserv.2019.25.14",,,,
"GA1-A-0008","Nature can help to regulate disease and the immune system.","Prototypical pacemaker neurons are immunocompetent cells","Pacemaker neurons exert control over neuronal circuit function by their intrinsic ability to generate rhythmic bursts of action potential. Recent work has identified rhythmic gut contractions in human, mice and hydra to be dependent on both neurons and the resident microbiota. However, little is known about the evolutionary origin of these neurons and their interaction with microbes. In this study, we identified and functionally characterized prototypical ANO/SCN/TRPM ion channel expressing pacemaker cells in the basal metazoan Hydra by using a combination of single-cell transcriptomics, immunochemistry, and functional experiments. Unexpectedly, these prototypical pacemaker neurons express a rich set of immune-related genes mediating their interaction with the microbial environment. Functional experiments validated a model of the evolutionary emergence of pacemaker cells as neurons using components of innate immunity to interact with the microbial environment and ion channels to generate rhythmic contractions.","https://doi.org/10.1101/750026",,,,
"GA1-A-0097","For example, conservation investment during the period between 1996 and 2008 reduced the extinction risk for mammals and birds in 109 countries by a median value of 29 per cent per country, while the rate of decrease in extinction risk for birds, mammals and amphibians would have been at least 20 per cent higher without conservation action in recent decades. Similarly, it is likely that at least 6 species of ungulate (e.g., the Arabian Oryx and Przewalski's Horse) would now be extinct or surviving only in captivity without conservation measures. At least 107 highly threatened birds, mammals and reptiles (e.g., the Island Fox and the Seychelles Magpie-Robin) are estimated to have benefited from invasive mammal eradication on islands","Experiencing the wild: red fox encounters are related to stronger nature connectedness, not anxiety, in people","Frequent and positive wildlife experiences can strengthen people’s physical and mental connection with nature, potentially improving public health and pro-environmental behaviors. Red foxes are the most widespread terrestrial carnivore on the planet and may, therefore, be an important gateway for people to connect with nature. However, it remains unclear how interactions with foxes might influence (positively or negatively) nature connectedness and health in people, such as general anxiety. We surveyed 230 people using an online questionnaire. Frequent, positive experiences were related to better attitudes and tolerance toward foxes, as well as broader nature connectedness. Nature connectedness was negatively related to urbanization but unrelated to age or education. General anxiety was inversely related to age, but unrelated to urbanization, education, frequency and quality of fox experiences, or the interaction between urbanization and fox experiences. These findings suggest a potential role of foxes in shaping people’s broader nature connectedness, particularly in cities.","https://doi.org/10.1080/10871209.2025.2561719",,,,
"GA1-A-0103","Fossil fuel subsidies valued at $345 billion result in global costs of $5 trillion when including the reduction of nature's contributions (coal accounts for about half of these costs, petroleum for about one third and natural gas for about one tenth).","Human-powered vehicles as a way to abate transport-related greenhouse gas emissions, Part 1: Assessing modal shift impact through comparative Life Cycle Assessment — An Italian case study","This study delves into the pressing issue of surging Greenhouse Gas (GHG) emissions within the European Union (EU) transport sector. With a particular focus on the significant environmental impact of road transportation, the paper advocates for a transition towards more sustainable alternatives. It specifically explores the potential of velomobiles, enclosed human-powered vehicles (HPVs), as a viable solution. A survey of more than 1200 individuals in Italy, with most respondents based in the Piedmont region, provides insights into commuting patterns across ten modes of transportation and attitudes toward the adoption of velomobiles. Survey results on the willingness to adopt velomobiles are used to project future mobility patterns within the population surveyed. Rather than merely reiterating the environmental benefits of cycling, the study offers an original contribution by integrating behavioural insights with environmental modelling to assess the realistic potential for a modal shift. Particular attention is given to identifying which transportation modes velomobiles are likely to replace, providing a nuanced understanding of their role in future sustainable mobility systems. The subsequent comparative Life Cycle Assessment (LCA) reveals GHG emission reductions with the most realistic scenarios indicating a 20% to 30% decrease in Well-To-Wheel emissions. Despite the conservative assumptions adopted, the study yields promising results. A final analysis, limited to velomobiles and cars, shows that expanding the system boundaries could lead to even greater savings, as the modal shift could extend the life of the car and help avoid the purchase of a second one in the long term. Velomobiles, with their potential to drive modal shifts, emerge as effective tools in reducing emissions. While recognizing regional variations, the study suggests encouraging outcomes for velomobile adoption in Italy and emphasizes the pivotal role of modal shifts in achieving sustainable transportation objectives. • Velomobiles are potential cleaner substitutes to cars for many routine trips. • Interest in modal shift to velomobiles is analysed, via survey of 1200+ respondents. • 40% of the respondents would shift from present modes of transport to velomobiles. • Taken the intended modal shift, a comparative Life Cycle Assessment is conducted. • Results show average 20%–30% decrease of GHG emissions for routine trips.","https://doi.org/10.1016/j.treng.2025.100401",,,,
"GA1-A-0173","On land, wild species that are endemic (narrowly distributed) have typically seen larger-than-average changes to their habitats and shown faster-than-average declines","Does size matter? An analysis of the niche width and vulnerability to climate change of fourteen species of the genus Crotalus from North America","The niche comprises the set of abiotic and biotic environmental conditions in which a species can live. Consequently, those species that present broader niches are expected to be more tolerant to changes in climatic variations than those species that present reduced niches. In this study, we estimate the amplitude of the climatic niche of fourteen species of rattlesnakes of the genus Crotalus to evaluate whether those species that present broader niches are less susceptible to the loss of climatically suitable zones due to the projected climate change for the time period 2021–2040. Our results suggest that for the species under study, the breadth of the niche is not a factor that determines their vulnerability to climatic variations. However, 71.4% of the species will experience increasingly inadequate habitat conditions, mainly due to the increase in temperature and the contribution that this variable has in the creation of climatically suitable zones for most of these species.","https://doi.org/10.7717/peerj.13154",,,,
"GA1-A-0191","In contrast, substantial increases in food, feed, timber and bioenergy production are predicted in most scenarios","Climate change and cocoyam (Colocasia esculenta (L.) Schott) production: assessing impacts and potential adaptation strategies in Zimbabwe","Abstract Tropical root and tuber crops such as cocoyam (Colocasia esculenta (L.)) are important for food security and livelihoods and yet neglected in climate change impact studies and large-scale crop improvement programs. The aim of this study was to apply the maximum entropy modelling approach to assess production potential for the orphan crop cocoyam under current and projected climatic conditions by 2050 and 2070 in Zimbabwe. A robust model fit was achieved (AUC > 0.9) with variable importance showing that precipitation-related factors were most important in determining the suitability of cocoyam. About 4.3% of the country is suitable for cocoyam production in Zimbabwe under current climatic conditions with the most suitable areas in eastern districts of Chipinge, Chimanimani, Mutare, Mutasa, Nyanga and Makoni. By 2050, model means project a decrease of 6%, 9%, 10% and 15% under RCP2.6, RCP4.5, RCP6.0 and RCP8.5, respectively. More drastic decreases are projected by 2070 with almost a quarter (23%) of the current suitable areas having lost their suitability for cocoyam production. There is a general model agreement in the direction of impacts except for RCP2.6 where CCSM4 model projects increases in suitability for cocoyam in the country while other models project decreases. We find that regulating canopy microclimate variation increases potential for cocoyam production under climate change and can be implemented to ensure resilience of cocoyam production systems. Therefore, stabilizing or improving orphan crops systems will substantially contribute to local food security and reduction of malnutrition especially during the lean season.","https://doi.org/10.1007/s11027-022-10014-9",,,,
"GA1-A-0202","Emerging infectious diseases in wildlife, domestic animals, plants or people can be exacerbated by human activities such as land clearing and habitat fragmentation or the overuse of antibiotics driving rapid evolution of antibiotic resistance in many bacterial pathogens.","EARLY ACQUISITION AND CARRIAGE OF GENETICALLY DIVERSE MULTI-DRUG RESISTANT GRAM-NEGATIVE BACILLI IN HOSPITALISED SMALL VULNERABLE NEWBORNS IN THE GAMBIA","Abstract Aim This detailed genomic study aimed to characterise multi-drug resistant-gram negative bacilli (MDR-GNB) intestinal and skin carriage in small vulnerable newborns and their paired mothers at a low-resource African hospital. Methods This cross-sectional cohort study was conducted at the only neonatal referral unit in The Gambia with genomic analysis at MRC Unit The Gambia at LSHTM. Neonates <2kg underwent skin and peri-anal carriage swab sampling weekly with paired maternal rectovaginal swabs. Prospective bacteriological culture used MacConkey agar with species identification by API20E and API20NE. All GNB isolates underwent whole genome sequencing on Illumina Miseq platform. Multi-Locus Sequence Typing and SNP-distance analysis were used to identify strain type and infer relatedness. Findings 135 carriage swabs were obtained from 34 neonates and 21 paired mothers (21 neonate-mother dyads), yielding 137 GNB isolates of which 112 were high quality de novo assemblies. Neonatal MDR-GNB skin or intestinal carriage prevalence was 41% (14/34) at admission with 85% (11/13) new acquisition occurring by 7 days. Multiple MDR and ESBL - GNB species were carried by neonates at different timepoints, most frequently K. pneumoniae and E. coli , with heterogeneous strain diversity, no evidence of clonality and 111 distinct antibiotic resistance genes, mostly Beta-Lactams ( Bla -AMPH, Bla- PBP, CTX-M-15, Bla- TEM-105). 76% (16/21) and 62% (13/21) of mothers had recto-vaginal carriage of at least 1 MDR-GNB and ESBL-GNB respectively, most commonly MDR- E. coli ( 76%, 16/21) and MDR- K. pneumoniae (24%, 5/21). Of 21 neonate-mother dyads only one had genetically identical isolates ( E. coli ST131 and K. pneumoniae ST3476). Conclusion Gambian hospitalised small vulnerable neonates exhibit high MDR and ESBL-GNB carriage prevalence with acquisition between birth and 7 days. The heterogeneous strain diversity and lack of matching isolates between mothers and newborns suggests multiple environmental sources may be important in transmission. Larger genomic studies to confirm these findings in similar resource limited settings is foundational to inform targeted surveillance and infection prevention control policies. What is known: - MDR-GNB, especially Klebsiella pneumoniae and Escherichia coli , are important causes of neonatal invasive infections and mortality in Africa, classified by WHO as pathogens of high priority for research - Neonatal MDR-GNB carriage is a pre-curser for invasive infection, with preterm, low-birth weight neonates (“Small Vulnerable Newborns”) at greatest risk - Maternal MDR-GNB carriage is a risk factor for neonatal pathogen acquisition in Europe and other well-resourced settings, but a priority evidence gap exists for transmission pathways for small vulnerable African newborns What this study adds: - Hospitalised Gambian small vulnerable neonates have high carriage prevalence of MDR- and ESBL-GNB with acquisition occurring between birth and 7 days - Heterogeneous diversity of K. pneumoniae and E. coli strains suggests multiple environmental sources with no evidence of clonal outbreak - Beta-lactamase genes were most commonly identified with high rates of ESBL- and AMP-C gene production - Despite high maternal MDR-GNB carriage prevalence there is no genomic evidence indicating widespread transmission from mother to newborn","https://doi.org/10.1101/2022.11.16.22282268",,,,
"GA1-A-0060","Severe impacts to ocean ecosystems are illustrated by 33 per cent of fish stocks being classified as overexploited and greater than 55 per cent of ocean area being subject to industrial fishing","Ending overfishing while catching more fish","Abstract The world's seas and oceans are a vital source of animal protein from fishing and a major contributor to global food security. It has been argued that global wild‐catch production has reached its limit, and there is concern that many species are overfished. Concerns are also mounting about the state of marine ecosystems and the ecological impacts of fishing on them, with increasing efforts to protect marine biodiversity. Fisheries appear to be at an impasse – demand for seafood is rising but so is concern about the impacts of fishing. However, through a simple analysis, we show that global exploitation rates are well below long‐term sustainable levels at a whole ecosystem level. The oceans can support considerably higher sustainable catch than currently harvested. Overfishing has happened but only to a small fraction of species as a result of intensive and selective fishing. Shifting fishing effort away from highly targeted stocks towards currently underutilized species would reduce pressure on overfished species, result in fewer adverse ecosystem effects of fishing and increase overall fisheries production. This shift requires significant changes to our views about seafood, particularly in the developed world. We suggest ways in which this paradigm shift could happen and the range of expertise that would be required to achieve higher global yields with less ecological impact.","https://doi.org/10.1111/faf.12077",,,,
"GA1-A-0049","Decision makers have a range of options and tools for improving the sustainability of economic and financial systems.","The Political Economy of Food Price Volatility: The Case of Vietnam and Rice","This article argues that the structure of the Vietnamese rice export system is, in political economy terms, a rational response to the volatility present in the international rice market. In particular, it is argued that the Vietnamese Food Agency, along with VINAFOOD‐1 and VINAFOOD‐2, have been structured so that they can benefit from the domestic demands for export restrictions anticipated to occur as a consequence of international price volatility and the psychological demand of consumers for price stability. In turn, the actions of these agencies also contribute to international price volatility and the resulting demand for export restrictions. Since the political and economic elite in Vietnam obtain both political and economic power from this system, it is unlikely to be replaced with more effective and efficient policies to combat domestic price volatility. Thus, continued volatility in the price of rice can be expected.","https://doi.org/10.1093/ajae/aav019",,,,
"GA1-A-0023","Non-regulatory alternatives are also important, and potentially include technical assistance – especially for small-holders – and appropriate economic incentive programs, for example, some payment for ecosystem services programmes and other non-monetary instruments","Hedgerow benefits align with food production and sustainability goals","Restoring hedgerows, or other field edge plantings, to provide habitat for bees and other beneficial insects on farms is needed to sustain global food production in intensive agricultural systems. To date, the creation of hedgerows and other restored habitat areas on California farms remains low, in part because of a lack of information and outreach that addresses the benefits of field edge habitat, and growers' concerns about its effect on crop production and wildlife intrusion. Field studies in the Sacramento Valley highlighted that hedgerows can enhance pest control and pollination in crops, resulting in a return on investment within 7 to 16 years, without negatively impacting food safety. To encourage hedgerow and other restoration practices that enhance farm sustainability, increased outreach, technical guidance, and continued policy support for conservation programs in agriculture are imperative.","https://doi.org/10.3733/ca.2017a0020",,,,
"GA1-A-0175","Nature can improve mental and physical health through exposure to natural areas.","Disentangling the influence of reservoir abundance and pathogen shedding on zoonotic spillover of the Leptospira agent in urban informal settlements","Rats are major reservoirs for pathogenic Leptospira , the bacteria causing leptospirosis, particularly in urban informal settlements. However, the impact of variation in rat abundance and pathogen shedding rates on spillover transmission to humans remains unclear. This study aimed to investigate how spatial variation in reservoir abundance and pathogen pressure affect Leptospira spillover transmission to humans in a Brazilian urban informal settlement. A longitudinal eco-epidemiological study was conducted from 2013 to 2014 to characterize the spatial distribution of rat abundance and Leptospira shedding rates in rats and determine the association with human infection risk in a cohort of 2,206 community residents. Tracking plates and live-trapping were used to measure rat abundance and quantify rat shedding status and load. In parallel, four sequential biannual serosurveys were used to identify human Leptospira infections. To evaluate the role of shedding on human risk, we built three statistical models for: (1) the relative abundance of rats, (2) the shedding rate by individual rats, and (3) human Leptospira infection, in which “total shedding”, obtained by multiplying the predictions from those two models, was used as a risk factor. We found that Leptospira shedding was associated with older and sexually mature rats and varied spatially and temporally—higher at valley bottoms and with seasonal rainfall (December to March). The point estimate for “total shedding” by rat populations was positive, i.e., Leptospira infection risk increased with total shedding, but the association was not significant [odds ratio (OR) = 1.1; 95% confidence interval (CI): 0.9, 1.4]. This positive trend was mainly driven by rat abundance, rather than individual rat shedding (OR = 1.8; 95% CI: 0.6, 5.4 vs. OR = 1.0; 95% CI: 0.7, 1.4]. Infection risk was higher in areas with more vegetative land cover (OR = 2.4; 95% CI: 1.2, 4.8), and when floodwater entered the house (OR = 2.4; 95% CI: 1.6, 3.4). Our findings indicate that environmental and hydrological factors play a more significant role in Leptospira spillover than rat associated factors. Furthermore, we developed a novel approach combining several models to elucidate complex links between animal reservoir abundance, pathogen shedding and environmental factors on zoonotic spillover in humans that can be extended to other environmentally transmitted diseases.","https://doi.org/10.3389/fpubh.2024.1447592",,,,
"GA1-A-0134","Those include introducing and improving standards, systems and relevant regulations aimed at internalizing the external costs of production, extraction and consumption (such as pricing wasteful or polluting practices, including through penalties); promoting resource efficiency and circular and other economic models; voluntary environmental and social certification of market chains; and incentives that promote sustainable practices and innovation. Importantly, they also involve a change in the definition of what a good quality of life entails – decoupling the idea of a good and meaningful life from ever-increasing material consumption. All those approaches are more effective when they are mutually reinforcing. Actions that help to voluntarily unleash existing social values of responsibility in the form of individual, collective and organizational actions towards sustainability can have a powerful and lasting effect in shifting behaviour and cultivating stewardship as a normal social practice","Three essays on the role of it in environmental sustainability: Motivating individuals to use green it, enhancing their user experience, and promoting electricity conservation","This dissertation focuses on the role of IT in environmental sustainability and electricity conservation through three research essays. The first essay makes a case for behavior research, with the focus on individuals' use of Green IT. Moreover, environmental studies lack a coherent theory that could identify the motivators of Green-IT beliefs. We develop the hedonic motivation theory, which synthesizes theoretical and philosophical thoughts on hedonism with concepts from environmental research. Using this theory, we develop a conceptual model that identifies the motivators of context-specific beliefs, attitudes, and uses of Green IT. We theorize that there are significant generational differences in the process by which hedonic motivators influence Green IT use behaviors. Young adults are more motivated by personal hedonic motivation, and an affective and automatic process, whereas older adults are motivated by a cognitive and attitudinal process. This study was carried out using a structural equation modeling method of analysis based on 702 observations of the survey data. The results support the theorized model, with significant implications. The second essay examines the design taxonomy of electricity consumption feedback applications, which are considered one of the critical technologies in alleviating the increasing trends of energy consumption and greenhouse gas emissions. We relied on an integrative theoretical framework and literature review to propose a comprehensive taxonomy for salient design elements of electricity consumption feedback applications. Using a survey method, we collected data from general public to evaluate the preference and relative importance of the design elements. We found that there is a preferred set of design elements for the feedback applications. Our results could serve as a basis to evaluate the design of existing electricity consumption feedback applications, and to help in studying the influence of design elements on beliefs and behaviors related to individuals' electricity conservation. The third essay investigates the role of the salient design elements identified in the second essay, and the processes by which these elements motivate electricity consumers' behaviors towards energy conservation. We developed a conceptual framework by extending the theory of planned behavior to study how salient design elements of feedback applications impact the beliefs and behaviors of individual electricity consumers. To our knowledge, this is the first study aimed at examining the relationship between electricity consumers' beliefs and behaviors and the specific perceived design elements of electricity consumption feedback applications. We empirically evaluated the conceptual model by developing a mobile app and a corresponding website and conducting a controlled longitudinal lab experiment. The results indicate strong support for the premises of the model and support the significant role of personalized design elements in use behaviors and electricity conservation. Our findings show the importance of integrating descriptive social norm, personalized goal setting, and personalized privacy preferences design elements in feedback applications. This dissertation makes a number of significant contributions to theory and application. First, it develops a new theory that identifies motivators of Green IT use. It shows that the conceptualized motivators impact use behaviors though multiple paths--the cognitive and emotional automatic paths-- and are moderated by users' age. Second, this work develops a taxonomy of design elements for electricity consumption feedback applications based on an integrative theoretical framework and extensive review of the existing literature. This taxonomy and the relative importance of elements in the taxonomy could serve as the standard for developing and assessing feedback application tools. Third, this work develops a conceptual model that identifies the processes by which design elements of electricity consumption feedback applications help in the conservation of electricity by individuals. Together, the three essays contribute to the sustainability and Green IT literature by uncovering the significant role of individuals in dealing with environmental threats and energy consumption challenges and by conceptualizing the different antecedents and processes that shape the perceptions and behaviors related to Green IT and electricity consumption. Moreover, the three studies extend user-centric design research by integrating insights from multiple disciplines to explain, design, create, and test innovative tools that could have a pivotal role in dealing with global sustainability challenges. This work also provides a standard for the evaluation of such tools from multiple stakeholder perspectives. Finally, the three essays contribute to practice by proposing guidelines to industry designers and policy makers for promoting sustainability and energy conservation through personalized tools and effective campaigns.",,,,,
"GA1-A-0152","Many of nature's contributions to people are essential for human health.","Imbalance in the Gut Microbiota of Children With Autism Spectrum Disorders","Background: Autism spectrum disorder (ASD) are complex behavioral changes manifesting early in childhood, which impacts how an individual perceives and socializes with others. The study aims to assess the disparities in gut microbiota (GM) amongst healthy controls and children with ASD. Methods: The study was performed on 25 children with ASD and 20 healthy children. Autistic symptoms were diagnosed and assessed with the Diagnostic and Statistical Manual for Mental Disorders and the Autism Treatment Evaluation Checklist (ATEC). Gastrointestinal (GI) symptoms were assessed with a GI Severity Index (GSI) questionnaire. The fecal bacteria composition was investigated by the high-throughput sequencing of the V3-V4 region of the 16S rRNA gene. The alpha diversity was estimated using the Shannon, Chao, and ACE indexes. The unweighted UniFrac analysis and the PCA plots were used to represent the beta diversity. LDA and LEfSe were used to assess the effect sizes of each abundant differential taxon. Results: Children with high GSI scores had much higher ATEC Total scores than those with lower GSI-scores. GI symptoms were strongly associated with symptoms of ASD. There was no difference in Chao, ACE, and Shannon indexes between ASD patients and healthy controls. Both groups showed a significant microbiota structure clustering in the plotted PCAs and significant differences in its composition at the family, order, genus, and phyla levels. There were also noteworthy overall relative differences in Actinobacteria and Firmicutes between both groups. Conclusions: This study shows the relationship between the clinical manifestations of Autistic symptoms and GI symptoms. ASD patients have dysbiosis of gut microbiota, which may be related to the onset of ASD. These findings may be beneficial for developing ASD symptoms by changing gut microbiota.","https://doi.org/10.3389/fcimb.2021.572752",,,,
"GA1-A-0177","Most of nature's contributions to people (NCP) are co-produced by biophysical processes and ecological interactions with anthropogenic assets such as knowledge, infrastructure, financial capital, technology and the institutions that mediate them","Influence of natural and anthropogenic controls on runoff in the Keriya River, central Tarim Basin, China","The potential impact of natural factors on the runoff of intermittent rivers and ephemeral streams (IRES) has been largely ignored in the Tarim Basin, China. A representative example is the Keriya River. To quantify the long-term dynamic variations in lower reach surface runoff of IRES, river length, defined as the distance between a selected fix point along the perennial river segment to its dynamic, ephemeral end, was used as an indicator. Using a total of 272 remote sensing images, we digitized and measured the distance (river length) between the center of Yutian County and the river's end point on each image, and then calculated monthly inter-annual and intra-annual variations in length of the lower Keriya River from 2000 to 2019. Hydrometeorological data were combined with descriptors of anthropogenic disturbances to assess the relative influence of natural factors and anthropogenic disturbances on lower reach river runoff. The results showed that intra-annual variations in river length fluctuated seasonally, with the minimum value occurring in June; two main peaks occurred in March and August. The minimum June value in river length was closely linked to an increase in agricultural water demand and a decrease in upper reach runoff. The August peak in river length was related to the peak values in upper reach runoff and agricultural water demand; upper reach runoff made a significant contribution because the former was about 20% more than the latter in summer. The March peak corresponded to elevated lower reach groundwater levels and to the melting of ice along river channels. Inter-annual variations in river length were due to inter-annual variations in upper reach runoff and middle reach agricultural water use which increased slightly during the study period. Inter-annual variations in frequency and amplitude of the fluctuations in river length were mainly controlled by changes in upper reach runoff. The minimum in river length in 2009 was consistent with the low in upper reach runoff of the Keriya River and other rivers in the Tarim Basin. The most significant factors controlling variations in river length are natural in origin.","https://doi.org/10.1371/journal.pone.0269132",,,,
"GA1-A-0204","Large reductions and local extinctions of populations are widespread","Review: Language endangerment: Using analytical methods from conservation biology to illuminate loss of linguistic diversity — R0/PR3","Language diversity is under threat, with between a third to a half of all languages considered endangered, and predicted rates of loss equivalent to one language per month for the rest of the century. Rather than reviewing the extensive body of linguistic research on endangered languages, this review focuses specifically on the interdisciplinary transfer of methods developed in conservation biology, macroecology and macroevolution to the study of language endangerment and loss. While the causes of language endangerment and loss are different to those for species, studying patterns of diversity of species and languages involves similar analytical challenges, associated with testing hypotheses and identifying causal relationships. Solutions developed in biology can be adapted to illuminate patterns in language endangerment, such as statistical methods that explicitly model phylogenetic nonindependence, spatial autocorrelation and covariation between variables, which may otherwise derail the search for meaningful predictors of language endangerment. However, other tools from conservation biology may be much less use in understanding or predicting language endangerment, such as metrics based on International Union for Conservation of Nature (IUCN) criteria, population viability analysis or niche modelling. This review highlights both the similarities and the differences in approaches to understanding the concurrent crises in loss of both linguistic diversity and biodiversity.","https://doi.org/10.1017/ext.2022.3.pr3",,,,
"GA1-A-0181","More generally, human-made replacements often do not provide the full range of benefits provided by nature","Changes in productivity associated with four introduced species: ecosystem transformation of a pristine estuary","Multiple stressors in estuaries can cause declines in native species and impairment of ecosystem goods and services.In contrast, one stressor -the introduction of non-native speciesactually leads to higher local richness.We examined the changes in ecosystem function associated with introductions into Willapa Bay, Washington, USA, a relatively undeveloped estuary with 45 documented exotic marine species.The replacement of native oysters by 2 new bivalve species has increased secondary production of harvested suspension feeders by 250% over peak historic values (3.3 × 10 5 vs. 0.9 × 10 5 kg dry wt yr -1 ), based on >150 yr of records of harvested biomass.Key aspects of aquaculture -particularly planted area -have remained constant over time, so we attribute much of the altered secondary production to higher growth rates of non-native species.The addition of 2 tracheophytes has increased primary production on the tideflats by > 50% (5.3 × 10 7 vs. 3.5 × 10 7 kg dry wt yr -1 ), which we calculated by scaling up local measurements of plant growth to the total area occupied by each species.These changes in production are also associated with altered detritus, water filtration, and biogenic habitat.Because other stressors are largely absent from Willapa Bay, the addition of particular exotic species has dramatically enhanced system production, while fundamentally reshaping the ecological character of the estuary.These strong ecological impacts of introduced species have rarely been measured at whole-ecosystem scales, and they occur in part because new species occupy habitats where similar native species were not present.","https://doi.org/10.3354/meps311203",,,,
"GA1-A-0025","Nature is the origin of most infectious diseases (negative impact), but also the source of medicines and antibiotics for treatment (positive contribution)","Pathways to healing: Plants with therapeutic potential for neurodegenerative diseases","Some of the greatest challenges in medicine are the neurodegenerative diseases (NDs), which remain without a cure and mostly progress to death. A companion study employed a toolkit methodology to document 2001 plant species with ethnomedicinal uses for alleviating pathologies relevant to NDs, focusing on its relevance to Alzheimer's disease (AD). This study aimed to find plants with therapeutic bioactivities for a range of NDs. 1339 of the 2001 plant species were found to have a bioactivity from the literature of therapeutic relevance to NDs such as Parkinson's disease, Huntington's disease, AD, motor neurone diseases, multiple sclerosis, prion diseases, Neimann-Pick disease, glaucoma, Friedreich's ataxia and Batten disease. 43 types of bioactivities were found, such as reducing protein misfolding, neuroinflammation, oxidative stress and cell death, and promoting neurogenesis, mitochondrial biogenesis, autophagy, longevity, and anti-microbial activity. Ethno-led plant selection was more effective than random selection of plant species. Our findings indicate that ethnomedicinal plants provide a large resource of ND therapeutic potential. The extensive range of bioactivities validate the usefulness of the toolkit methodology in the mining of this data. We found that a number of the documented plants are able to modulate molecular mechanisms underlying various key ND pathologies, revealing a promising and even profound capacity to halt and reverse the processes of neurodegeneration.","https://doi.org/10.1016/j.ibneur.2023.01.006",,,,
"GA1-A-0205","Marine ecosystems, from coastal to deep sea, now show the influence of human actions, with coastal marine ecosystems showing both large historical losses of extent and condition as well as rapid ongoing declines.","Integrative Cross-Chapter Box on Low-lying Islands and Coasts","Ocean and cryosphere changes already impact Low-Lying Islands and Coasts (LLIC), including Small Island Developing States (SIDS), with cascading and compounding risks.Disproportionately higher risks are expected in the course of the 21st century.Reinforcing the findings of the IPCC Special Report on Global Warming of 1.5ºC, vulnerable human communities, especially those in coral reef environments and polar regions, may exceed adaptation limits well before the end of this century and even in a low greenhouse gas emission pathway (high confidence 1 ).Depending on the effectiveness of 21st century mitigation and adaptation pathways under all emission scenarios, most of the low-lying regions around the world may face adaptation limits beyond 2100, due to the long-term commitment of sea level rise (medium confidence).LLIC host around 11% of the global population, generate about 14% of the global Gross Domestic Product and comprise many world cultural heritage sites.LLIC already experience climate-related ocean and cryosphere changes (high confidence), and they share both commonalities in their exposure and vulnerability to climate change (e.g., low elevation, human disturbances to terrestrial and marine ecosystems), and context-specificities (e.g., variable ecosystem climate sensitivities and risk perceptions by populations).Options to adapt to rising seas, e.g., range from hard engineering to ecosystem-based measures, and from securing current settings to relocating people, built assets and activities.Effective combinations of measures vary across geographies (cities and megacities, small islands, deltas and Arctic coasts), and reflect the scale of observed and projected impacts, ecosystems' and societies' adaptive capacity, and the existence of transformational governance (high confidence) {Sections 3.5.3,4.4.2 to 4.4.5, 5.5.2, 6.8, 6.9, Cross-Chapter Box 2 in Chapter 1}.","https://doi.org/10.1017/9781009157964.009",,,,
"GA1-A-0067","In contrast, substantial increases in food, feed, timber and bioenergy production are predicted in most scenarios","Assessing projected changes in meteorological drought severity and frequency under future climate scenarios: Insights from CMIP5 Models in Eastern Tigray, Northern Ethiopia","The study assessed the frequency and severity of past and future meteorological drought in the Eastern Tigray zone. Global climate model data of Coupled Model Intercomparison Phase 5 (CMIP5), 20 General circulation models (GCM), 2 representative concentration pathways (RCP 4.5 and 8.5), and 2 time series (Mid-term (MT) and End-term (ET)) were used to project the future climate of the study area. Delta scenarios were created from the CMIP5 GCMs, bias corrected and spatially downscaled using the R software. Meteorological drought events were analysed using the Standardized Precipitation Index (SPI) and Standardized Precipitation and Evapotranspiration Index (SPEI). The result shows the presence of predominant moderate drought severity in the study area, and it is expected to increase in frequency under all time segments and emission scenarios based on SPEI-12 and SPI-12, reaching a peak during the end of the century under RCP 8.5. Nevertheless, Kilte Awulaelo and Atsbi Wenberta experienced the highest frequency of severe drought, with Kilte Awulaelo reaching 50% occurrence. Rising atmospheric carbon dioxide (CO₂) concentrations are projected to exacerbate drought frequency and severity in the study area in the future climate. High drought frequency and severity will negatively influence crop production. There is, therefore, a need to adopt climate-smart agriculture for sustainable crop yield production and water harvesting and management.","https://doi.org/10.1371/journal.pclm.0000944",,,,
"GA1-A-0034","Management decisions that take those evolutionary changes into account will be noticeably more effective","Artificial eyespots on cattle reduce predation by large carnivores","Eyespots evolved independently in many taxa as anti-predator signals. There remains debate regarding whether eyespots function as diversion targets, predator mimics, conspicuous startling signals, deceptive detection, or a combination. Although eye patterns and gaze modify human behaviour, anti-predator eyespots do not occur naturally in contemporary mammals. Here we show that eyespots painted on cattle rumps were associated with reduced attacks by ambush carnivores (lions and leopards). Cattle painted with eyespots were significantly more likely to survive than were cross-marked and unmarked cattle, despite all treatment groups being similarly exposed to predation risk. While higher survival of eyespot-painted cattle supports the detection hypothesis, increased survival of cross-marked cattle suggests an effect of novel and conspicuous marks more generally. To our knowledge, this is the first time eyespots have been shown to deter large mammalian predators. Applying artificial marks to high-value livestock may therefore represent a cost-effective tool to reduce livestock predation.","https://doi.org/10.1038/s42003-020-01156-0",,,,
"GA1-A-0235","These options include integrated pest and nutrient management, organic agriculture, agroecological practices, soil and water conservation practices, conservation agriculture, agroforestry, silvopastoral systems, irrigation management, small or patch systems and practices to improve animal welfare. These practices could be enhanced through well-structured regulations, incentives and subsidies, the removal of distorting subsidies","From tradition to sustainability: Toraja Arabica coffee as heritage, conservation practice, and source of livelihood","Toraja Arabica coffee is a globally renowned specialty product that is valued for its unique taste, cultural heritage, and ecological significance. Despite its premium reputation, the sector faces persistent challenges, such as low productivity, weak infrastructure, price volatility, and dependence on middlemen, which limit farmers’ bargaining power and income. Additionally, heritage branding risks reducing rich cultural traditions to mere marketing, while ecological pressures threaten the fragile highland ecosystems. This study explores the transition of Toraja coffee “from tradition to sustainability,” emphasizing its multifunctional role in highland communities. Using a qualitative case study approach, data were collected through interviews, focus group discussions, expert questionnaires, field observations, and secondary sources involving farmers, cooperatives, traders, SMEs, coffee shop owners, extension officers, and government representatives. The findings reveal that Toraja coffee is more than a commodity; it represents cultural identity through rituals and kinship, promotes conservation via shade-grown agroforestry, and serves as a vital livelihood source. However, structural imbalances and ecological and cultural vulnerabilities hinder long-term resilience. Strengthening cooperatives, improving infrastructure, adopting climate-smart practices, and developing balanced branding strategies are essential steps toward achieving sustainability. Toraja coffee demonstrates how cultural and ecological values can be integrated with global markets while highlighting the risks of commodification and inequality.","https://doi.org/10.3389/fhumd.2026.1781875",,,,
"GA1-A-0052","However, the consequences of changes often depend on details of the ecosystem, remain hard to predict and are still understudied.","Occupancy Is Nine-Tenths of the Law: Occupancy Rates Determine the Homogenizing and Differentiating Effects of Exotic Species","Biotic homogenization, the loss of local biotic distinctiveness among locations (beta diversity), is a form of global change that can result from the widespread introduction of non-native species. Here, we model this process using only species' occupancy rates--the proportion of sites they occupy--without reference to their spatial arrangement. The nonspatial model unifies many empirical results and reliably explains >90% of the variance in species' effects on beta diversity. It also provides new intuitions and principles, including the conditions under which species' appearance, spread, or extirpation will homogenize or differentiate landscapes. Specifically, the addition or spread of exotic species that are more common than the native background rate (effective occupancy) homogenizes landscapes, while driving such species to extinction regionally or introducing rarer species differentiates them. Given the primacy of occupancy and our model's ability to explain its role, homogenization research can now focus on other factors.","https://doi.org/10.1086/658990",,,,
"GA1-A-0119","In marine systems, fishing has had the most impact on biodiversity (target species, non-target species and habitats) in the past 50 years alongside other significant drivers","Large-Scale Changes of the Forestation in River Channel Below the Dams in Southern African Rivers: Assessment Using the Google Earth Images","According to the results of many studies construction of dams, their decommissioning, and sediment flushing from the reservoir have been associated with vegetation dynamics. However, factors governing the spatial changes of forestation in the floodplain below the dams have not been explored extensively. This study examined the interacting effects of dam, inflow and land-use patterns of catchment areas and other factors on downstream vegetation patterns along the downstream reaches of Southern African Rivers. A total of 105 segments of 15 rivers (16 dams) located in seven Southern African countries were studied. Areas of herbaceous and forest vegetation of river channels below a dam and land-use catchment area patterns were obtained by the Google area calculator and aerial image analysis. Forest development was the highest just below the dams, and the ratio of forest cover decreased with distance from the dam toward the river mouth. Forest coverage ratio was found to decrease with an increase in dyke distance, number as well as of inflows (r = -0.66, P <0.01) and water coverage ratio, and bare land in the river flood plain. However, a principal component analysis (PCA) showed that the proportion of bare land in the catchment area, the dyke distance of the river and the number of inflows or tributaries are the factors most associated with forestation among the studied parameters. Forestation progressively decreased following the entrance of free following tributaries below dams, which appeared to reduce the effects produced by dams on vegetation forestation by causing local deviation. The impact of different land use types, such as agriculture on forestation, was insignificant though in some cases, land use areas cause the forest area reduction.","https://doi.org/10.3161/104.062.0407",,,,
"GA1-A-0214","Nature can help to regulate disease and the immune system.","Short-term air pollution exposure is associated with lower severity and mixed features of manic episodes in hospitalized bipolar patients: A cross-sectional study in Milan, Italy","Bipolar Disorder (BD) alternates depressive, manic or hypomanic phases. A manic episode (ME) is the main psychopathological condition of BD and it often requires hospitalization. Air pollution is thought to play a role in onset and exacerbation of several psychiatric disorders. We aimed to verify the association between exposure to particulate matter ≤10 μm (PM10) and ME severity, assessed through the Young Mania Rating Scale (YMRS). We evaluated clinical records regarding 414 hospital admissions of 186 patients residing in Milan (Italy), hospitalized for ME in the Psychiatry Unit of the Policlinico Hospital from 2007 to 2019. Patients were assigned mean daily PM10 and apparent temperature levels of the Milan municipality. As exposure windows, we considered single days preceding hospitalization (lag0 to 7) and their average estimates (lag0-1 to 0-7). We applied mixed effect models, adjusted for relevant confounders. Short-term PM10 exposure was associated with a reduction in YMRS, both when considering daily lags [β: -0.43 (95% Confidence Interval: -0.83; -0.03) at lag0] and their average [-0.47 (-0.90; -0.04) at lag0-1]. YMRS was higher in psychotic patients (24.8) and lower in ME with mixed components (15.5) if compared to episodes characterized by neither mixed nor psychotic features (17.4, p < 0.001). While PM10 did not influence the risk of psychotic symptoms at admission, it was associated with a higher risk of ME with mixed features, with Odds Ratios ranging from 2.43 (1.02; 5.76) at lag0 to 3.60 (1.22; 10.7) at lag0-2. Our findings show that increasing levels of PM10 move the ME towards the depressive pole of the BD spectrum and augment the probability of hospitalization for ME with mixed components. These results have important clinical implications, as mixed features worsen the course of ME and make the management of bipolar patients challenging.","https://doi.org/10.1016/j.envres.2021.110943",,,,
"GA1-A-0082","Human actions have already driven at least 680 vertebrate species to extinction since 1500, including the Pinta Giant Tortoise in the Galapagos in 2012, even though successful conservation efforts have saved from extinction at least 26 bird species and 6 ungulate species, including the Arabian Oryx and Przewalski's Horse.","Reproductive height, not vegetative height, determines the loss of clonal grasses with nitrogen enrichment in a temperate grassland","Tall clonal grasses commonly display competitive advantages with nitrogen (N) enrichment. However, it is currently unknown whether their height is derived from the vegetative or reproductive module. Moreover, it is unclear whether the height of the vegetative or reproductive system regulates the probability of extinction and colonization, and determines species richness (frequency). In this study, the impacts on clonal grasses were studied in a field experiment employing two frequencies (twice a year or monthly) crossed with nine N addition rates in a temperate grassland. We found that the N addition decreased species frequency and increased extinction probability, but did not change the species colonization probability. A low frequency of N addition decreased species frequency and colonization probability, but increased extinction probability. Species reproductive height is the best index to predict the extinction probability of clonal grasses in N-enriched conditions relative to the vegetative height, average height, and species biomass. No significant relationships were detected between plant height and species colonization probability. The low frequency of N addition may overestimate the negative effect from N deposition on clonal grass diversity, suggesting that a higher frequency of N addition is more suitable in assessing the ecological effects of N deposition. Moreover, this study illustrates that reproductive height, not the vegetative height, was associated with the clonal species extinction probability under N-enriched environment.","https://doi.org/10.22541/au.167179420.03796293/v1",,,,
"GA1-A-0059","More generally, human-made replacements often do not provide the full range of benefits provided by nature","TheEscherichia coli-Derived Thymosinβ4 Concatemer Promotes Cell Proliferation and Healing Wound in Mice","Thymosin β4 (Tβ4) is one of the most promising thymosins for future clinical applications, and it is anticipated that commercial demand for Tβ4 will increase. In order to develop a new approach to produce recombinant Tβ4, a 168 bp DNA (termed Tβ4) was designed based on the Tβ4 protein sequence and used to express a 4 × Tβ 4 concatemer (four tandem copies of Tβ4, termed 4 × Tβ4) together with a histidine tag (6 × His) in E. coli (strain BL21). SDS-PAGE and western blot analysis were used to confirm that a recombinant 4 × Tβ4 protein of the expected size (30.87 kDa) was produced following the induction of the bacterial cultures with isopropyl β-D-thiogalactoside (IPTG). The E. coli-derived 4 × Tβ4 was purified by Ni-NTA resin, and its activities were examined with regard to both stimulating proliferation of the mice spleen cells in vitro and in vivo wound healing. The results demonstrate that these activities of the E. coli-derived recombinant 4 × Tβ4 were similar or even better than existing commercially obtained Tβ4. This production strategy therefore represents a potentially valuable approach for future commercial production of recombinant Tβ4.","https://doi.org/10.1155/2013/241721",,,,
"GA1-A-0081","This indicates that many species are unable to cope locally with the rapid pace of climate change, through either evolutionary or behavioural processes, and that their continued existence will also depend on the extent to which they are able to disperse, to track suitable climatic conditions, and to preserve their capacity to evolve.","Bird atlas in action: using citizen science data to generate population trend alerts in Hessequa, South Africa","Citizen science data are rapidly transforming the conservation landscape. Targeted participatory citizen science initiatives generate nuanced data capable of monitoring trends in populations and generating early warnings for species and habitats experiencing significant declines. In the Hessequa Atlasing Area, Western Cape, South Africa, citizen science 'atlasers' involved with the Second Southern African Bird Atlas Project (SABAP2) have worked with scientific leadership since 2014 to improve the quality of bird atlas data in their region for species monitoring. In this study, we used reporting rates from SABAP2 checklists in the Hessequa Atlasing Area to calculate changes in range size and relative abundance for the 165 most commonly reported species in the region. We used a seven-tier alert system and broad habitat categories to sort species by priority for conservation action. Our results showed that wetland and marine associated species are experiencing the greatest declines in range and relative abundance in the Hessequa Atlasing Area, whilst urban and grassland associated species are largely increasing. We discuss how observed changes in populations may be used to guide conservation action and provide recommendations for scientists and non-scientific community members on engaging with and responding to the changes highlighted in each of the seven alert levels provided.","https://doi.org/10.3389/fbirs.2024.1214800",,,,
"GA1-A-0122","National Governments play a central role in supporting primary research, effective conservation and the sustainable use of multi-functional landscapes and seascapes. This entails planning ecologically representative networks of interconnected protected areas to cover key biodiversity areas and managing trade-offs between societal objectives that represent diverse worldviews and multiple values of nature.","Towards a More Efficient In and Ex Situ Conservation of Sri Lankan Wild Rice Species","Five species of wild Oryza (O. nivara, O. rufipogon, O. eichengeri, O. rhizomatis and O. granulata), including the endemic species O. rhizomatis, have been recorded in Sri Lanka. These species are facing continuous decline in their populations due to natural and anthropogenic processes, with habitat loss being the main threat. This study aimed to provide information on the distribution, the current status of ex situ and in situ conservation, and to identify high-priority species and sites of wild rice in Sri Lanka, in order to improve the effectiveness of conservation efforts. Occurrence records of Sri Lankan wild rice species were collected from literature, gene banks, and field surveys. The distribution of these species was mapped, and areas with high species richness were identified. A gap analysis was conducted to determine the high-priority areas and species for ex situ and in situ conservation. It was found that about 23% of the wild rice populations in Sri Lanka were within protected areas, and by expanding these protected areas by 1 km, an additional 22% of the populations located on the border of these areas could be effectively conserved. Our analysis also revealed that 62% of Sri Lankan wild rice populations were not represented in gene banks. The species-rich areas were found to be in only two districts (Polonnaruwa and Monaragala), and less than 50% of these areas were within protected areas. Based on these findings, O. rhizomatis, O. eichengeri, and O. rufipogon were identified as high-priority species for in situ conservation. Ex situ collections were also deemed necessary for O. granulata and O. rhizomatis to ensure diversity representation in gene banks.","https://doi.org/10.3390/plants12112149",,,,
"GA1-A-0096","Governance has at many levels moved slowly to further and better incorporate into policies and incentives the values of nature’s contributions to people. However, around the globe, subsidies with harmful effects on nature have persisted","Peer Review as Professional Development","Peer review offers a professional development pathway for reviewers while safeguarding scholarly credibility amid intensifying debate about how scholarly publishing allocates value. Notably, public, private, and philanthropic funding supports research production and peer review. Commercial publishers monetize access and often monetize publication. Recent analyses of publisher financial statements describe large revenues and high margins in journal publishing, which intensifies controversy around uncompensated reviewer labor. Some have experimented with submission charges to compensate reviewer time, yet such approaches can shift the cost burden toward authors and, in turn, risk widening participation gaps between scholars based in higher-income versus lower-income contexts. Yet, moral critique alone cannot protect the knowledge system, given that reviewer scarcity threatens review quality. This editorial argues for a growth stance that treats reviewer gain as the starting point for sustainable peer review. Noteworthily, peer review can deliver learning returns through early exposure to new work, skill returns through iterative practice that sharpens and sustains judgment, and governance returns through influence on field standards. Global marketing, in particular, can benefit from diverse reviewer lenses, including topic knowledge, method knowledge, and reader comprehension across cultures and disciplines. In turn, a reviewer-centered approach, paired with collective reforms on rights retention and workload recognition, builds reviewer capability in global marketing and protects scholarly legitimacy. Therefore, this editorial functions as a conceptual, field-shaping statement that clarifies the Journal of Global Marketing reviewer philosophy and advances a reviewer capability agenda for global marketing scholarship.","https://doi.org/10.1080/08911762.2026.2638702",,,,
"GA1-A-0199","Integrated landscape governance entails a mix of policies and instruments that together ensure nature conservation, ecological restoration and sustainable use, sustainable production (including of food, materials and energy), and sustainable forest management and infrastructure planning, and that address the major drivers of biodiversity loss and nature deterioration","The Difficult Reconciliation of Conservation and Development Objectives: The Case of the Malagasy Environmental Action Plan","Environmental conservation and poverty alleviation are paramount challenges of our time, but are frequently in conflict. This article analyzes this tension in the case of Madagascar. It is based on a review of the literature concerning the Malagasy Environmental Action Plan and on four years the author spent in Madagascar, including two years working for the implementation of this plan. It will show that even though this plan was framed within the sustainable development paradigm, it failed to solve the conflict between development and conservation objectives. This failure is explained by the framing of the plan within a global environmental agenda that fails to answer to the needs of peasant communities; by the reluctance of the international community to recognize the mistakes of ill-designed projects; and by the dissolution of the Malagasy state within a governance state that flatters the promoters of environmental conservation, and a shadow state that controls the natural resources economy and runs it...","https://doi.org/10.17730/humo.70.1.6879m4w585133302",,,,
"GA1-A-0083","National agencies have also promoted land management strategies that are more sustainable and introduced regulations, among other policy measures","Highways and Spatial Location within Cities: Evidence from India","We investigate the impact of the Golden Quadrilateral (GQ) highway project on the spatial organization and efficiency of manufacturing activity. The GQ project upgraded the quality and width of 3,633 miles of roads in India. We use a difference-in-difference estimation strategy to compare non-nodal districts based upon their distance from the highway system. For the organized portion of the manufacturing sector, we find that GQ led to improvements in both urban and rural areas of nonnodal districts located 0–10 km from GQ. These higher entry rates and increases in plant productivity are not present in districts 10–50 km away. The entry effects are stronger in rural areas of districts, but the differences between urban and rural areas are modest relative to the overall effect. For the unorganized sector, we do not find material effects from the GQ upgrades in either setting. These findings suggest that in the time frames that we can consider—the first five to seven years during and after upgrades—the economic effects of major highway projects contribute modestly to the migration of the organized sector out of Indian cities but are unrelated to the increased urbanization of the unorganized sector.","https://doi.org/10.1093/wber/lhw022",,,,
"GA1-A-0086","Invasive alien species can have devastating effects on mainland assemblages as well: for example, a single invasive pathogen species, Batrachochytrium dendrobatidis, is a threat to nearly 400 amphibian species worldwide and has already caused a number of extinctions","Temporal variation in coral reef ecosystem processes: herbivory of macroalgae by fishes","Despite the widely accepted importance of fish herbivory on coral reefs, few studies have considered the temporal variability in the nature of algal-herbivore interactions.We therefore quantified monthly feeding intensity on Sargassum sp.bioassays for 12 mo with remote underwater video cameras deployed to identify the herbivores responsible for macroalgal removal on an inshore island of the Great Barrier Reef, Australia.Significantly higher removal rates were observed during the summer months whereas winter months were characterized by 4 times lower removal rates.However, rather than being simply changes in the feeding activity of a single species, this temporal pattern in herbivory also incorporated changes in the species responsible for the removal of Sargassum.Video analyses revealed that, of the 43 herbivore species recorded from the bay, only 3 played a significant role in Sargassum removal: Kyphosus vaigiensis, Naso unicornis and Scarus rivulatus.K. vaigiensis, a rudderfish, was primarily responsible for the removal of Sargassum during the summer months (83% of the total recorded bites; 85 553 bites).There was almost no feeding activity on Sargassum by K. vaigiensis during the winter months (82 bites).However, there was a reciprocal increase in feeding intensity on Sargassum by parrotfishes in the winter months, particularly S. rivulatus (71 bites during summer versus 2884 bites in winter).This temporal variability in herbivore functional roles suggests that functional redundancy on reefs may be less than previously assumed in that the feeding activities of fishes may be both spatially and temporally constrained.","https://doi.org/10.3354/meps08916",,,,
"GA1-A-0193","Large reductions and local extinctions of populations are widespread","Diversity of Eocene Coleoptera in Colorado During a Global Cooling Event","The fossil record provides an excellent study system for understanding how organisms respond to climate change free from human interference. In this study I test the hypothesis that global cooling altered the diversity of Coleoptera (beetles) in the Western Interior of North America during the middle Eocene. This hypothesis was addressed by comparing two fossil beetle assemblages from the Green River Formation of Colorado. These assemblages bracket a ~2.5 million year (m.y.) cooling interval that followed a period of maximum warming (~52-50 Ma) in the Cenozoic. Based on modern biogeographic patterns of insect diversity, I predicted overall community richness decreased and evenness increased over time, and that taxon-specific feeding strategies drove differential responses to cooling, with non-herbivores showing a greater decrease in richness and abundance than herbivores. Compositional turnover was also anticipated with time and cooling.\nIn total, 580 specimens were sorted into morphospecies within the Carabidae, Staphylinidae, or Curculionoidea (weevils). By using individual-based rarefaction and rank abundance distributions, I found that total community richness and evenness did not significantly change with time/cooling. This pattern also held when beetle data were parsed by feeding guild and taxon. Non-herbivores became more abundant, and there is growing evidence that compositional turnover also occurred with time. One factor complicating comparisons of raw abundances and compositional change was undersampling, which was estimated to be more than double the observed richness for both beetle collections.\nThis study shows that the response of beetle communities to climate change is complex, and that resultant diversity patterns are sensitive to both ecologic and taxonomic resolution. Moreover, if the beetles assessed here are taken as a representative subset of the entire Green River insect fauna, the environment surrounding ancient Lake Uinta likely accommodated an exceptionally speciose insect community during the middle Eocene. By comparing the diversity and composition of this fossil beetle community to others known from the Western Interior, a more holistic interpretation of how insects respond to the different rates and magnitudes of global climate change should crystallize.",,,,,
"GA1-A-0147","However, the consequences of changes often depend on details of the ecosystem, remain hard to predict and are still understudied.","Assessing biodiversity responses to changes in climate and land use","Strategic Plan for Biodiversity 2011-2020' was adopted by the parties to the CBD in 2010, increasing societal responses and important efforts targeted to halve the rate of biodiversity loss.However, biodiversity continues to decline (CBD, 2014) and the progress has been insufficient to achieve this target.The most recently released Global Assessment Report from the Intergovernmental Science-Policy Platform on Biodiversity and Ecosystem Services (IPBES, 2019) estimated that ""up to one million species are threatened with extinction"".This is undoubtedly an overwhelming message.The threats to biodiversity are due to multiple anthropogenic and environmental drivers with climate change and land-use change being amongst the most prominent ones (IPBES, 2019).Changes in climate and land use affect biodiversity in many ways (Sala et al., 2000;Settele et al., 2014; UNEP, 2014;Visconti et al., 2015;Newbold, 2018), affect overall ecosystems' functioning (Cardinale et al., 2012) and consequently human well-being (Díaz et al., 2006).Both climate change and land-use change pose immediate threats to biodiversity.I now shortly introduce those two drivers.Recent international efforts ranging from small-scale projects in remote communities aiming to improve their climate change resilience and land use, to regional and global initiatives that build the knowledge base, develop capacity and guide climate and agricultural policies, must quantify and explain the consequences of unmitigated 'high-end' scenarios for society at large, and for biodiversity in particular.This is especially useful for decision-makers who are responsible for designing climate change adaptation, mitigation and development strategies (IMPRESSIONS, 2014).Such efforts report robust findings generally accompanied by a series of challenges and risks that need to be addressed.The Impacts and Risks from High-End Scenarios: Strategies for Abstract Arid and semiarid natural grasslands in Central Asia are extensively used for pastoral livestock grazing.This traditional land use is nowadays characterized by intensifying grasslands into more productive pastures.This change affects biodiversity and diminishes grasslands' ecological role.Biodiversity impacts are probably also exacerbated by climate change.These changes in biodiversity are poorly studied in Central Asia.Here we estimated how biodiversity changes in the Central Asian grasslands using the latest Shared Socio-economic Pathways and the Representative Concentration Pathways (i.e.SSP-RCP scenario framework).We selected scenarios with contrasting socioeconomic and climate conditions (i.e.SSP1-RCP4.5,SSP3-RCP8.5,SSP4-RCP4.5 and SSP5-RCP8.5)and further detailed the land-use scenarios for the region.We indicated future biodiversity by the Mean Species Abundance indicator.The contrasting scenario combinations showed that grasslands' biodiversity will decline under each scenario.The strongest impact on biodiversity is expected in SSP5-RCP8.5,where half of the grasslands are likely to lose most of their local originally occurring species by 2100.The lowest impact is expected in SSP4-RCP4.5.Our study stresses the potential vulnerability of this region to increasing land-use intensity and climate change.These impact projections can help regional decision makers to develop and implement better biodiversityconservation and sustainable management policies for these grasslands.","https://doi.org/10.18174/496549",,,,
"GA1-A-0174","Those include introducing and improving standards, systems and relevant regulations aimed at internalizing the external costs of production, extraction and consumption (such as pricing wasteful or polluting practices, including through penalties); promoting resource efficiency and circular and other economic models; voluntary environmental and social certification of market chains; and incentives that promote sustainable practices and innovation. Importantly, they also involve a change in the definition of what a good quality of life entails – decoupling the idea of a good and meaningful life from ever-increasing material consumption. All those approaches are more effective when they are mutually reinforcing. Actions that help to voluntarily unleash existing social values of responsibility in the form of individual, collective and organizational actions towards sustainability can have a powerful and lasting effect in shifting behaviour and cultivating stewardship as a normal social practice","No way out? The double-bind in seeking global prosperity along with mitigated climate change","Abstract. In a prior study (Garrett, 2011), I introduced a simple thermodynamics-based economic growth model. By treating civilization as a whole, it was found that the global economy's current rate of energy consumption can be tied through a constant to its current accumulation of wealth. The value of the constant is λ = 9.7 ± 0.3 milliwatts per 1990 US dollar. Here, this model is coupled to a linear formulation for the evolution of atmospheric CO2 concentrations. Despite the model's extreme simplicity, multi-decadal hindcasts of trajectories in gross world product (GWP) and CO2 agree closely with recent observations. Extending the model to the future, the model implies that the well-known IPCC SRES scenarios substantially underestimate how much CO2 levels will rise for a given level of future economic prosperity. Instead, what is shown is that, like a long-term natural disaster, future greenhouse warming should be expected to retard the real growth of wealth through inflationary pressures. Because wealth is tied to rates of energy consumption through the constant λ, it follows that dangerous climate change should be a negative feedback on CO2 emission rates, and therefore the ultimate extent of greenhouse warming. Nonetheless, if atmospheric CO2 concentrations are to remain below a ""dangerous"" level of 450 ppmv (Hansen et al., 2007), there will have to be some combination of an unrealistically rapid rate of energy decarbonization and a near immediate collapse of civilization wealth. Effectively, civilization is in a double-bind. If civilization does not collapse quickly this century, then CO2 levels will likely end up exceeding 1000 ppmv; but, if CO2 levels rise by this much, then the danger is that civilization will gradually tend towards collapse.","https://doi.org/10.5194/esdd-2-315-2011",,,,
"GA1-A-0148","Nature underpins quality of life by providing basic life support for humanity -regulating-, as well as material goods -material- and spiritual inspiration -non-material-","Water as a key enabler of nexus systems (water-energy-food)","This review article positions water front-and-center as a key enabler of water-energy-food nexus systems.It demonstrates the critical role of water in human civilization, progress, and development, including how water is central to the achievement of many of the United Nations Sustainable Development Goals (SDGs).It is suggested that water may in fact be the most important resource needed in a broader water-energy-food nexus context, as well as in the broader scope of human development.The review shows the consequences of 'water going wrong' -when there is too much or too little, and the global impacts of increasing frequency of such events, largely due to an ever more 'hyperconnected' world.The review concludes by urging greater 'nexus awareness' and systems thinking, especially in policy and decision making, while cautioning against the potentially ironic situation of returning to a sectoral, water-centric view of resources management. Introduction: the water-energy-food nexusWater (W) supply and demand, energy (E) generation and consumption, and food (F) demand and production, linked to land availability and land use, form a coherent 'hyperconnected' global network, referred to as the WEF nexus (Hoff, 2011) governed by complexity and feedback (WEF, 2013(WEF, , 2016;; Bleischwitz et al. 2018), and pressured by population growth, climate change, policy","https://doi.org/10.1017/wat.2023.1",,,,
"GA1-A-0216","Scenarios show that the pathways to sustainable fisheries entail conserving, restoring and sustainably using marine ecosystems, rebuilding overfished stocks (including through targeted limits on catches or fishing efforts and moratoria), reducing pollution (including plastics), managing destructive extractive activities, eliminating harmful subsidies and illegal, unreported and unregulated fishing, adapting fisheries management to climate change impacts and reducing the environmental impact of aquaculture.","An alternative method for estimating the status of resident reef fish stocks, based on differential fishing effort across a marine reserve boundary","The stock status of roman Chrysoblephus laticeps was estimated in the Goukamma, a temperate South African marine protected area (MPA). Standardised catch per unit effort (CPUE) from a controlled angling survey on both sides of the MPA border was employed to extrapolate the CPUE at zero fishing mortality. Converted into biomass, the estimate (61% of unexploited biomass) lay midway between those of two biomass-per-recruit (B/R) models for the same population based on angling and diving surveys (i.e. 52% and 69% of unexploited biomass respectively). The extrapolated CPUE at zero fishing mortality (4.4 fish angler-hour−1) in this study compared well with the mean CPUE of 4.6 fish angler-hour−1 determined during a concomitant survey in the core area of the nearby Tsitsikamma MPA – the oldest, and one of the largest, MPAs in Africa. Extrapolations of CPUE have the potential to deliver reliable and consistent estimates of stock status and could offer a practical alternative to conventional B/R models.","https://doi.org/10.2989/1814232x.2011.572357",,,,
"GA1-A-0054","Nature provides a broad diversity of nutritious foods, medicines and clean water","Status, trends, and future dynamics of freshwater ecosystems in Europe and Central Asia","This review is part of the Intergovernmental Science-Policy Platform on Biodiversity and Ecosystem Services (IPBES) report on Europe and Central Asia (ECA) and provides a critical assessment of issues facing decision-makers, including freshwater biodiversity and ecosystem trends as well as drivers of change. Freshwater systems are well established as the most threatened ecosystem type in the ECA region, with the quantity and quality of habitats and abundance of many species rapidly declining. Only about half (53%) of the EU's rivers and lakes achieved good ecological status in 2015 (as defined by the Water Framework Directive in terms of the quality of the biological community), and many lakes, ponds, and streams are disappearing as a consequence of agricultural intensification and inefficient irrigation and urbanisation, combined with climate change. The situation regarding freshwater biodiversity remains highly critical in ECA as many species remain threatened with extinction, including >50% of known species for some groups (e.g., molluscs, amphibians). Drivers of ECA freshwater taxa include the destruction or modification of their habitat, including water abstraction, which affects ∼89% of all amphibian threatened species and ∼26% of threatened freshwater invertebrate species. Of particular concern is the lack of data for freshwater invertebrates. Current status is available for only a minority of species, and the impact of alien invasive species is often unknown, especially in Central Asia. Based on current freshwater biodiversity trends, it is highly unlikely that ECA will achieve either the respective Aichi biodiversity targets by 2020 (i.e., targets 2 to 4, 6 to 12, and 14) or Target 1 of the Biodiversity Strategy.","https://doi.org/10.1080/20442041.2018.1510271",,,,
"GA1-A-0208","Nature can help to regulate disease and the immune system.","High Biodiversity of Green Infrastructure Does Not Contribute to Recreational Ecosystem Services","Urban lakes, especially those of natural origin, provide ecosystem services, recreation being one of the most important and highly valued by the city dwellers. Fulfilling the needs of city residents to relax and have contact with nature has become a priority in urbanized areas and has been proved to positively affect people’s health and well-being. The recreational potential of water bodies was identified to be most important aspect of ecosystem services to the residents of the neighboring areas. An assessment of recreational ecosystem services (RES) provisioning to society based on the real time spent by the citizens and housing values in the rural-urban gradient revealed that the economic benefits of lakes differ in urbanized, suburban and rural landscapes. The growth of cities has led to an increased population density in the surroundings of ecologically valuable areas, resulting in higher pressure from visitors seeking recreational areas. Along with urbanization, the impoverishment of ecosystem functions takes place, limiting their capability to provide ecosystem services. In this work provisioning of recreational ecosystem services of 28 floodplain lakes located along the urban-rural gradient of the Warsaw agglomeration was assessed. The relationship between the ecological value of the water bodies, measured using naturalness indices, and the recreational ecosystem services they can provide was assessed. The results showed that the floodplain lakes located along the urban-rural gradient are of a great importance to the citizens due to their recreational potential. The provisioning of recreational ecosystem services is poorly connected with the ecological characteristics of the floodplain lakes. Only hemeroby, was significantly correlated with provisioning, and there was no relationship with factors such as naturalness of vegetation or water quality, demonstrating that public preference was not generally influenced by high ecological quality. These data should be available to potential buyers and be integrated in spatial planning management plans in order to shape future housing policy.","https://doi.org/10.20944/preprints201701.0009.v2",,,,
"GA1-A-0198","In contrast, substantial increases in food, feed, timber and bioenergy production are predicted in most scenarios","Cost-effective biodiversity protection through multiuse-conservation landscapes","Abstract Context Intensive land use and exploitation of natural resources are the main direct drivers of biodiversity loss. Transformative changes in land management are called for as conservation and management actions have not been sufficient to support the viability of species populations. It has been proposed that to solve the sufficiency problem one could segregate the landscape into an intensively managed part, and into so-called multiuse-conservation landscapes that aggregate set asides with managed areas for multiple uses. Objectives We describe a scenario analysis where we evaluate the effects and cost-efficiency of transforming the boreal forest from intensively managed production landscapes progressively towards multiuse-conservation landscapes. Methods We simulated Finnish boreal forests under various managements and optimized management to produce six scenarios to reveal the ecological, economic, climate and management regime implications of multiuse-conservation landscapes. Ecological effects explored included habitat availability and metacommunity capacity of dead wood dependent species. Results Increasing the area of set aside and multiuse management increased the habitat availability and metacommunity capacity as well as climate benefits but caused economic losses in terms of timber revenues. Pooling the set asides and multiuse management areas together into the same landscapes reduced the economic losses, had negligible added climate benefits and produced mixed biodiversity effects: pooling decreased habitat availability but increased metacommunity capacity across all landscapes. Conclusions Changing land management and aggregating conservation efforts can be a cost-efficient way to protect biodiversity. Our results suggest biodiversity benefits in landscapes where the set aside and multiuse is aggregated. Careful spatial planning can also alleviate the conflicts between ecological and economic values of land.","https://doi.org/10.1007/s10980-024-01803-5",,,,
"GA1-A-0206","However, given that most urban growth between now and 2030 will take place in the Global South, major sustainability challenges include creatively and inclusively addressing the lack of basic infrastructure (water, sanitation and mobility), the absence of spatial planning, and the limited governance capacity and financing mechanisms. Those challenges also offer opportunities for locally-developed innovation and experimentation, which will create new economic opportunities. A combination of bottom-up and city-level efforts through public, private, community and Government partnerships, can be effective in promoting low-cost and locally-adapted solutions to maintaining and restoring biodiversity and ecosystem functions and services. Nature-based options include combining grey and green infrastructure (such as wetland and watershed restoration and green roofs), enhancing green spaces through restoration and expansion, promoting urban gardens, maintaining and designing for ecological connectivity, and promoting accessibility for all (with benefits for human health). Additional solutions include disseminating new, low-cost technologies for decentralized wastewater treatment and energy production and creating incentives to reduce over-consumption","Resident support for a community-based bird conservation initiative in Indonesia","While community-based conservation programs have been extensively studied, few have examined how residents perceive the costs and benefits of supporting community-based bird conservation (CBBC) initiative. Using an extended Social Exchange Theory (SET), this study examined multiple latent variables influencing support for CBBC in Jatimulyo, Indonesia, focusing on perceived benefits and costs, local involvement, and community attachment. A total of 408 questionnaires were obtained. We found that perceived benefits, local attachment, and local involvement most significantly influenced resident support for CBBC. Perceived benefits and costs significantly mediated the association between local attachment and involvement in and support for CBBC. Despite different mechanisms, effects, and values, our study confirmed the interdependencies among determinant variables that contribute to resident support for the CBBC initiative under SET. This research underscores the need for conservation strategies considering the nuanced roles of attachment, costs, and local engagement to sustain long-term community support.","https://doi.org/10.1080/10871209.2025.2544613",,,,
"GA1-A-0151","These changes arise from continued human population growth, increasing purchasing power, and increasing per capita consumption. The projected effects of climate change and land use change on terrestrial and freshwater biodiversity are mostly negative, increase with the degree of global warming and land use change, and have an impact on marine biodiversity through increased eutrophication and deoxygenation of coastal waters.","Opposite effects of climate and land‐use/cover change on Mediterranean herpetofauna: Insights from the southern Apennines","Abstract Climate change and natural land conversion are causing dramatic shifts in species distribution. Amphibians and reptiles, ectothermic animals with limited dispersal ability, and Mediterranean mountain ranges, which are home to numerous locally adapted taxa, are especially vulnerable to these threats. This is the case with Cilento, a highly biodiverse yet under‐investigated area in the southern Apennine Mountains that is protected by a National Park and 30 Natura 2000 sites. We used bias‐corrected species distribution models and area of habitat (AOH) maps to assess the potential combined impact of climate and land‐use change on 11 amphibians and 16 reptiles in the Park and overlapping Natura 2000 sites. The former estimates species climatic suitability (CS) by correlating species presence to climatic characteristics, whereas the latter classifies the land‐use types based on species–habitat relationships. We estimated CS and AOH for current conditions and two climate and land‐use/cover change scenarios: one of sustainability (SSP1‐2.6) and one of fossil‐fueled development (SSP5‐8.5). Under both scenarios, most species showed significant CS loss, with the greatest declines estimated for amphibians and under SSP5‐8.5. Highland species appear to be the most vulnerable, whereas lowland species may gain CS. Given the widespread renaturalization of agricultural land under both scenarios, most species did not show declines in AOH due to land‐use change. However, all species were projected to face significant shifts in CS under both scenarios, presenting a crucial challenge to their survival. These findings offer valuable insights for climate mitigation initiatives aimed at securing the long‐term protection of herpetofauna within Cilento's protected areas.","https://doi.org/10.1111/acv.12999",,,,
"GA1-A-0212","Additional measures are necessary to enable transformative change over the long term (up to 2050) to address the indirect drivers that are the root causes of the deterioration of nature, including changes in social, economic and technological structures within and across nations.","Structural tensions limiting success of infrastructure upgrading: A multi-regime perspective","Unfettered growth of slums is a daunting transition challenge and many upgrading programs fail to sustainably improve the livelihoods of slum residents. This paper elaborates a transitions perspective on structural tensions that may lead to success or failure of slum upgrading programs. We conceptualize slums as urban subsystems, governed by sociotechnical (infrastructure) and socioeconomic livelihood regimes (related to production and social reproduction). The framework permits examination of the tensions due to mis/alignments of rules associated with newly introduced infrastructures, and those that regulate existing production and social reproduction practices of slum residents. This approach extends transition studies by accounting for the multi-system interactions between different infrastructure regimes (e.g., transportation, sanitation) and livelihoods within a local sociotechnical system. We apply this framework to an in-depth analysis of a slum upgrading project in Naivasha, Kenya, which was part of a national urban upgrading program covering a total of 80 slums. © 2023 The Author(s)","https://doi.org/10.1016/j.eist.2023.100747",,,,
"GA1-A-0039","Many of nature's contributions to people are essential for human health.","Hookworms Make Us Human: The Microbiome, Eco‐immunology, and a Probiotic Turn in Western Health Care","Historians of science have identified an ecological turn underway in immunology, driven by the mapping of the human microbiome and wider environmentalist anxieties. A figure is emerging of the human as a holobiont, composed of microbes and threatened by both microbial excess and microbial absence. Antimicrobial approaches to germ warfare are being supplemented by probiotic approaches to restoring microbial life. This article examines the political ecology of this probiotic turn in Western health care. It focuses on Necator americanus-a species of human hookworm-and its relations with immunologists. The analysis moves from a history of human disentanglement from hookworm, to contemporary anxieties about their absence. It examines the reintroduction of worms for helminthic therapy and explores emerging trajectories for probiotic health care involving the synthesis, modification, and/or restoration of worms and their salutary ecologies. The conclusion differentiates these trajectories and identifies an emerging model of ""post-paleo"" microbiopolitics.","https://doi.org/10.1111/maq.12466",,,,
"GA1-A-0084","Even though human-dominated landscapes are sometimes species-rich, their species composition is markedly altered from that in natural landscapes","Bibliometric mapping of citrus greening disease reflecting trends, shifts, and focus areas","Abstract Background : Though reported more than 100 years ago Huanglongbing (HLB)/citrus greening (CG), the disease remains of global phytosanitary importance. Methods : This study presents a systematic review of the disease from 1971 to 2024, based on the literature retrieved from the SCOPUS database. Results : The analysis reveals that far less has been published in the literature compared to other similar phytosanitary important citrus diseases, such as citrus black spot (CBS). Published research on HLB/CG only increased from the early 2000s despite HLB being first reported in 1919. Notable HLB research increase occurred after the first detection in the USA in 2005, coinciding with extensive funding and the adoption of more accurate molecular diagnostics. Conclusion : According to the analyzed data, the USA and China are the leading countries in publishing HLB research. Spain’s active involvement in HLB research, despite the disease not being reported there, highlights its regulatory and scientific significance. The review also showed that climate change may accelerate the spread of HLB pathogens and their vectors into new geographical regions. The notable lack of research from Africa highlights the need for increased financial support for scientists to focus on CG. One Health impact statement Managing Citrus Greening involves a collaborative strategy that interconnects the environment, plant and human health.","https://doi.org/10.1079/cabionehealth.2026.0013",,,,
"GA1-A-0112","Emerging infectious diseases in wildlife, domestic animals, plants or people can be exacerbated by human activities such as land clearing and habitat fragmentation","Análise quantitativa temporal sobre os efeitos do uso de agrotóxicos em anfíbios – anuros","A presença de anfíbios em ambientes agrícolas alterados é notável, mas o desaparecimento de algumas espécies traz preocupação com o risco de aplicação de produtos químicos associados à agricultura nas populações de larvas e adultos. A avaliação quantitativa abrangente da sensibilidade comportamental dos anfíbios faz-se imprescindível para entender melhor o impacto populacional e os impactos ecológicos resultantes dos contaminantes. Com isso, o objetivo do estudo foi realizar uma revisão utilizando o método cienciométrico para avaliar os efeitos dos agrotóxicos na população de anuro. Os resultados indicaram que a maioria dos estudos foi realizada na Europa e na Ásia envolvendo estágios larvais e embrionários deste grupo sendo que, 46,33% dos 218 estudos se concentraram nos efeitos dos inseticidas. Em particular, os inseticidas aumentaram as taxas de natação anormal e reduziram as respostas de escape aos ataques de predadores. No entanto nos artigos analisados verificou-se que a falta de testes de campo e a dependência excessiva de testes de toxicidade direta em laboratório podem limitar a capacidade de interpretar os resultados sob condições realistas de campo.","https://doi.org/10.33448/rsd-v9i8.5682",,,,
"GA1-A-0041","In contrast, substantial increases in food, feed, timber and bioenergy production are predicted in most scenarios","Unraveling Trade‐Offs Among Reforestation, Urbanization, and Food Security in the South China Karst Region: How Can a Hinterland Province Achieve SDGs?","Abstract Whether the world can achieve the United Nations Sustainable Development Goals (SDGs) largely depends on the ability of less‐developed areas to cope with multiple socio‐economic changes. The challenges that hinterland areas would face during the realization of SDGs has not yet received enough attentions. In this study, a context‐based assessment of regional food balances was conducted, considering key challenges related to socio‐economic development as well as land use competition under the framework of the shared socioeconomic pathways (SSPs) and the implementation of reforestation. We examined one of the poorest hinterland provinces in China as a case study, projecting its food deficit and exploring the potential threats to and opportunities for SDG realization by 2030, including population growth, urbanization, urban land expansion and reforestation. The projections revealed a crop deficit of 4.9–9.8 million tonnes, corresponding to the food demands of 10.2–20.6 million people. Approximately 76%–81% of this deficit was expected to be caused by increased food demand, rather than reforestation policies. Therefore, for this less‐developed area with low agricultural productivity and large groups of vulnerable people, population growth and urbanization are likely to result in demands for food that cannot be met locally. In addition, large‐scale reforestation projects, while enhancing a number of key ecosystem services, will increase the local food deficit by promoting the abandonment of cropland. This will result in greater reliance on food imports, with potential impacts on SDG realization in other regions. These findings highlight the need for integrated governance across multiple scales to ensure hinterland sustainability.","https://doi.org/10.1029/2022ef002867",,,,
"GA1-A-0155","National Governments play a central role in supporting primary research, effective conservation and the sustainable use of multi-functional landscapes and seascapes. This entails planning ecologically representative networks of interconnected protected areas to cover key biodiversity areas and managing trade-offs between societal objectives that represent diverse worldviews and multiple values of nature.","How are Natura 2000 protected areas covering different components of avian diversity in Spain?","Protected areas are a relevant conservation tool at our disposal, especially for developing management strategies of natural habitats. However, explicit tests at large spatial scales about its effectivity protecting different components of biodiversity are still rare. This study explored the spatial matching between the distribution of three components of avian diversity (taxonomic, functional, and phylogenetic metrics) and the network of Natura 2000 protected areas in Spain, the EU country with the most extensive terrestrial coverage. Overall, the spatial distribution of taxonomic, functional, and phylogenetic diversity was slightly spatially congruent, matching with protected areas. However, each avian diversity metric showed differences in the arrangement of spatial clusters, also regarding the environment type. Species richness was higher in forests while it was lower in orchards, mixed environments, and arable lands. Functional dispersion was higher in forest and arable lands, while it was lower in wetlands. In contrast, the highest phylogenetic diversity was associated with wetlands and water bodies, with shrublands showing the lowest levels for this metric. All three avian diversity metrics were overall higher within than outside the Natura 2000 network. The species richness was higher in areas simultaneously protected by the Habitat and Birds Directives. Functional dispersion was higher in protected areas designed under the Birds Directive. Finally, the evolutionary uniqueness was well represented in all protected areas, although areas designed under Birds Directive showed the higher values for this metric. The presence of spatial mismatch among avian diversity components suggests the importance of considering taxonomic, functional, and evolutionary metrics simultaneously for a better spatial prioritisation in conservation planning.","https://doi.org/10.1016/j.ecolind.2021.108452",,,,
"GA1-A-0072","Policy mixes that are harmonized across sectors, levels of governance and jurisdictions can account for ecological and social differences across and beyond the landscape, build on existing forms of knowledge and governance and address trade-offs between tangible and non-tangible benefits in a transparent and equitable manner.","“Prosperity for Everyone” in the Post-Conflict?: How Does Environmentally and Militarily Oriented State (Re)Control in the Ariari Region Propel Productive Segmentation and Social Fracturing?","Through perspectives on political ecology, this article aims to explain the paradoxical outcomes that global policies on state re-territorialization and promotion of green economies have had in the reconfiguration of the municipality of Puerto Rico (Ariari region, Colombian Amazonian Piedmont). On one hand, historically contested areas have experienced both relatively successful programs of peasant parceling, especially during the early 2000s, and more recently, active processes of deforestation and coca resurgence inside La Macarena National Natural Park. On the other, where the State has been able to secure a more militaristic presence, alliances between the State and agribusiness sectors have promoted land valuation and productive reconversion from coca to “clean, alternative and socio-environmentally responsible” oil palm plantations. Thus, a global agenda to accelerate the transition to a post-conflict scenario in the municipality of Puerto Rico has produced fracturing trajectories of peasant titling and green grabbing (and a sort of productive ghettoization) since the mid-2000s, radically transforming the socio-spatial landscape of this municipality.","https://doi.org/10.53556/rec.v53i0.44",,,,
"GA1-A-0156","Population declines often give warning that a species' risk of extinction is increasing. The Living Planet Index, which synthesises trends in vertebrate populations, shows that species have declined rapidly since 1970, with reductions of 40 per cent for terrestrial species, 84 per cent for freshwater species and 35 per cent for marine species","Fishing for fish environmental DNA: Ecological applications, methodological considerations, surveying designs, and ways forward","Vast global declines of freshwater and marine fish diversity and population abundance pose serious threats to both ecosystem sustainability and human livelihoods. Environmental DNA (eDNA)-based biomonitoring provides robust, efficient, and cost-effective assessment of species occurrences and population trends in diverse aquatic environments. Thus, it holds great potential for improving conventional surveillance frameworks to facilitate fish conservation and fisheries management. However, the many technical considerations and rapid developments underway in the eDNA arena can overwhelm researchers and practitioners new to the field. Here, we systematically analysed 416 fish eDNA studies to summarize research trends in terms of investigated targets, research aims, and study systems, and reviewed the applications, rationales, methodological considerations, and limitations of eDNA methods with an emphasis on fish and fisheries research. We highlighted how eDNA technology may advance our knowledge of fish behaviour, species distributions, population genetics, community structures, and ecological interactions. We also synthesized the current knowledge of several important methodological concerns, including the qualitative and quantitative power eDNA has to recover fish biodiversity and abundance, and the spatial and temporal representations of eDNA with respect to its sources. To facilitate ecological applications implementing fish eDNA techniques, recent literature was summarized to generate guidelines for effective sampling in lentic, lotic, and marine habitats. Finally, we identified current gaps and limitations, and pointed out newly emerging research avenues for fish eDNA. As methodological optimization and standardization improve, eDNA technology should revolutionize fish monitoring and promote biodiversity conservation and fisheries management that transcends geographic and temporal boundaries.","https://doi.org/10.1111/mec.16659",,,,
"GA1-A-0230","Population declines often give warning that a species' risk of extinction is increasing. The Living Planet Index, which synthesises trends in vertebrate populations, shows that species have declined rapidly since 1970, with reductions of 40 per cent for terrestrial species, 84 per cent for freshwater species and 35 per cent for marine species","Short-term response of flat tree oyster, Isognomon alatus to CO2 acidified seawater in laboratory and field experiments","Seawater changing chemistry has consequences on coastal ecosystems and their living resources. Future projections suggest the pH could drop ~0.2-0.3 pH units by the year 2100 under a business-as-usual (BAU) CO2 emission scenario. Marine calcifying organisms such as corals, calcifying algae, crustaceans, mussels, oysters and clams are most likely to be impacted by ocean acidification. The Isognomon alatus (flat tree oyster) is an important species that can be negatively affected by the lowering of seawater pH. Isognomon alatus is an important food source, a substrate for other benthic organisms (e.g., stone crab, Menippe mercenaria) and contribute to nutrients recycling in coastal ecosystems. The study was conducted to test the impacts acidified seawater CO2 on the growth of I. alatus under controlled laboratory conditions as well as field experiment. The Isognomon alatus lost weight and experienced negative growth rates of –0.56 ± 0.36 mg g-1day-1 under average pH values of 7.8 expected by the end of this century compared to a loss of –0.26 ± 0.23 mg g-1day-1 under ambient pH (value 8.1) conditions. In contrast, I. alatus incubated in a field experiment showed a gain in weight and positive growth of 3.30 ± 0.23 mg g-1day-1 despite exposure to pH levels (~7.4) during low tide significantly lower than those experienced in the laboratory. Overall, the results showed concern on the impacts of acidification flat tree oyster (Bivalvia:Isognomonidae). A decline of calcifying bivalves populations can impact coastal ecosystems function and indirectly affect the human beings that depend on them as a food source. Key words: Ocean acidification, climate change, Isognomonidae, shell dissolution, bivalve's growth, estuarine.","https://doi.org/10.5897/ajest2020.2897",,,,
"GA1-A-0219","Sustainable landscape management can be better achieved through multifunctional, multi-use, multi-stakeholder and community-based approaches","Spatial interactions among ecosystem services in an urbanizing agricultural watershed","Understanding spatial distributions, synergies, and tradeoffs of multiple ecosystem services (benefits people derive from ecosystems) remains challenging. We analyzed the supply of 10 ecosystem services for 2006 across a large urbanizing agricultural watershed in the Upper Midwest of the United States, and asked the following: (i) Where are areas of high and low supply of individual ecosystem services, and are these areas spatially concordant across services? (ii) Where on the landscape are the strongest tradeoffs and synergies among ecosystem services located? (iii) For ecosystem service pairs that experience tradeoffs, what distinguishes locations that are ""win-win"" exceptions from other locations? Spatial patterns of high supply for multiple ecosystem services often were not coincident; locations where six or more services were produced at high levels (upper 20th percentile) occupied only 3.3% of the landscape. Most relationships among ecosystem services were synergies, but tradeoffs occurred between crop production and water quality. Ecosystem services related to water quality and quantity separated into three different groups, indicating that management to sustain freshwater services along with other ecosystem services will not be simple. Despite overall tradeoffs between crop production and water quality, some locations were positive for both, suggesting that tradeoffs are not inevitable everywhere and might be ameliorated in some locations. Overall, we found that different areas of the landscape supplied different suites of ecosystem services, and their lack of spatial concordance suggests the importance of managing over large areas to sustain multiple ecosystem services.","https://doi.org/10.1073/pnas.1310539110",,,,
"GA1-A-0043","Nature provides a broad diversity of nutritious foods, medicines and clean water","Pollution status of microplastics in the freshwater environment of China: a mini review","In the last few years, the pollution of microplastics in freshwater environments such as rivers, lakes, and reservoirs has aroused widespread concerns. In this review, rich and appropriate data on microplastics, in the freshwater ecosystem of China, was collected. Following this microplastics in surface waters, sediments, and biota, of the freshwater system, were thoroughly analyzed. The results show that microplastics are widespread in the freshwater environment of China. At the same time, the abundance of microplastics is positively correlated with both intensive human activities and urbanization. The risk index of microplastics is relatively high in the water of Yellow River (654 items/L), Yangtze River (9.20 × 105 items/km2), and Pearl River regions (7571 items/m3). The prevalent shapes of microplastics, in water and sediments, are fragments and fibers. Moreover, the particle size of microplastics is mainly less than 2 mm. In fact, PP and PE are found to be the main polymer types in the freshwater environment of China. Bivalves and freshwater fish are the main research objects of microplastics pollution in China. In parallel to that, the abundance of microplastics, in each aquatic organism, varied from a few to a dozen. Additionally, the characteristics of microplastics in organisms are mainly fibers smaller than 1 mm. Fundamentally, the key two sources of microplastics, in the freshwater environment of China, are wastewater discharge and surface runoff. It is noteworthy that microplastics, in a freshwater environment, does not only cause environmental pollution but harms aquatic organisms, too. Finally, microplastics can reach the human body, through the food chain, causing potential health issues.","https://doi.org/10.20517/wecn.2021.05",,,,
"GA1-A-0111","Emerging infectious diseases in wildlife, domestic animals, plants or people can be exacerbated by human activities such as land clearing and habitat fragmentation or the overuse of antibiotics driving rapid evolution of antibiotic resistance in many bacterial pathogens.","The Influence of the Ratio of Nitrate to Ammonium Nitrogen on Nitrogen Removal in the Economical Growth of Vegetation in Hybrid Constructed Wetlands","Growing vegetables economically in the use of constructed wetland for wastewater treatment can play a role in overcoming water and food scarcity. Allium porrum L., Solanum melongena L., Ipomoea aquatica Forsk., and Capsicum annuum L. plants were selected to grow in hybrid constructed wetland (CW) under natural conditions. The impact of the ratio of nitrate to ammonium nitrogen on ammonium and nitrate nitrogen removal and on total nitrogen were studied in wastewater. Constructed wetland planted with Ipomoea aquatica Forsk. and Solanum melongena L. showed higher removal efficiency for ammonium nitrogen under higher ammonium concentration, whereas Allium porrum L.-planted CW showed higher nitrate nitrogen removal when NO3–N concentration was high in wastewater. Capsicum annuum L.-planted CW showed little efficiency for both nitrogen sources compared to other vegetables.","https://doi.org/10.3390/environments4010024",,,,
"GA1-A-0129","The specific actions taken will typically be case-specific and therefore will require careful assessment of evolutionary potential and consequences. In many cases, the best strategy could be to simply maintain the ability of natural populations to respond evolutionarily on their own - rather than through direct human manipulation of evolution. B. Direct and indirect drivers of change have accelerated during the past 50 years","Multi‐decadal range changes vs. thermal adaptation for north east Atlantic oceanic copepods in the face of climate change","Populations may potentially respond to climate change in various ways including moving to new areas or alternatively staying where they are and adapting as conditions shift. Traditional laboratory and mesocosm experiments last days to weeks and thus only give a limited picture of thermal adaptation, whereas ocean warming occurring over decades allows the potential for selection of new strains better adapted to warmer conditions. Evidence for adaptation in natural systems is equivocal. We used a 50-year time series comprising of 117 056 samples in the NE Atlantic, to quantify the abundance and distribution of two particularly important and abundant members of the ocean plankton (copepods of the genus Calanus) that play a key trophic role for fisheries. Abundance of C. finmarchicus, a cold-water species, and C. helgolandicus, a warm-water species, were negatively and positively related to sea surface temperature (SST) respectively. However, the abundance vs. SST relationships for neither species changed over time in a manner consistent with thermal adaptation. Accompanying the lack of evidence for thermal adaptation there has been an unabated range contraction for C. finmarchicus and range expansion for C. helgolandicus. Our evidence suggests that thermal adaptation has not mitigated the impacts of ocean warming for dramatic range changes of these key species and points to continued dramatic climate induced changes in the biology of the oceans.","https://doi.org/10.1111/gcb.12387",,,,
"GA1-A-0160","Shifts in species distribution, changes in phenology, altered population dynamics and changes in the composition of species assemblage or the structure and function of ecosystems, are evident","Using Mitochondrial DNA to Determine the Identity and Origin of a Gartersnake Found in Alaska","In an era of rapidly changing environments and greater human mobility and penetration into wild areas, organisms are being discovered in increasingly unexpected places. One such finding is a road-killed juvenile gartersnake (Thamnophis) outside of Haines, Alaska, in August 2005. The poor condition of the specimen prevented a positive identification based on morphology alone. Furthermore, no snakes are known to be native to this region. We therefore undertook a molecular approach to determine the species and geographic origin of the individual. We sequenced two partial loci of mitochondrial DNA (cytochrome b and NADH subunit 2) from the Alaska specimen and seven specimens from localities in the lower northwestern United States. Phylogenetic reconstruction using our sequences and additional GenBank samples unambiguously revealed that the Alaska specimen is Thamnophis ordinoides and that it shares a haplotype with the northernmost sampled Washington population of T. ordinoides. In light of these analyses, we assess the likelihood that the specimen represents a relict population, a recent natural colonization, or a fresh introduction.","https://doi.org/10.1670/09-180.1",,,,
"GA1-A-0218","Shifts in species distribution, changes in phenology, altered population dynamics and changes in the composition of species assemblage or the structure and function of ecosystems are accelerating in marine, terrestrial and freshwater systems.","Importance of spatio–temporal connectivity to maintain species experiencing range shifts","Climate change can affect the habitat resources available to species by changing habitat quantity, suitability and spatial configuration, which largely determine population persistence in the landscape. In this context, dispersal is a central process for species to track their niche. Assessments of the amount of reachable habitat (ARH) using static snap‐shots do not account, however, for the temporal overlap of habitat patches that may enhance stepping‐stone effects. Here, we quantified the impacts of climate change on the ARH using a spatio–temporal connectivity model. We first explored the importance of spatio–temporal connectivity relative to purely spatial connectivity in a changing climate by generating virtual species distributions and analyzed the relative effects of changes in habitat quantity, suitability and configuration. Then, we studied the importance of spatio–temporal connectivity in three vertebrate species with divergent responses to climate change in North America (grey wolf, Canadian lynx and white‐tailed deer). We found that the spatio–temporal connectivity could enhance the stepping‐stone effect for species predicted to experience range contractions, and the relative importance of the spatio–temporal connectivity increased with the reduction in habitat quantity and suitability. Conversely, for species that are likely to expand their ranges, spatio–temporal connectivity had no additional contribution to improve the ARH. We also found that changes in habitat amount (quantity and suitability) were more influential than changes in habitat configuration in determining the relative importance of spatio–temporal connectivity. We conclude that spatio–temporal connectivity may provide less biased and more realistic estimates of habitat connectivity than purely spatial connectivity.","https://doi.org/10.1111/ecog.04716",,,,
"GA1-A-0092","Promising interventions include practising integrated water resource management and landscape planning across scales; protecting wetland biodiversity areas; guiding and limiting the expansion of unsustainable agriculture and mining; slowing and reversing the de-vegetation of catchments; and mainstreaming practices that reduce erosion, sedimentation, and pollution run-off and minimize the negative impact of dams.","Montane forest productivity across a semiarid climatic gradient","High-elevation montane forests are disproportionately important to carbon sequestration in semiarid climates where low elevations are dry and characterized by low carbon density ecosystems. However, these ecosystems are increasingly threatened by climate change with seasonal implications for photosynthesis and forest growth. As a result, we leveraged eddy covariance data from six evergreen conifer forest sites in the semiarid western United States to extrapolate the status of carbon sequestration within a framework of projected warming and drying. At colder locations, the seasonal evolution of gross primary productivity (GPP) was characterized by a single broad maximum during the summer that corresponded to snow melt-derived moisture and a transition from winter dormancy to spring activity. Conversely, winter dormancy was transient at warmer locations, and GPP was responsive to both winter and summer precipitation such that two distinct GPP maxima were separated by a period of foresummer drought. This resulted in a predictable sequence of primary limiting factors to GPP beginning with air temperature in winter and proceeding to moisture and leaf area during the summer. Due to counteracting winter (positive) and summer (negative) GPP responses to warming, leaf area index and moisture availability were the best predictors of annual GPP differences across sites. Overall, mean annual GPP was greatest at the warmest site due to persistent vegetation photosynthetic activity throughout the winter. These results indicate that the trajectory of this region's carbon sequestration will be sensitive to reduced or delayed summer precipitation, especially if coupled to snow drought and earlier soil moisture recession, but summer precipitation changes remain highly uncertain. Given the demonstrated potential for seasonally offsetting responses to warming, we project that decadal semiarid montane forest carbon sequestration will remain relatively stable in the absence of severe disturbance.","https://doi.org/10.1111/gcb.15335",,,,
"GA1-A-0080","The traits of species influence whether they persist or even thrive in human-modified ecosystems","Wading bird functional diversity in a floodplain: Influence of habitat type and hydrological cycle","Abstract Waterbirds play important roles in maintaining ecosystem functioning in wetlands. However, the lack of essential information about the levels of interaction between waterbirds and wetland characteristics is a major impediment for service valuation. In this study, we examined the influence of the flood pulse across different freshwater habitats on the functional diversity and possible assembly structuring mechanisms of herons and storks in a neotropical floodplain. We investigated functional richness, evenness and divergence as descriptors of the functional diversity in rivers, channels and both connected and isolated lagoons across different phases of the hydrological cycle. We also compared observed values of functional diversity with expected null models to untangle the main mechanisms driving assemblages. We found spatiotemporal variation in functional diversity in wader assemblages of the high Paraná River floodplain. The functional diversity of Pelecaniformes and Ciconiiformes varied mainly in rivers, channels and connected lagoons opposed to isolated lagoons in a floodplain, and mostly during flood events, right after floods or after a long period of drought. This suggests that the variation in the water level plays different roles in maintaining wading birds' functional diversity in connected and isolated habitats. Also, wading bird assemblages in this floodplain may be structured by neutral mechanisms, independent of habitat type or hydrological period, which may support the idea that species traits are not important in explaining their coexistence patterns. Our study contributes to the understanding of how environmental variations may affect functional diversity, a first step towards understanding how changes in waterbird communities affect the magnitude and stability of services provided by them.","https://doi.org/10.1111/aec.12403",,,,
"GA1-A-0076","However, the consequences of changes often depend on details of the ecosystem, remain hard to predict and are still understudied.","Explaining ecological shifts: the roles of temperature and primary production in the long‐term dynamics of benthic faunal composition","Predicting the ecological consequences of environmental change requires that we can identify the drivers of long‐term ecological variation. Biological assemblages can exhibit abrupt deviations from temporal trends, potentially resulting in irreversible shifts in species composition over short periods of time. Such dynamics are hypothesised to occur as gradual forcing eventually causes biological thresholds to be crossed, but could also be explained by biota simply tracking abrupt changes to their environment. Here, we modelled temporal variation in a North Sea benthic faunal assemblage over a 40‐year period (1972–2012) to test for changes to temporal trends of biota and determine whether they could be explained by underlying patterns in sea temperature and primary production. These extrinsic factors were postulated to influence community dynamics through their roles in determining and sustaining the metabolic demands of organisms, respectively. A subset of mainly large and long‐lived taxa (those loaded on the first principal component of taxa densities) exhibited two significant changes to their temporal trends, which culminated in a shift in assemblage composition. These changes were explained by an increase in pelagic primary production, and hence detrital food input to the seabed, but were unrelated to variation in sea temperature. A second subset of mainly small and short‐lived taxa (those loaded on the second principal component) did not experience any significant changes to their temporal trends, as enhanced pelagic primary production appeared to mitigate the impact of warming on these organisms. Our results suggest that abrupt ecological shifts can occur as biota track underlying variation in extrinsic factors, in this case primary production. Changes to the structure of ecosystems may therefore be predictable based on environmental change projections.","https://doi.org/10.1111/oik.03661",,,,
"GA1-A-0163","This human-driven contemporary evolution is now being observed in some species within all major taxonomic groups (animals, plants, fungi and microorganisms). Such changes are known to occur in response to human activities or drivers, such as hunting, fishing, harvesting, climate change, ocean acidification, soil and water pollution, invasive species, pathogens, pesticides and urbanization.","100‐year time series reveal little morphological change following impoundment and predator invasion in two Neotropical characids","Abstract Human activities are dramatically altering ecosystems worldwide, often resulting in shifts in selection regimes. In response, natural populations sometimes undergo rapid phenotypic changes, which, if adaptive, can increase their probability of persistence. However, in many instances, populations fail to undergo any phenotypic change, which might indicate a variety of possibilities, including maladaptation. In freshwater ecosystems, the impoundment of rivers and the introduction of exotic species are among the leading threats to native fishes. We examined how the construction of the Panama Canal, which formed Lake Gatun, and the subsequent invasion of the predatory Cichla monoculus influenced the morphology of two native fishes: Astyanax ruberrimus and Roeboides spp. Using a 100‐year time series, we studied variation in overall body shape over time (before vs. after impoundment and invasion) as well as across space (between an invaded and an uninvaded reservoir). In addition, we examined variation in linear morphological traits associated with swim performance and predator detection/avoidance. Notwithstanding a few significant changes in particular traits in particular comparisons, we found only limited evidence for morphological change associated with these two stressors. Most observed changes were subtle, and tended to be site‐ and species‐specific. The lack of a strong morphological response to these stressors, coupled with dramatic population declines in both species, suggests they may be maladapted to the anthropogenically perturbed environment of Lake Gatun, but direct measures of fitness would be needed to test this. In general, our results suggest that morphological responses to anthropogenic disturbances can be very limited and, when they do occur, are often complex and context‐dependent.","https://doi.org/10.1111/eva.12763",,,,
"GA1-A-0161","Consequently, large-scale land-based mitigation measures may jeopardize the achievement of other Sustainable Development Goals that depend on land resources.","Optimized farming management enhances carbon sequestration and nitrogen retention in an intensive wheat–maize cropping system of the North China Plain","Soil organic matter (SOM) dynamics in intensively managed agroecosystems are strongly influenced by nitrogen (N) fertilization and organic inputs; however, their coupled effects on soil organic carbon (SOC) sequestration and N retention, particularly in subsoil layers, remain insufficiently understood. To address this, a 12-year field experiment involving a winter wheat–summer maize rotation in the North China Plain was conducted to evaluate the effects of optimized farming management involving reduced mineral N input, organic amendments (manure and crop residues), and water-saving irrigation (OPT) on SOC and N dynamics in comparison with those under conventional farming (CON). OPT maintained comparable crop yields while reducing fertilizer N input by 41.4% and irrigation water by 25%. OPT significantly increased the SOC contents in the 0–20 cm and 20–40 cm layers by 28.6% and 23.2%, respectively, relative to those in the CON treatment. These increases were accompanied by higher C conversion efficiency and N retention efficiency, indicating a simultaneous SOC accumulation and lower N losses under optimized farming management. A substantial increase in the SOC stock was also observed in subsoil layers, highlighting the potential for long-term SOC sequestration. These findings demonstrated OPT as a robust strategy to achieve high productivity with reduced resource inputs while increasing soil SOC sequestration and C use efficiency. This study further advances the current understanding by revealing the critical role of C–N coupling and subsoil processes in regulating long-term SOC sequestration in the intensive agricultural systems.","https://doi.org/10.1016/j.geoderma.2026.117903",,,,
"GA1-A-0213","For example, species that are large, grow slowly, are habitat specialists or are carnivores – such as great apes, tropical hardwood trees, sharks and big cats – are disappearing from many areas. Many other species, including those with opposite characteristics, are becoming more abundant locally and are spreading quickly around the world; across a set of 21 countries with detailed records, the numbers of invasive alien species per country have risen by some 70 per cent since 1970","Foraging connections: Patterns of prey use linked to invasive predator diel movement","Invasive predators can profoundly impact native communities, especially in insular ecosystems where functionally equivalent predators were evolutionarily absent. Beyond direct consumption, predators can affect communities indirectly by creating or altering food web linkages among existing species. Where invasive predators consume prey from multiple distinct resource channels, novel links may couple the dynamics of disjunct modules and create indirect interactions between them. Our study focuses on invasive populations of Eleutherodactylus coqui (Anura: Leptodactylidae) on Hawaii Island. Coqui actively forage in the understory and lower canopy at night but return to the forest floor and belowground retreats by day. Recent dietary studies using gut contents and naturally occurring stable isotopes indicate higher than expected consumption of litter arthropods, which in these Hawaiian forests are primarily non-native species. We used laboratory studies to observe diurnal and nocturnal foraging behavior, and experimental field additions of C4 vegetation as a litter tracer to distinguish epigaeic sources from food web pools in the C3 canopy. Lab trials revealed that prey consumption during diurnal foraging was half that consumed during nocturnal foraging. Analysis of δ13C isotopes showed incorporation of C4 carbon into litter arthropods within one month, and Bayesian mixing models estimated that 15-25% of the carbon in coqui tissue was derived from litter sources. These results support recent findings that E. coqui are not quiescent diurnally but instead actively forage. Such activity by a mobile invasive predator may introduce a novel linkage that integrates detrital and foliar resource pools, potentially distributing influences of invasive litter arthropods through the broader system to amplify impacts on native species.","https://doi.org/10.1371/journal.pone.0201883",,,,
"GA1-A-0233","People have created substitutes for some other contributions of nature, but many of them are imperfect or financially prohibitive","Agave as a model CAM crop system for a warming and drying world","As climate change leads to drier and warmer conditions in semi-arid regions, growing resource-intensive C3 and C4 crops will become more challenging. Such crops will be subjected to increased frequency and intensity of drought and heat stress. However, agaves, even more than pineapple (Ananas comosus) and prickly pear (Opuntia ficus-indica and related species), typify highly productive plants that will respond favorably to global warming, both in natural and cultivated settings. With nearly 200 species spread throughout the U.S., Mexico, and Central America, agaves have evolved traits, including crassulacean acid metabolism (CAM), that allow them to survive extreme heat and drought. Agaves have been used as sources of food, beverage, and fiber by societies for hundreds of years. The varied uses of Agave, combined with its unique adaptations to environmental stress, warrant its consideration as a model CAM crop. Besides the damaging cycles of surplus and shortage that have long beset the tequila industry, the relatively long maturation cycle of Agave, its monocarpic flowering habit, and unique morphology comprise the biggest barriers to its widespread use as a crop suitable for mechanized production. Despite these challenges, agaves exhibit potential as crops since they can be grown on marginal lands, but with more resource input than is widely assumed. If these constraints can be reconciled, Agave shows considerable promise as an alternative source for food, alternative sweeteners, and even bioenergy. And despite the many unknowns regarding agaves, they provide a means to resolve disparities in resource availability and needs between natural and human systems in semi-arid regions.","https://doi.org/10.3389/fpls.2015.00684",,,,
"GA1-A-0031","However, the consequences of changes often depend on details of the ecosystem, remain hard to predict and are still understudied.","Multi-scale assessments reveal changes in the distribution of the endangered seagrass Posidonia australis and the role of disturbances","Abstract Seagrasses are threatened globally by multiple anthropogenic disturbances, and management of these threats requires detailed information on where losses are occurring and why. Seagrass distribution is determined by processes operating at multiple scales, yet most assessments of change to seagrass extent are done at a single spatial scale. This study applied a multi-scale approach to quantify changes in the extent of the endangered seagrass Posidonia australis over the last 10–18 years using high-resolution mapping from 15 estuaries in New South Wales, Australia. Changes in P. australis extent and relationships with anthropogenic disturbances were examined at two spatial scales: across entire estuaries and at sub-estuary “local” scales within 50 × 50 m grids. Although increases in P. australis area were observed in ten estuaries, losses at local scales were prevalent in all estuaries. No disturbances correlated with seagrass change at the estuary scale; however, the greatest losses occurred in Botany Bay which is a highly modified estuary with a heavily urbanised catchment. At local scales, losses of P. australis were strongly associated with large areas of artificial structures and distance to the sea, and the greatest increases were observed in areas with marine reserves and no oyster aquaculture. These findings highlight the importance of quantifying changes in seagrass extent at multiple scales, as estuary-scale trends can mask localised losses if they are offset by increases in other parts of the estuary. Identifying hotspots of declines and the disturbances causing them are essential for applying focussed management actions to conserve seagrasses.","https://doi.org/10.1007/s00227-023-04279-0",,,,
"GA1-A-0133","Structural changes to economies are also key to shifting action over long timescales. Such changes include technological and social innovation regimes and investment frameworks that internalize environmental impacts, such as the externalities of economic activities, including by addressing environmental impacts in socially just and appropriate ways","Le tournant environnemental en Amazonie : ampleur et limites du découplage entre production et déforestation","L’Amazonie a amorcé depuis quelques années une baisse de la déforestation couplée à un développement économique. Le processus est cependant inégal. Si les grands et moyens producteurs font évoluer leurs systèmes de production vers l’intensification et la diversification dans les espaces déjà ouverts, délaissant en apparence les stratégies d’expansion, l’agriculture familiale reste à l’écart du découplage entre production et déforestation. Dans cet article, les engagements des pouvoirs publics et des filières, leurs effets en matière de déforestation et les inégalités d’adaptation sont analysés à l’échelle de l’Amazonie Légale et à celle d’une municipalité considérée comme un modèle car à l’initiative d’une démarche de Município Verde : Paragominas, en Amazonie orientale.","https://doi.org/10.4000/echogeo.15035",,,,
"GA1-A-0021","Emerging infectious diseases in wildlife, domestic animals, plants or people can be exacerbated by human activities such as land clearing and habitat fragmentation or the overuse of antibiotics driving rapid evolution of antibiotic resistance in many bacterial pathogens.","Baseline coral disease surveys within three marine parks in Sabah, Borneo","Two of the most significant threats to coral reefs worldwide are bleaching and disease. However, there has been a scarcity of research on coral disease in South-East Asia, despite the high biodiversity and the strong dependence of local communities on the reefs in the region. This study provides baseline data on coral disease frequencies within three national parks in Sabah, Borneo, which exhibit different levels of human impacts and management histories. High mean coral cover (55%) and variable disease frequency (mean 0.25 diseased colonies m(-2)) were found across the three sites. Highest disease frequency (0.44 diseased colonies per m(2)) was seen at the site closest to coastal population centres. Bleaching and pigmentation responses were actually higher at Sipadan, the more remote, offshore site, whereas none of the other coral diseases detected in the other two parks were detected in Sipadan. Results of this study offer a baseline dataset of disease in these parks and indicate the need for continued monitoring, and suggest that coral colonies in parks under higher anthropogenic stressors and with lower coral cover may be more susceptible to contracting disease.","https://doi.org/10.7717/peerj.1391",,,,
"GA1-A-0110","Nature is the origin of most infectious diseases (negative impact), but also the source of medicines and antibiotics for treatment (positive contribution)","Exploring the reality of global food insecurity and policy gaps","Although global food security (SDG2: Zero Hunger) remains a critical challenge, few studies have systematically examined how policy inefficiencies and institutional responses contribute to food insecurity outcomes. This study addresses this gap by analyzing data from 120 countries (2000–2022) via a multicriteria decision analysis framework that integrates data envelopment analysis and quadrant analysis, guided by the pressure–state–response–impact (PSRI) framework. The findings reveal critical regional differences: North America, East Asia, and Europe achieve high food security outcomes, whereas Sub-Saharan Africa and South Asia continue to face severe deficits across all dimensions. South America has demonstrated progress in availability and utilization, but struggles with access. A key issue identified is the persistent gap between policy design and implementation. High-income regions achieve strong outcomes due to effective execution, whereas low-income regions experience suboptimal results despite having formal policy frameworks. Furthermore, the multidimensional nature of food insecurity complicates problem-solving, as improvements in one area often fail to address deficiencies in others. Limited market support and weak institutions further exacerbate food insecurity in low-income regions, hindering strategy effectiveness. The study emphasizes the need to bridge the divide between policy formulation and execution, tailor strategies to specific regional contexts, and address systemic weaknesses across all dimensions of food security. These findings offer critical insights into global food security dynamics and inform more effective, equity-oriented approaches to achieving the goal of Zero Hunger.","https://doi.org/10.1057/s41599-025-05315-8",,,,
"GA1-A-0030","Many of nature's contributions to people are essential for human health.","Népszerű városi fafajok árnyékolóképességének vizsgálata Szegeden","A városi faállomány számos aspektusból kedvezően befolyásolja egy város ökológiai állapotát. Például, klímamódosító potenciálja révén a fás vegetáció pozitívan hat a városi lakosság hőérzetére és komfortérzetére. A mikroklimatikus hatások feltárása céljából végzett terepi mérések, valamint modellfuttatások is kimutatták, hogy a fák elsősorban árnyékhatásuk révén képesek enyhíteni az emberi szervezetet érő hőstressz mértékét. A napsugárzás redukciójának hatékonyságát a lombozat transzmisszivitásának (napsugárzás- áteresztőképessége) mérőszámával írhatjuk le, melynek értéke nem csupán fajonként változik, de a lombkorona évszakos változásának és egészségi állapotának is függvénye. Ebben a tanulmányban négy, magyarországi viszonyok között gyakran előforduló városi fafaj (kislevelű hárs – Tilia cordata, japánakác – Sophora japonica, nyugati ostorfa – Celtis occidentalis és fehér vadgesztenye – Aesculus hippocastanum) árnyékolóképességét vizsgáljuk. A városi fás vegetáció – közép-európai klimatikus körülmények között kifejtett – kisléptékű hatására vonatkozóan még kevés az ismeretünk, ezért munkánkkal szeretnénk elősegíteni jövőbeli, ezzel foglalkozó tanulmányok megszületését. Ebből kifolyólag nagy hangsúlyt fektetünk a kutatás módszertani alapjaira, valamint kitérünk a gyakorlati megvalósítás nehézségeire is.","https://doi.org/10.56617/tl.3637",,,,
"GA1-A-0011","Nature can help to regulate disease and the immune system.","Curcumin and Resveratrol Regulate Intestinal Bacteria and Alleviate Intestinal Inflammation in Weaned Piglets","Human infants or piglets are vulnerable to intestinal microbe-caused disorders and inflammation due to their rapidly changing gut microbiota and immaturity of their immune systems at weaning. Resveratrol and curcumin have significant anti-inflammatory, bacteria-regulating and immune-promoting effects. The purpose of this study was to investigate whether dietary supplementation with resveratrol and curcumin can change the intestinal microbiota and alleviate intestinal inflammation induced by weaning in piglets. One hundred eighty piglets weaned at 21 ± 2 d were fed a control diet (CON group) or supplemented diet (300 mg/kg of antibiotics, ANT group; 300 mg/kg of resveratrol and curcumin, respectively, HRC group; 100 mg/kg of resveratrol and curcumin, respectively, LRC group; 300 mg/kg of resveratrol, RES group; 300 mg/kg of curcumin, CUR group) for 28 days. The results showed that compared with the CON group, curcumin alone and antibiotics decreased the copy numbers of Escherichia coli. Both curcumin and resveratrol down-regulated the level of Toll-like-receptor 4 mRNA and protein expression in the intestine to inhibit the release of critical inflammation molecules (interleukin-1β, tumor necrosis factor-α), and increase the secretion of immunoglobulin. Our results suggested that curcumin and resveratrol can regulate weaned piglet gut microbiota, down-regulate the TLR4 signaling pathway, alleviate intestinal inflammation, and ultimately increase intestinal immune function.","https://doi.org/10.3390/molecules24071220",,,,
"GA1-A-0234","Nature can help to regulate disease and the immune system.","The Influence of Diet and Sex on the Gut Microbiota of Lean and Obese JCR:LA-cp Rats","There is an increased interest in the gut microbiota as it relates to health and obesity. The impact of diet and sex on the gut microbiota in conjunction with obesity also demands extensive systemic investigation. Thus, the influence of sex, diet, and flaxseed supplementation on the gut microbiota was examined in the JCR:LA-cp rat model of genetic obesity. Male and female obese rats were randomized into four groups (n = 8) to receive, for 12 weeks, either (a) control diet (Con), (b) control diet supplemented with 10% ground flaxseed (CFlax), (c) a high-fat, high sucrose (HFHS) diet, or (d) HFHS supplemented with 10% ground flaxseed (HFlax). Male and female JCR:LA-cp lean rats served as genetic controls and received similar dietary interventions. Illumine MiSeq sequencing revealed a richer microbiota in rats fed control diets rather than HFHS diets. Obese female rats had lower alpha-diversity than lean female; however, both sexes of obese and lean JCR rats differed significantly in β-diversity, as their gut microbiota was composed of different abundances of bacterial types. The feeding of an HFHS diet affected the diversity by increasing the phylum Bacteroidetes and reducing bacterial species from phylum Firmicutes. Fecal short-chain fatty acids such as acetate, propionate, and butyrate-producing bacterial species were correspondingly impacted by the HFHS diet. Flax supplementation improved the gut microbiota by decreasing the abundance of Blautia and Eubacterium dolichum. Collectively, our data show that an HFHS diet results in gut microbiota dysbiosis in a sex-dependent manner. Flaxseed supplementation to the diet had a significant impact on gut microbiota diversity under both flax control and HFHS dietary conditions.","https://doi.org/10.3390/microorganisms9051037",,,,
"GA1-A-0142","Changes towards sustainable production and consumption and towards reducing and transforming residues and waste, particularly changes in consumption among the affluent, is recognized by some individuals and communities worldwide as central to sustainable development and reducing inequalities. While actual reductions have been limited, actions already being taken at different levels can be improved, coordinated and scaled up","AI-powered virtual assistants nudging occupants for energy saving: proactive smart speakers for HVAC control","Virtual assistants powered by Artificial Intelligence (AI) and integrated into the smart home ecosystems facilitate human–building interactions. We have envisioned that the proactive virtual assistant capabilities could be designed to encourage energy conservation behaviours by relying on their nudging effect through conversational interactions, autonomous actuation and guiding users’ decision-making. To this end, we investigated how proactive virtual assistants, in a simulated smart home ecosystem, influence occupants to take energy-saving, adaptive actions for Heating, Ventilation and Air Conditioning (HVAC) operations and how participants’ personal characteristics affect their responses. Through an interactive online experiment, we collected data from 307 participants from diverse backgrounds across the United States. It was found that proactive communications with follow-up conversations can significantly increase the likelihood of accepting virtual assistance recommendations. This improvement was reflected in an increased number of participants (by 16%) who accepted energy-saving suggestions by comparing initial versus final responses during proactive conversations. Characterizing groups of participants based on their personal features and individual differences showed that user experience (with ∼30% increase), pro-environmental values/beliefs (with ∼24% to 35% increase) and forgiving thermal preferences (with ∼12% increase) had a significant influence on participants’ stated likelihood to accept virtual assistants’ recommendations and their evaluation of the general concept of proactive communication from virtual assistants.","https://doi.org/10.1080/09613218.2021.2012119",,,,
"GA1-A-0146","Nature can reduce levels of certain air pollutants","Natural ocean iron fertilization and climate variability over geological periods","Abstract Marine primary producers are largely dependent on and shape the Earth's climate, although their relationship with climate varies over space and time. The growth of phytoplankton and associated marine primary productivity in most of the modern global ocean is limited by the supply of nutrients, including the micronutrient iron. The addition of iron via episodic and frequent events drives the biological carbon pump and promotes the sequestration of atmospheric carbon dioxide (CO2) into the ocean. However, the dependence between iron and marine primary producers adaptively changes over different geological periods due to the variation in global climate and environment. In this review, we examined the role and importance of iron in modulating marine primary production during some specific geological periods, that is, the Great Oxidation Event (GOE) during the Huronian glaciation, the Snowball Earth Event during the Cryogenian, the glacial–interglacial cycles during the Pleistocene, and the period from the last glacial maximum to the late Holocene. Only the change trend of iron bioavailability and climate in the glacial–interglacial cycles is consistent with the Iron Hypothesis. During the GOE and the Snowball Earth periods, although the bioavailability of iron in the ocean and the climate changed dramatically, the changing trend of many factors contradicted the Iron Hypothesis. By detangling the relationship among marine primary productivity, iron availability and oceanic environments in different geological periods, this review can offer some new insights for evaluating the impact of ocean iron fertilization on removing CO2 from the atmosphere and regulating the climate.","https://doi.org/10.1111/gcb.16990",,,,
"GA1-A-0100","Most of nature’s contributions are not fully replaceable, yet some contributions of nature are irreplaceable","Impact of Climate Change on International Health Security: An Intersection of Complexity, Interdependence, and Urgency","Climate change (CC) can be defined as a long-term shift in global, continental, and/or local climate patterns. Although many equate CC to the rise in global temperatures, the issue is much more complicated and involves a large number of interconnected factors. Among some of the less discussed considerations of CC are its effects on a broad range of public health issues, including the emergence of novel infectious diseases, the encroachment of infectious disease vectors into previously unaffected geographic distributions, and crop failures resulting in threats of malnutrition and mass migration. This chapter will be devoted to key issues related to CC in the context of international health security (IHS).","https://doi.org/10.5772/intechopen.96713",,,,
"GA1-A-0221","However, the consequences of changes often depend on details of the ecosystem, remain hard to predict and are still understudied.","North American bird declines are driven by reductions in common species","Biodiversity loss continues to occur globally. However, the long-term dynamics of the redistribution of abundance within declining communities remain poorly resolved. We quantitatively dissected the major decline of North American bird abundance by rigorously analyzing 38,854 surveys that quantify over half a century of annual dynamics for 648 populations of 244 bird species from six regions, each encompassing 140,000 to 370,000 km 2 . Despite regional variation in geography, habitat, and species composition, a consistent pattern emerges: Biodiversity loss predominantly stems from declines in the most abundant bird species, whereas less abundant species show increases. We demonstrate that species once abundant and near their carrying capacity have declined, while less abundant species farther from their carrying capacity have increased. A path analysis identifies the key role played by anthropogenic land-use changes in causing the observed declines. Conservation efforts should place stronger emphasis on the abundance of common species as a central ecological indicator.","https://doi.org/10.1126/sciadv.adw8971",,,,
"GA1-A-0196","Inland waters and freshwater ecosystems show among the highest rates of decline. Only 13 per cent of the wetland present in 1700 remained by 2000; recent losses have been even more rapid (0.8 per cent per year from 1970 to 2008)","Impact of Land Use and Land Cover Changes on Ecosystem Services Value in Mwanza City, Tanzania","Ecosystem services are vital services that support life and are the basis for human socio-economic progress. However, changes in land use and land cover (LULC) brought about by urban expansion degrade them. Thus, analysing the impact of land use and land cover (LULC) change on ecosystem service values (ESVs) is crucial for understanding and informing resource policy decisions. This study aims to analyse the impact of land use and land cover changes on ecosystem service values in Mwanza City, Tanzania. To achieve that, the benefits transfer approach was employed to analyse the changes in ESV in response to LULC. We estimated and analysed changes in ESV using satellite image datasets from 1999, 2009, and 2019. The LULC classes that were identified are vegetated land, agricultural land, waterbodies, built-up area, and bareland. The results exhibit that Mwanza City experienced significant LULC changes. While vegetated land, agricultural land, and bareland decreased by 49%, 15%, and 36%, respectively, the built-up area and water bodies increased by 568% and 48%, respectively, during the two decades. The total ESV decreased from 31.35 million US dollars to 26.3 million US dollars between 1999 and 2009 and to 23.96 million US dollars between 2009 and 2019. The waterbodies increased due to the increased volume of water in streams that expanded the floodplains, which resulted from surface runoff attributed to increased paved surfaces as more land was converted into a built-up environment upstream. The built-up area and bareland contributed nothing to ESV. However, the built-up area was the driving force behind the reduction of ESV in other LULC classes, as it was encroaching on them. The study concludes that the decrease in ESV reflects the degradation of ecosystem services due to the change in LULC. Hence, it is recommended that sustainable management of ecosystems be adhered for the proper functioning of the earth’s life-support system.","https://doi.org/10.9734/ajee/2024/v23i5545",,,,
"GA1-A-0201","Many of nature's contributions to people are essential for human health and their decline thus threatens a good quality of life.","Delivering Perennial New and Orphan Crops for Resilient and Nutritious Farming Systems","Supporting the diversification of African agricultural systems by the further integration of nutritious, perennial ‘new and orphan crops’ (NOC) is seen as an important means to address malnutrition in Africa. The approach may be of particular relevance in the context of climate change, with the diversification of food systems possibly supporting more resilient food provision in the face of more variable weather patterns. Here, we relate how perennial NOC can support dietary diversity at a subnational level within a seasonal context based on crop portfolios. We also explore the resilience of the production of perennial crops, based on year-on-year crop yield data for eastern and southern African countries provided by the Food and Agriculture Organization Corporate Statistical Database (FAOSTAT). These analyses support the role of perennial NOC in creating resilient food systems and indicate a potential for compensatory annual–perennial crop combinations, although further research is needed on this point. Making use of FAOSTAT country-level trend data, we also relate constraints and potential opportunities for perennial food crop production. We then explain how NOC are currently being promoted in the region, with specific reference to the work of the African Orphan Crops Consortium and its breeder-training programme. We discuss the challenges faced in delivering perennial NOC planting material to farmers, which are exacerbated by climate change, and the measures that are being taken to overhaul delivery systems.","https://doi.org/10.1007/978-3-319-92798-5_10",,,,
"GA1-A-0141","Nature can help to regulate disease and the immune system.","Chronic Inflammation in the Epidermis: A Mathematical Model","The epidermal tissue is the outmost component of the skin that plays an important role as a first barrier system in preventing the invasion of various environmental agents, such as bacteria. Recent studies have identified the importance of microbial competition between harmful and beneficial bacteria and the diversity of the skin surface on our health. We develop mathematical models (M1 and M2 models) for the inflammation process using ordinary differential equations and delay differential equations. In this paper, we study microbial community dynamics via transcription factors, protease and extracellular cytokines. We investigate possible mechanisms to induce community composition shift and analyze the vigorous competition dynamics between harmful and beneficial bacteria through immune activities. We found that the activation of proteases from the transcription factor within a cell plays a significant role in the regulation of bacterial persistence in the M1 model. The competition model (M2) predicts that different cytokine clearance levels may lead to a harmful bacteria persisting system, a bad bacteria-free state and the co-existence of harmful and good bacterial populations in Type I dynamics, while a bi-stable system without co-existence is illustrated in the Type II dynamics. This illustrates a possible phenotypic switch among harmful and good bacterial populations in a microenvironment. We also found that large time delays in the activation of immune responses on the dynamics of those bacterial populations lead to the onset of oscillations in harmful bacteria and immune activities. The mathematical model suggests possible annihilation of time-delay-driven oscillations by therapeutic drugs.","https://doi.org/10.3390/app6090252",,,,
"GA1-A-0063","Nature can improve mental and physical health through exposure to natural areas.","Urban Tree Canopy and Asthma, Wheeze, Rhinitis, and Allergic Sensitization to Tree Pollen in a New York City Birth Cohort","BACKGROUND: Urban landscape elements, particularly trees, have the potential to affect airflow, air quality, and production of aeroallergens. Several large-scale urban tree planting projects have sought to promote respiratory health, yet evidence linking tree cover to human health is limited. OBJECTIVES: We sought to investigate the association of tree canopy cover with subsequent development of childhood asthma, wheeze, rhinitis, and allergic sensitization. METHODS: Birth cohort study data were linked to detailed geographic information systems data characterizing 2001 tree canopy coverage based on LiDAR (light detection and ranging) and multispectral imagery within 0.25 km of the prenatal address. A total of 549 Dominican or African-American children born in 1998-2006 had outcome data assessed by validated questionnaire or based on IgE antibody response to specific allergens, including a tree pollen mix. RESULTS: Tree canopy coverage did not significantly predict outcomes at 5 years of age, but was positively associated with asthma and allergic sensitization at 7 years. Adjusted risk ratios (RRs) per standard deviation of tree canopy coverage were 1.17 for asthma (95% CI: 1.02, 1.33), 1.20 for any specific allergic sensitization (95% CI: 1.05, 1.37), and 1.43 for tree pollen allergic sensitization (95% CI: 1.19, 1.72). CONCLUSIONS: Results did not support the hypothesized protective association of urban tree canopy coverage with asthma or allergy-related outcomes. Tree canopy cover near the prenatal address was associated with higher prevalence of allergic sensitization to tree pollen. Information was not available on sensitization to specific tree species or individual pollen exposures, and results may not be generalizable to other populations or geographic areas.","https://doi.org/10.1289/ehp.1205513",,,,
"GA1-A-0001","Nature can help to regulate disease and the immune system.","Gut-Microbiota-Derived Metabolites Maintain Gut and Systemic Immune Homeostasis","The gut microbiota, including bacteria, archaea, fungi, viruses and phages, inhabits the gastrointestinal tract. This commensal microbiota can contribute to the regulation of host immune response and homeostasis. Alterations of the gut microbiota have been found in many immune-related diseases. The metabolites generated by specific microorganisms in the gut microbiota, such as short-chain fatty acids (SCFAs), tryptophan (Trp) and bile acid (BA) metabolites, not only affect genetic and epigenetic regulation but also impact metabolism in the immune cells, including immunosuppressive and inflammatory cells. The immunosuppressive cells (such as tolerogenic macrophages (tMacs), tolerogenic dendritic cells (tDCs), myeloid-derived suppressive cells (MDSCs), regulatory T cells (Tregs), regulatory B cells (Breg) and innate lymphocytes (ILCs)) and inflammatory cells (such as inflammatory Macs (iMacs), DCs, CD4 T helper (Th)1, CD4Th2, Th17, natural killer (NK) T cells, NK cells and neutrophils) can express different receptors for SCFAs, Trp and BA metabolites from different microorganisms. Activation of these receptors not only promotes the differentiation and function of immunosuppressive cells but also inhibits inflammatory cells, causing the reprogramming of the local and systemic immune system to maintain the homeostasis of the individuals. We here will summarize the recent advances in understanding the metabolism of SCFAs, Trp and BA in the gut microbiota and the effects of SCFAs, Trp and BA metabolites on gut and systemic immune homeostasis, especially on the differentiation and functions of the immune cells.","https://doi.org/10.3390/cells12050793",,,,
"GA1-A-0195","Biodiversity and nature's regulating contributions to people are projected to decline further in most scenarios of global change over the coming decades, while the supply and demand for nature's material contributions to people that have current market value (food, feed, timber and bioenergy) are projected to increase.","An integrated modeling approach for considering wildlife reintroduction in the face of climate uncertainty: A case for the North Cascades grizzly bear","As Earth faces a crisis of biodiversity loss, reintroduction of imperiled species has become an important tool toward mitigating extirpation. Current habitat quality for a reintroduced species may change dramatically under future climate scenarios, undermining or supporting species conservation efforts. Models designed to understand such change must consider the niche plasticity of a species to assess the costs and benefits of reintroduction. We integrated spatially-explicit individual-based population models with a dynamic vegetation model, using combinations of global climate models and greenhouse gas scenarios to better understand potential future carrying capacity for grizzly bears in the North Cascades Ecosystem (NCE). We estimated the ecosystem could support a grizzly bear population under several climate change scenarios through the 2080s, with the amount of high quality habitat increasing across all models, scenarios, and time periods, as compared to current conditions. Projected future habitat quality remained consistent or increased slightly along the eastern portion of the ecosystem, and increased along its central and western portions, for a net increase in high quality habitat through time. At the most plausible female home range size of 280 km2, we estimated carrying capacity would increase from a baseline of 139 female bears to 241–289 female bears. Estimated changes in habitat over time could increase grizzly bear density to 20–22 bears/1000 km2 (males and females) from the previous estimate of 17 bears/1000 km2. Species with broad ecological niches (i.e., generalists), such as grizzly bears, may be especially good candidates for reintroduction efforts in some ecosystems. Our integrated model structure provides an innovative tool for advancing reintroduction initiatives while considering some long-term risks for species.","https://doi.org/10.1016/j.biocon.2023.109947",,,,
"GA1-A-0024","Many of nature's contributions to people are essential for human health.","Urban Trees and Human Health: A Scoping Review","The urban forest is a green infrastructure system that delivers multiple environmental, economic, social and health services, and functions in cities. Environmental benefits of urban trees are well understood, but no review to date has examined how urban trees affect human health. This review provides a comprehensive summary of existing literature on the health impacts of urban trees that can inform future research, policy, and nature-based public health interventions. A systematic search used keywords representing human health, environmental health, and urban forestry. Following screening and appraisal of several thousand articles, 201 studies were conceptually sorted into a three-part framework. Reducing Harm, representing 41% of studies, includes topics such as air pollution, ultraviolet radiation, heat exposure, and pollen. Restoring Capacities, at 31%, includes attention restoration, mental health, stress reduction, and clinical outcomes. Building Capacities, at 28%, includes topics such as birth outcomes, active living, and weight status. The studies that were reviewed show substantial heterogeneity in purpose and method yet indicate important health outcomes associated with people's exposure to trees. This review will help inform future research and practice, and demonstrates why urban forest planning and management should strategically promote trees as a social determinant of public health.","https://doi.org/10.3390/ijerph17124371",,,,
"GA1-A-0079","Many organisms show ongoing biological evolution so rapid that it is detectable within only a few years or even more quickly – in response to anthropogenic drivers","Decades of historical outbreak cycles in a multivoltine insect reveal a plastic phenological response to climate change","Many organisms overwinter in a specific life stage, which means their phenology must be well-timed with seasonal changes in the environment. As environments warm, we expect a delay in the onset of winter. For organisms where temperature is the primary driver of development rate, warming environments also mean faster development. If temperature dependence in the development rate of individuals does not also change, this will cause a mismatch between the seasonal timing of the critical overwintering stage and the onset of winter. There are two biological mechanisms by which ectotherms can adjust their phenology in the face of climate change to maintain correct timing: (1) organisms undergo evolution of the development thermal reaction norm and (2) organisms have a plastic response in their development to multiple environmental cues. Here, we use high-resolution records of densities of the smaller tea tortrix (Adoxophyes honmai) over multiple decades across nine locations in Japan to infer temperature-dependent changes in development rates over both time and space. The pest insect displays regular single-generation limit cycles, which provides a unique opportunity to infer changes in developmental rates directly from historical records of natural populations. The last half century has seen a temperature increase of about 1°C across Japan, and our analyses show that populations slowed development on average by 16% to maintain the correct timing of the overwintering stage. Development rates measured from common garden experiments reveal that the change is not due to evolution. Our results build on recent laboratory studies to suggest that there is substantial plasticity in developmental thermal reaction norms that may explain how the phenology of ectotherms could respond to climate warming in natural systems.","https://doi.org/10.1002/ecy.70149",,,,
"GA1-A-0026","Indigenous peoples and local communities have often managed their landscapes and seascapes in ways that were adjusted to local conditions over generations. These management methods often remain compatible with or actively support biodiversity conservation by ""accompanying"" natural processes with anthropogenic assets.","Connecting cultural landscapes to resilience","Two views on values and changes of cultural landscapes First-time visitors are fascinated by the traditional dehesa landscapes of Extremadura, the remote southwestern part of Spain (Figure 1.1). Gently rolling hills provide spectacular views of seemingly endless and undisturbed landscapes and wildlife. Globally threatened bird and mammal species such as the Spanish imperial eagle or the Iberian lynx strive over and through this landscape. Shepherds guide their flocks from winter to summer pastures, following historic routes of transhumance often over hundreds of kilometres. Local landraces of sheep, cattle and pigs; scenic stone walls; historic farm estates; ancient oak trees and other traditional landscape elements remind Northern Europeans and Americans of the losses in values that their native landscapes have suffered. All this is not a natural landscape feature, but the result of a ‘10 000 years love story’ between man and nature, as Blondel (2006) notes. The dehesa, which combines livestock husbandry, crop cultivation and management of Holm oaks and Cork oaks in an agroforestry system, is perfectly adapted to the local resource constraints imposed by the rough environmental conditions of a dry Mediterranean climate and shallow, acidic and nutrient-poor soils. Dehesas are described as the material expression of people having shaped their local landscapes in a sustainable way. It is hardly surprising that the dehesa landscape has become the embodiment of a traditional cultural landscape of high nature value in conservation policy and practice, but also in the general public.","https://doi.org/10.1017/cbo9781139107778.003",,,,
"GA1-A-0113","Industrial fishing covers at least 55 per cent of the oceans, largely concentrated in the northeast Atlantic, the northwest Pacific and upwelling regions off South America and West Africa.","Control mechanisms and ecosystem‐based management of fishery production","Abstract Fishery ecosystems are complex and influenced by various drivers that operate and interact at different levels and over multiple scales. Here, we propose a holistic methodology to determine the key mechanisms of fisheries, trophodynamics, and environmental drivers of marine ecosystems, using a multilevel model fitted to data on global catch, effort, trophic level, primary production, and temperature for 130 ecosystems from 1950 to 2012. The model describes the spatial‐temporal dynamics of world fisheries very well with a pseudo R2 = 0.75 and estimates the effects of key drivers of fishery production. The results demonstrate the integrative operation of bottom‐up and top‐down regulated trophic interactions at the global level and great variations in their relative importance among different types of ecosystem. The estimation of key drivers’ effects on marine ecosystems provides practical mechanisms for informed ecosystem‐based fisheries management to achieve the sustainable objectives that are consistent with the needs of specific fisheries.","https://doi.org/10.1111/faf.12321",,,,
"GA1-A-0027","Those include introducing and improving standards, systems and relevant regulations aimed at internalizing the external costs of production, extraction and consumption (such as pricing wasteful or polluting practices, including through penalties); promoting resource efficiency and circular and other economic models; voluntary environmental and social certification of market chains; and incentives that promote sustainable practices and innovation. Importantly, they also involve a change in the definition of what a good quality of life entails – decoupling the idea of a good and meaningful life from ever-increasing material consumption. All those approaches are more effective when they are mutually reinforcing. Actions that help to voluntarily unleash existing social values of responsibility in the form of individual, collective and organizational actions towards sustainability can have a powerful and lasting effect in shifting behaviour and cultivating stewardship as a normal social practice","Participatory development of incentives to coexist with jaguars and pumas","Reducing costs and increasing benefits for rural communities coexisting with large carnivores is necessary for conservation of jaguar (Panthera onca) and puma (Puma concolor). To design acceptable incentives, stakeholders must be involved in the process. We conducted an innovative, structured, group communication process based on a Delphi technique as a template for identifying potential incentives. Community workshops with 133 members of 7 communities and surveys with 25 multidisciplinary experts from government, nongovernmental organizations, and academia provided iterative data to design a plan of incentives through 4 rounds of discussion. The final product integrated 862 ideas into 6 types of incentives: organization of communities, mechanisms for improved dialogue, citizen technical assistance, green labeling for community products, payment for the ecosystem service of biodiversity, and an assessment of financial alternatives. We used quantitative and qualitative techniques to indicate support for decisions about the design of incentives, which reduced researcher subjectivity. The diverse incentives developed and the cooperation from multiple stakeholders resulted in an incentive plan that integrated issues of governance, equity, and social norms.","https://doi.org/10.1111/cobi.13082",,,,
"GA1-A-0032","Many of nature's contributions to people are essential for human health.","Lysozyme improves gut performance and protects against enterotoxigenic Escherichia coli infection in neonatal piglets","Diarrhea remains one of the leading causes of morbidity and mortality globally, with enterotoxigenic Escherichia coli (ETEC) constituting a major causative pathogen. The development of alternative treatments for diarrhea that do not involve chemotherapeutic drugs or result in antibiotic resistance is critical. Considering that lysozyme is a naturally occurring antimicrobial peptide, in a previous study we developed a transgenic pig line that expresses recombinant human lysozyme (hLZ) in its milk. In the present study, we examined the protective effects of the consumption of this milk against ETEC infection in neonatal piglets. We found that consuming hLZ milk facilitated faster recovery from infection and decreased mortality and morbidity following an ETEC oral inoculation or infection acquired by contact-exposure. The protective effect of hLZ was associated with the enrichment of intestinal bacteria that improve gut health, such as Lactobacillus, and the enhancement of the mucosal IgA response to the ETEC-induced diarrhea. Our study revealed potential protective mechanisms underlying the antimicrobial activity of human lysozyme, validating the use of lysozyme as an effective preventive measure for diarrhea.","https://doi.org/10.1186/s13567-018-0511-4",,,,
